tDate,Man,Female,BetweenAge0_9,BetweenAge10_19,BetweenAge20_29,BetweenAge30_39,BetweenAge40_49,BetweenAge50_59,BetweenAge60_69,BetweenAge70_79,BetweenAge80_89,BetweenAge90_99,BetweenAge100,Man_BetweenAge0_9,Man_BetweenAge10_19,Man_BetweenAge20_29,Man_BetweenAge30_39,Man_BetweenAge40_49,Man_BetweenAge50_59,Man_BetweenAge60_69,Man_BetweenAge70_79,Man_BetweenAge80_89,Man_BetweenAge90_99,Man_BetweenAge100,Female_BetweenAge0_9,Female_BetweenAge10_19,Female_BetweenAge20_29,Female_BetweenAge30_39,Female_BetweenAge40_49,Female_BetweenAge50_59,Female_BetweenAge60_69,Female_BetweenAge70_79,Female_BetweenAge80_89,Female_BetweenAge90_99,Female_BetweenAge100
2020-01-20,0,1,0,0,0,1,0,0,0,0,0,0,0,0,0,0,0,1,0,0,0,0,0,0,0,0,0,1,0,0,0,0,0,0,0
2020-01-21,0,0,0,0,0,0,0,0,0,0,0,0,0,0,0,0,0,0,0,0,0,0,0,0,0,0,0,0,0,0,0,0,0,0,0
2020-01-22,0,0,0,0,0,0,0,0,0,0,0,0,0,0,0,0,0,0,0,0,0,0,0,0,0,0,0,0,0,0,0,0,0,0,0
2020-01-23,0,0,0,0,0,0,0,0,0,0,0,0,0,0,0,0,0,0,0,0,0,0,0,0,0,0,0,0,0,0,0,0,0,0,0
2020-01-24,0,0,0,0,0,0,0,0,0,0,0,0,0,0,0,0,0,0,0,0,0,0,0,0,0,0,0,0,0,0,0,0,0,0,0
2020-01-25,0,0,0,0,0,0,0,0,0,0,0,0,0,0,0,0,0,0,0,0,0,0,0,0,0,0,0,0,0,0,0,0,0,0,0
2020-01-26,0,0,0,0,0,0,0,0,0,0,0,0,0,0,0,0,0,0,0,0,0,0,0,0,0,0,0,0,0,0,0,0,0,0,0
2020-01-27,0,0,0,0,0,0,0,0,0,0,0,0,0,0,0,0,0,0,0,0,0,0,0,0,0,0,0,0,0,0,0,0,0,0,0
2020-01-28,0,0,0,0,0,0,0,0,0,0,0,0,0,0,0,0,0,0,0,0,0,0,0,0,0,0,0,0,0,0,0,0,0,0,0
2020-01-29,0,0,0,0,0,0,0,0,0,0,0,0,0,0,0,0,0,0,0,0,0,0,0,0,0,0,0,0,0,0,0,0,0,0,0
2020-01-30,0,0,0,0,0,0,0,0,0,0,0,0,0,0,0,0,0,0,0,0,0,0,0,0,0,0,0,0,0,0,0,0,0,0,0
2020-01-31,0,0,0,0,0,0,0,0,0,0,0,0,0,0,0,0,0,0,0,0,0,0,0,0,0,0,0,0,0,0,0,0,0,0,0
2020-02-01,0,0,0,0,0,0,0,0,0,0,0,0,0,0,0,0,0,0,0,0,0,0,0,0,0,0,0,0,0,0,0,0,0,0,0
2020-02-02,0,0,0,0,0,0,0,0,0,0,0,0,0,0,0,0,0,0,0,0,0,0,0,0,0,0,0,0,0,0,0,0,0,0,0
2020-02-03,0,0,0,0,0,0,0,0,0,0,0,0,0,0,0,0,0,0,0,0,0,0,0,0,0,0,0,0,0,0,0,0,0,0,0
2020-02-04,0,0,0,0,0,0,0,0,0,0,0,0,0,0,0,0,0,0,0,0,0,0,0,0,0,0,0,0,0,0,0,0,0,0,0
2020-02-05,0,0,0,0,0,0,0,0,0,0,0,0,0,0,0,0,0,0,0,0,0,0,0,0,0,0,0,0,0,0,0,0,0,0,0
2020-02-06,0,0,0,0,0,0,0,0,0,0,0,0,0,0,0,0,0,0,0,0,0,0,0,0,0,0,0,0,0,0,0,0,0,0,0
2020-02-07,0,0,0,0,0,0,0,0,0,0,0,0,0,0,0,0,0,0,0,0,0,0,0,0,0,0,0,0,0,0,0,0,0,0,0
2020-02-08,0,0,0,0,0,0,0,0,0,0,0,0,0,0,0,0,0,0,0,0,0,0,0,0,0,0,0,0,0,0,0,0,0,0,0
2020-02-09,0,0,0,0,0,0,0,0,0,0,0,0,0,0,0,0,0,0,0,0,0,0,0,0,0,0,0,0,0,0,0,0,0,0,0
2020-02-10,0,0,0,0,0,0,0,0,0,0,0,0,0,0,0,0,0,0,0,0,0,0,0,0,0,0,0,0,0,0,0,0,0,0,0
2020-02-11,0,0,0,0,0,0,0,0,0,0,0,0,0,0,0,0,0,0,0,0,0,0,0,0,0,0,0,0,0,0,0,0,0,0,0
2020-02-12,0,0,0,0,0,0,0,0,0,0,0,0,0,0,0,0,0,0,0,0,0,0,0,0,0,0,0,0,0,0,0,0,0,0,0
2020-02-13,0,0,0,0,0,0,0,0,0,0,0,0,0,0,0,0,0,0,0,0,0,0,0,0,0,0,0,0,0,0,0,0,0,0,0
2020-02-14,0,0,0,0,0,0,0,0,0,0,0,0,0,0,0,0,0,0,0,0,0,0,0,0,0,0,0,0,0,0,0,0,0,0,0
2020-02-15,0,0,0,0,0,0,0,0,0,0,0,0,0,0,0,0,0,0,0,0,0,0,0,0,0,0,0,0,0,0,0,0,0,0,0
2020-02-16,1,1,0,0,0,0,0,0,1,0,1,0,0,0,0,0,0,0,0,0,1,0,0,0,0,0,0,0,0,0,1,0,0,0,0
2020-02-17,0,0,0,0,0,0,0,0,0,0,0,0,0,0,0,0,0,0,0,0,0,0,0,0,0,0,0,0,0,0,0,0,0,0,0
2020-02-18,0,0,0,0,0,0,0,0,0,0,0,0,0,0,0,0,0,0,0,0,0,0,0,0,0,0,0,0,0,0,0,0,0,0,0
2020-02-19,4,1,0,0,0,0,0,4,0,1,0,0,0,0,0,0,0,0,0,1,0,0,0,0,0,0,0,0,0,1,0,0,0,0,0
2020-02-20,1,0,0,0,0,0,1,0,0,0,0,0,0,0,0,0,0,0,0,0,0,0,0,0,0,0,0,0,0,0,0,0,0,0,0
2020-02-21,4,0,0,0,0,0,0,1,1,2,0,0,0,0,0,0,0,0,0,0,0,0,0,0,0,0,0,0,0,0,0,0,0,0,0
2020-02-22,6,6,0,0,1,0,0,3,6,2,0,0,0,0,0,0,1,0,0,2,1,2,0,0,0,0,1,0,0,2,1,2,0,0,0
2020-02-23,2,0,0,0,0,0,0,0,1,0,1,0,0,0,0,0,0,0,0,0,0,0,0,0,0,0,0,0,0,0,0,0,0,0,0
2020-02-24,1,4,0,0,0,0,0,3,1,1,0,0,0,0,0,0,0,0,0,3,0,1,0,0,0,0,0,0,0,3,0,1,0,0,0
2020-02-25,1,2,0,0,0,0,0,1,1,1,0,0,0,0,0,0,0,0,0,1,0,1,0,0,0,0,0,0,0,1,0,1,0,0,0
2020-02-26,2,1,0,0,0,0,0,1,1,1,0,0,0,0,0,0,0,0,0,1,0,0,0,0,0,0,0,0,0,1,0,0,0,0,0
2020-02-27,5,3,0,0,0,0,0,0,5,3,0,0,0,0,0,0,0,0,0,0,2,1,0,0,0,0,0,0,0,0,2,1,0,0,0
2020-02-28,4,4,0,0,0,0,0,2,2,1,3,0,0,0,0,0,0,0,0,0,1,1,2,0,0,0,0,0,0,0,1,1,2,0,0
2020-02-29,12,8,0,0,0,0,0,3,7,5,5,0,0,0,0,0,0,0,0,2,0,2,4,0,0,0,0,0,0,2,0,2,4,0,0
2020-03-01,4,1,0,0,0,0,0,1,2,2,0,0,0,0,0,0,0,0,0,0,0,1,0,0,0,0,0,0,0,0,0,1,0,0,0
2020-03-02,5,6,0,0,0,0,0,2,1,4,3,1,0,0,0,0,0,0,0,1,0,3,2,0,0,0,0,0,0,1,0,3,2,0,0
2020-03-03,4,3,0,0,0,0,0,0,3,4,0,0,0,0,0,0,0,0,0,0,0,3,0,0,0,0,0,0,0,0,0,3,0,0,0
2020-03-04,3,1,0,0,0,1,0,0,1,2,0,0,0,0,0,0,0,1,0,0,0,0,0,0,0,0,0,1,0,0,0,0,0,0,0
2020-03-05,6,4,0,0,1,0,1,0,4,3,0,1,0,0,0,0,0,0,0,0,2,1,0,1,0,0,0,0,0,0,2,1,0,1,0
2020-03-06,5,4,0,0,0,0,0,0,2,4,3,0,0,0,0,0,0,0,0,0,1,2,1,0,0,0,0,0,0,0,1,2,1,0,0
2020-03-07,5,3,0,0,0,0,0,1,2,3,2,0,0,0,0,0,0,0,0,0,1,1,1,0,0,0,0,0,0,0,1,1,1,0,0
2020-03-08,6,3,0,0,0,0,2,1,0,3,2,1,0,0,0,0,0,0,0,0,0,2,1,0,0,0,0,0,0,0,0,2,1,0,0
2020-03-09,2,3,0,0,0,0,0,0,1,2,2,0,0,0,0,0,0,0,0,0,0,1,2,0,0,0,0,0,0,0,0,1,2,0,0
2020-03-10,2,0,0,0,0,0,0,1,0,1,0,0,0,0,0,0,0,0,0,0,0,0,0,0,0,0,0,0,0,0,0,0,0,0,0
2020-03-11,8,2,0,0,1,0,0,0,2,3,4,0,0,0,0,0,1,0,0,0,0,1,0,0,0,0,1,0,0,0,0,1,0,0,0
2020-03-12,3,1,0,0,0,0,0,0,2,2,0,0,0,0,0,0,0,0,0,0,0,1,0,0,0,0,0,0,0,0,0,1,0,0,0
2020-03-13,1,0,0,0,0,0,0,0,1,0,0,0,0,0,0,0,0,0,0,0,0,0,0,0,0,0,0,0,0,0,0,0,0,0,0
2020-03-14,1,0,0,0,0,0,0,0,0,0,1,0,0,0,0,0,0,0,0,0,0,0,0,0,0,0,0,0,0,0,0,0,0,0,0
2020-03-15,1,0,0,0,0,0,0,0,0,1,0,0,0,0,0,0,0,0,0,0,0,0,0,0,0,0,0,0,0,0,0,0,0,0,0
2020-03-16,2,3,0,0,0,0,0,1,1,1,2,0,0,0,0,0,0,0,0,1,0,0,2,0,0,0,0,0,0,1,0,0,2,0,0
2020-03-17,2,3,0,0,0,0,1,0,1,1,2,0,0,0,0,0,0,0,1,0,0,0,2,0,0,0,0,0,1,0,0,0,2,0,0
2020-03-18,0,3,0,0,0,0,0,0,0,0,3,0,0,0,0,0,0,0,0,0,0,0,3,0,0,0,0,0,0,0,0,0,3,0,0
2020-03-19,3,8,0,0,0,0,0,1,1,2,6,1,0,0,0,0,0,0,0,1,1,1,4,1,0,0,0,0,0,1,1,1,4,1,0
2020-03-20,3,0,0,0,0,0,1,1,1,0,0,0,0,0,0,0,0,0,0,0,0,0,0,0,0,0,0,0,0,0,0,0,0,0,0
2020-03-21,1,3,0,0,0,0,1,0,0,1,1,1,0,0,0,0,0,0,0,0,0,1,1,1,0,0,0,0,0,0,0,1,1,1,0
2020-03-22,1,4,0,0,0,0,0,0,1,1,1,2,0,0,0,0,0,0,0,0,0,1,1,2,0,0,0,0,0,0,0,1,1,2,0
2020-03-23,0,1,0,0,0,0,0,0,0,1,0,0,0,0,0,0,0,0,0,0,0,1,0,0,0,0,0,0,0,0,0,1,0,0,0
2020-03-24,0,1,0,0,0,0,0,1,0,0,0,0,0,0,0,0,0,0,0,1,0,0,0,0,0,0,0,0,0,1,0,0,0,0,0
2020-03-25,3,0,0,0,0,1,0,0,1,0,0,1,0,0,0,0,0,0,0,0,0,0,0,0,0,0,0,0,0,0,0,0,0,0,0
2020-03-26,1,0,0,0,0,0,0,0,0,1,0,0,0,0,0,0,0,0,0,0,0,0,0,0,0,0,0,0,0,0,0,0,0,0,0
2020-03-27,1,2,0,0,0,0,0,0,0,1,2,0,0,0,0,0,0,0,0,0,0,1,1,0,0,0,0,0,0,0,0,1,1,0,0
2020-03-28,3,1,0,0,0,0,0,2,2,0,0,0,0,0,0,0,0,0,0,1,0,0,0,0,0,0,0,0,0,1,0,0,0,0,0
2020-03-29,2,0,0,0,0,0,0,0,1,1,0,0,0,0,0,0,0,0,0,0,0,0,0,0,0,0,0,0,0,0,0,0,0,0,0
2020-03-30,0,0,0,0,0,0,0,0,0,0,0,0,0,0,0,0,0,0,0,0,0,0,0,0,0,0,0,0,0,0,0,0,0,0,0
2020-03-31,2,1,0,0,0,0,0,1,1,1,0,0,0,0,0,0,0,0,0,1,0,0,0,0,0,0,0,0,0,1,0,0,0,0,0
2020-04-01,1,3,0,0,0,0,0,0,1,1,0,2,0,0,0,0,0,0,0,0,0,1,0,2,0,0,0,0,0,0,0,1,0,2,0
2020-04-02,1,1,0,0,0,0,0,0,1,0,1,0,0,0,0,0,0,0,0,0,1,0,0,0,0,0,0,0,0,0,1,0,0,0,0
2020-04-03,2,1,0,0,0,0,0,0,2,1,0,0,0,0,0,0,0,0,0,0,0,1,0,0,0,0,0,0,0,0,0,1,0,0,0
2020-04-04,1,2,0,0,1,0,0,0,0,2,0,0,0,0,0,0,0,0,0,0,0,2,0,0,0,0,0,0,0,0,0,2,0,0,0
2020-04-05,0,0,0,0,0,0,0,0,0,0,0,0,0,0,0,0,0,0,0,0,0,0,0,0,0,0,0,0,0,0,0,0,0,0,0
2020-04-06,1,1,0,0,0,0,0,0,0,1,0,1,0,0,0,0,0,0,0,0,0,0,0,1,0,0,0,0,0,0,0,0,0,1,0
2020-04-07,2,0,0,0,0,0,0,0,1,1,0,0,0,0,0,0,0,0,0,0,0,0,0,0,0,0,0,0,0,0,0,0,0,0,0
2020-04-08,2,0,0,0,0,0,0,0,0,1,1,0,0,0,0,0,0,0,0,0,0,0,0,0,0,0,0,0,0,0,0,0,0,0,0
2020-04-09,0,1,0,0,0,0,0,0,0,0,1,0,0,0,0,0,0,0,0,0,0,0,1,0,0,0,0,0,0,0,0,0,1,0,0
2020-04-10,0,0,0,0,0,0,0,0,0,0,0,0,0,0,0,0,0,0,0,0,0,0,0,0,0,0,0,0,0,0,0,0,0,0,0
2020-04-11,0,1,0,0,0,0,0,0,0,0,1,0,0,0,0,0,0,0,0,0,0,0,1,0,0,0,0,0,0,0,0,0,1,0,0
2020-04-12,1,0,0,0,0,0,0,1,0,0,0,0,0,0,0,0,0,0,0,0,0,0,0,0,0,0,0,0,0,0,0,0,0,0,0
2020-04-13,1,1,0,0,0,0,0,0,1,0,1,0,0,0,0,0,0,0,0,0,0,0,1,0,0,0,0,0,0,0,0,0,1,0,0
2020-04-14,0,0,0,0,0,0,0,0,0,0,0,0,0,0,0,0,0,0,0,0,0,0,0,0,0,0,0,0,0,0,0,0,0,0,0
2020-04-15,0,0,0,0,0,0,0,0,0,0,0,0,0,0,0,0,0,0,0,0,0,0,0,0,0,0,0,0,0,0,0,0,0,0,0
2020-04-16,0,0,0,0,0,0,0,0,0,0,0,0,0,0,0,0,0,0,0,0,0,0,0,0,0,0,0,0,0,0,0,0,0,0,0
2020-04-17,0,0,0,0,0,0,0,0,0,0,0,0,0,0,0,0,0,0,0,0,0,0,0,0,0,0,0,0,0,0,0,0,0,0,0
2020-04-18,0,0,0,0,0,0,0,0,0,0,0,0,0,0,0,0,0,0,0,0,0,0,0,0,0,0,0,0,0,0,0,0,0,0,0
2020-04-19,1,0,0,0,0,0,0,1,0,0,0,0,0,0,0,0,0,0,0,0,0,0,0,0,0,0,0,0,0,0,0,0,0,0,0
2020-04-20,0,0,0,0,0,0,0,0,0,0,0,0,0,0,0,0,0,0,0,0,0,0,0,0,0,0,0,0,0,0,0,0,0,0,0
2020-04-21,0,0,0,0,0,0,0,0,0,0,0,0,0,0,0,0,0,0,0,0,0,0,0,0,0,0,0,0,0,0,0,0,0,0,0
2020-04-22,0,0,0,0,0,0,0,0,0,0,0,0,0,0,0,0,0,0,0,0,0,0,0,0,0,0,0,0,0,0,0,0,0,0,0
2020-04-23,0,0,0,0,0,0,0,0,0,0,0,0,0,0,0,0,0,0,0,0,0,0,0,0,0,0,0,0,0,0,0,0,0,0,0
2020-04-24,0,0,0,0,0,0,0,0,0,0,0,0,0,0,0,0,0,0,0,0,0,0,0,0,0,0,0,0,0,0,0,0,0,0,0
2020-04-25,0,0,0,0,0,0,0,0,0,0,0,0,0,0,0,0,0,0,0,0,0,0,0,0,0,0,0,0,0,0,0,0,0,0,0
2020-04-26,0,0,0,0,0,0,0,0,0,0,0,0,0,0,0,0,0,0,0,0,0,0,0,0,0,0,0,0,0,0,0,0,0,0,0
2020-04-27,0,0,0,0,0,0,0,0,0,0,0,0,0,0,0,0,0,0,0,0,0,0,0,0,0,0,0,0,0,0,0,0,0,0,0
2020-04-28,0,0,0,0,0,0,0,0,0,0,0,0,0,0,0,0,0,0,0,0,0,0,0,0,0,0,0,0,0,0,0,0,0,0,0
2020-04-29,0,0,0,0,0,0,0,0,0,0,0,0,0,0,0,0,0,0,0,0,0,0,0,0,0,0,0,0,0,0,0,0,0,0,0
2020-04-30,0,0,0,0,0,0,0,0,0,0,0,0,0,0,0,0,0,0,0,0,0,0,0,0,0,0,0,0,0,0,0,0,0,0,0
2020-05-01,1,0,0,0,0,0,0,0,0,0,1,0,0,0,0,0,0,0,0,0,0,0,0,0,0,0,0,0,0,0,0,0,0,0,0
2020-05-02,0,0,0,0,0,0,0,0,0,0,0,0,0,0,0,0,0,0,0,0,0,0,0,0,0,0,0,0,0,0,0,0,0,0,0
2020-05-03,0,0,0,0,0,0,0,0,0,0,0,0,0,0,0,0,0,0,0,0,0,0,0,0,0,0,0,0,0,0,0,0,0,0,0
2020-05-04,0,0,0,0,0,0,0,0,0,0,0,0,0,0,0,0,0,0,0,0,0,0,0,0,0,0,0,0,0,0,0,0,0,0,0
2020-05-05,0,0,0,0,0,0,0,0,0,0,0,0,0,0,0,0,0,0,0,0,0,0,0,0,0,0,0,0,0,0,0,0,0,0,0
2020-05-06,0,0,0,0,0,0,0,0,0,0,0,0,0,0,0,0,0,0,0,0,0,0,0,0,0,0,0,0,0,0,0,0,0,0,0
2020-05-07,0,0,0,0,0,0,0,0,0,0,0,0,0,0,0,0,0,0,0,0,0,0,0,0,0,0,0,0,0,0,0,0,0,0,0
2020-05-08,0,0,0,0,0,0,0,0,0,0,0,0,0,0,0,0,0,0,0,0,0,0,0,0,0,0,0,0,0,0,0,0,0,0,0
2020-05-09,0,0,0,0,0,0,0,0,0,0,0,0,0,0,0,0,0,0,0,0,0,0,0,0,0,0,0,0,0,0,0,0,0,0,0
2020-05-10,0,0,0,0,0,0,0,0,0,0,0,0,0,0,0,0,0,0,0,0,0,0,0,0,0,0,0,0,0,0,0,0,0,0,0
2020-05-11,0,0,0,0,0,0,0,0,0,0,0,0,0,0,0,0,0,0,0,0,0,0,0,0,0,0,0,0,0,0,0,0,0,0,0
2020-05-12,0,0,0,0,0,0,0,0,0,0,0,0,0,0,0,0,0,0,0,0,0,0,0,0,0,0,0,0,0,0,0,0,0,0,0
2020-05-13,0,0,0,0,0,0,0,0,0,0,0,0,0,0,0,0,0,0,0,0,0,0,0,0,0,0,0,0,0,0,0,0,0,0,0
2020-05-14,0,0,0,0,0,0,0,0,0,0,0,0,0,0,0,0,0,0,0,0,0,0,0,0,0,0,0,0,0,0,0,0,0,0,0
2020-05-15,0,0,0,0,0,0,0,0,0,0,0,0,0,0,0,0,0,0,0,0,0,0,0,0,0,0,0,0,0,0,0,0,0,0,0
2020-05-16,0,0,0,0,0,0,0,0,0,0,0,0,0,0,0,0,0,0,0,0,0,0,0,0,0,0,0,0,0,0,0,0,0,0,0
2020-05-17,0,0,0,0,0,0,0,0,0,0,0,0,0,0,0,0,0,0,0,0,0,0,0,0,0,0,0,0,0,0,0,0,0,0,0
2020-05-18,0,0,0,0,0,0,0,0,0,0,0,0,0,0,0,0,0,0,0,0,0,0,0,0,0,0,0,0,0,0,0,0,0,0,0
2020-05-19,0,0,0,0,0,0,0,0,0,0,0,0,0,0,0,0,0,0,0,0,0,0,0,0,0,0,0,0,0,0,0,0,0,0,0
2020-05-20,0,0,0,0,0,0,0,0,0,0,0,0,0,0,0,0,0,0,0,0,0,0,0,0,0,0,0,0,0,0,0,0,0,0,0
2020-05-21,0,0,0,0,0,0,0,0,0,0,0,0,0,0,0,0,0,0,0,0,0,0,0,0,0,0,0,0,0,0,0,0,0,0,0
2020-05-22,0,0,0,0,0,0,0,0,0,0,0,0,0,0,0,0,0,0,0,0,0,0,0,0,0,0,0,0,0,0,0,0,0,0,0
2020-05-23,0,1,0,0,0,0,0,0,0,0,1,0,0,0,0,0,0,0,0,0,0,0,1,0,0,0,0,0,0,0,0,0,1,0,0
2020-05-24,0,1,0,0,0,0,0,0,1,0,0,0,0,0,0,0,0,0,0,0,1,0,0,0,0,0,0,0,0,0,1,0,0,0,0
2020-05-25,0,0,0,0,0,0,0,0,0,0,0,0,0,0,0,0,0,0,0,0,0,0,0,0,0,0,0,0,0,0,0,0,0,0,0
2020-05-26,0,0,0,0,0,0,0,0,0,0,0,0,0,0,0,0,0,0,0,0,0,0,0,0,0,0,0,0,0,0,0,0,0,0,0
2020-05-27,0,1,0,0,0,0,0,0,0,0,1,0,0,0,0,0,0,0,0,0,0,0,1,0,0,0,0,0,0,0,0,0,1,0,0
2020-05-28,1,0,0,0,0,0,0,1,0,0,0,0,0,0,0,0,0,0,0,0,0,0,0,0,0,0,0,0,0,0,0,0,0,0,0
2020-05-29,1,1,0,0,0,0,0,1,1,0,0,0,0,0,0,0,0,0,0,1,0,0,0,0,0,0,0,0,0,1,0,0,0,0,0
2020-05-30,1,0,0,0,0,0,0,0,0,0,0,1,0,0,0,0,0,0,0,0,0,0,0,0,0,0,0,0,0,0,0,0,0,0,0
2020-05-31,0,0,0,0,0,0,0,0,0,0,0,0,0,0,0,0,0,0,0,0,0,0,0,0,0,0,0,0,0,0,0,0,0,0,0
2020-06-01,0,1,0,0,0,0,0,1,0,0,0,0,0,0,0,0,0,0,0,1,0,0,0,0,0,0,0,0,0,1,0,0,0,0,0
2020-06-02,2,0,0,0,0,0,0,1,0,0,1,0,0,0,0,0,0,0,0,0,0,0,0,0,0,0,0,0,0,0,0,0,0,0,0
2020-06-03,2,2,0,0,0,0,1,0,1,2,0,0,0,0,0,0,0,0,1,0,1,0,0,0,0,0,0,0,1,0,1,0,0,0,0
2020-06-04,3,0,0,0,0,0,0,1,1,1,0,0,0,0,0,0,0,0,0,0,0,0,0,0,0,0,0,0,0,0,0,0,0,0,0
2020-06-05,1,2,0,0,0,0,0,0,1,2,0,0,0,0,0,0,0,0,0,0,1,1,0,0,0,0,0,0,0,0,1,1,0,0,0
2020-06-06,3,0,0,0,0,0,0,0,1,2,0,0,0,0,0,0,0,0,0,0,0,0,0,0,0,0,0,0,0,0,0,0,0,0,0
2020-06-07,2,0,0,0,0,0,0,0,1,1,0,0,0,0,0,0,0,0,0,0,0,0,0,0,0,0,0,0,0,0,0,0,0,0,0
2020-06-08,2,3,0,0,0,0,0,0,3,1,1,0,0,0,0,0,0,0,0,0,2,1,0,0,0,0,0,0,0,0,2,1,0,0,0
2020-06-09,0,2,0,0,0,0,0,0,1,0,1,0,0,0,0,0,0,0,0,0,1,0,1,0,0,0,0,0,0,0,1,0,1,0,0
2020-06-10,1,2,0,0,0,0,0,0,1,1,1,0,0,0,0,0,0,0,0,0,0,1,1,0,0,0,0,0,0,0,0,1,1,0,0
2020-06-11,1,1,0,0,0,0,0,0,1,0,1,0,0,0,0,0,0,0,0,0,0,0,1,0,0,0,0,0,0,0,0,0,1,0,0
2020-06-12,0,1,0,0,0,0,0,0,1,0,0,0,0,0,0,0,0,0,0,0,1,0,0,0,0,0,0,0,0,0,1,0,0,0,0
2020-06-13,3,1,0,0,0,0,0,0,1,2,1,0,0,0,0,0,0,0,0,0,1,0,0,0,0,0,0,0,0,0,1,0,0,0,0
2020-06-14,1,1,0,0,0,0,0,0,2,0,0,0,0,0,0,0,0,0,0,0,1,0,0,0,0,0,0,0,0,0,1,0,0,0,0
2020-06-15,1,1,0,0,0,0,0,1,0,1,0,0,0,0,0,0,0,0,0,1,0,0,0,0,0,0,0,0,0,1,0,0,0,0,0
2020-06-16,1,1,0,0,0,0,0,0,1,1,0,0,0,0,0,0,0,0,0,0,1,0,0,0,0,0,0,0,0,0,1,0,0,0,0
2020-06-17,2,2,0,0,0,0,0,1,0,3,0,0,0,0,0,0,0,0,0,0,0,2,0,0,0,0,0,0,0,0,0,2,0,0,0
2020-06-18,1,3,0,0,0,0,0,0,0,1,3,0,0,0,0,0,0,0,0,0,0,1,2,0,0,0,0,0,0,0,0,1,2,0,0
2020-06-19,1,3,0,0,0,0,0,0,1,2,1,0,0,0,0,0,0,0,0,0,1,1,1,0,0,0,0,0,0,0,1,1,1,0,0
2020-06-20,0,3,0,0,0,0,0,0,1,1,1,0,0,0,0,0,0,0,0,0,1,1,1,0,0,0,0,0,0,0,1,1,1,0,0
2020-06-21,0,4,0,0,0,1,0,0,0,2,1,0,0,0,0,0,0,1,0,0,0,2,1,0,0,0,0,1,0,0,0,2,1,0,0
2020-06-22,0,0,0,0,0,0,0,0,0,0,0,0,0,0,0,0,0,0,0,0,0,0,0,0,0,0,0,0,0,0,0,0,0,0,0
2020-06-23,1,1,0,0,0,0,0,1,0,0,0,1,0,0,0,0,0,0,0,0,0,0,0,1,0,0,0,0,0,0,0,0,0,1,0
2020-06-24,2,1,0,0,0,0,0,1,0,1,0,1,0,0,0,0,0,0,0,1,0,0,0,0,0,0,0,0,0,1,0,0,0,0,0
2020-06-25,1,0,0,0,0,0,0,1,0,0,0,0,0,0,0,0,0,0,0,0,0,0,0,0,0,0,0,0,0,0,0,0,0,0,0
2020-06-26,0,1,0,0,0,0,0,1,0,0,0,0,0,0,0,0,0,0,0,1,0,0,0,0,0,0,0,0,0,1,0,0,0,0,0
2020-06-27,4,1,0,0,0,0,0,0,1,2,2,0,0,0,0,0,0,0,0,0,0,0,1,0,0,0,0,0,0,0,0,0,1,0,0
2020-06-28,1,0,0,0,0,0,0,0,1,0,0,0,0,0,0,0,0,0,0,0,0,0,0,0,0,0,0,0,0,0,0,0,0,0,0
2020-06-29,0,0,0,0,0,0,0,0,0,0,0,0,0,0,0,0,0,0,0,0,0,0,0,0,0,0,0,0,0,0,0,0,0,0,0
2020-06-30,0,0,0,0,0,0,0,0,0,0,0,0,0,0,0,0,0,0,0,0,0,0,0,0,0,0,0,0,0,0,0,0,0,0,0
2020-07-01,1,3,0,0,0,0,0,2,1,1,0,0,0,0,0,0,0,0,0,1,1,1,0,0,0,0,0,0,0,1,1,1,0,0,0
2020-07-02,3,0,0,0,0,0,0,2,0,1,0,0,0,0,0,0,0,0,0,0,0,0,0,0,0,0,0,0,0,0,0,0,0,0,0
2020-07-03,0,1,0,0,0,0,0,0,0,1,0,0,0,0,0,0,0,0,0,0,0,1,0,0,0,0,0,0,0,0,0,1,0,0,0
2020-07-04,2,0,0,0,0,0,0,0,1,1,0,0,0,0,0,0,0,0,0,0,0,0,0,0,0,0,0,0,0,0,0,0,0,0,0
2020-07-05,1,0,0,0,0,0,0,0,0,1,0,0,0,0,0,0,0,0,0,0,0,0,0,0,0,0,0,0,0,0,0,0,0,0,0
2020-07-06,1,1,0,0,0,0,0,0,1,0,0,1,0,0,0,0,0,0,0,0,0,0,0,1,0,0,0,0,0,0,0,0,0,1,0
2020-07-07,0,0,0,0,0,0,0,0,0,0,0,0,0,0,0,0,0,0,0,0,0,0,0,0,0,0,0,0,0,0,0,0,0,0,0
2020-07-08,1,1,0,0,0,0,0,1,0,1,0,0,0,0,0,0,0,0,0,0,0,1,0,0,0,0,0,0,0,0,0,1,0,0,0
2020-07-09,2,0,0,0,0,0,1,0,1,0,0,0,0,0,0,0,0,0,0,0,0,0,0,0,0,0,0,0,0,0,0,0,0,0,0
2020-07-10,2,0,0,0,0,0,0,1,1,0,0,0,0,0,0,0,0,0,0,0,0,0,0,0,0,0,0,0,0,0,0,0,0,0,0
2020-07-11,0,1,0,0,0,0,0,0,0,0,1,0,0,0,0,0,0,0,0,0,0,0,1,0,0,0,0,0,0,0,0,0,1,0,0
2020-07-12,1,1,0,0,0,0,0,0,1,0,1,0,0,0,0,0,0,0,0,0,1,0,0,0,0,0,0,0,0,0,1,0,0,0,0
2020-07-13,0,1,0,0,0,0,0,0,1,0,0,0,0,0,0,0,0,0,0,0,1,0,0,0,0,0,0,0,0,0,1,0,0,0,0
2020-07-14,0,1,0,0,0,0,0,0,0,1,0,0,0,0,0,0,0,0,0,0,0,1,0,0,0,0,0,0,0,0,0,1,0,0,0
2020-07-15,1,0,0,0,0,0,0,0,1,0,0,0,0,0,0,0,0,0,0,0,0,0,0,0,0,0,0,0,0,0,0,0,0,0,0
2020-07-16,4,0,0,0,0,0,0,0,1,2,1,0,0,0,0,0,0,0,0,0,0,0,0,0,0,0,0,0,0,0,0,0,0,0,0
2020-07-17,1,2,0,0,0,0,0,0,1,2,0,0,0,0,0,0,0,0,0,0,0,2,0,0,0,0,0,0,0,0,0,2,0,0,0
2020-07-18,0,0,0,0,0,0,0,0,0,0,0,0,0,0,0,0,0,0,0,0,0,0,0,0,0,0,0,0,0,0,0,0,0,0,0
2020-07-19,1,0,0,0,0,0,0,0,1,0,0,0,0,0,0,0,0,0,0,0,0,0,0,0,0,0,0,0,0,0,0,0,0,0,0
2020-07-20,0,0,0,0,0,0,0,0,0,0,0,0,0,0,0,0,0,0,0,0,0,0,0,0,0,0,0,0,0,0,0,0,0,0,0
2020-07-21,1,0,0,0,0,0,0,0,0,1,0,0,0,0,0,0,0,0,0,0,0,0,0,0,0,0,0,0,0,0,0,0,0,0,0
2020-07-22,1,0,0,0,0,0,0,0,0,1,0,0,0,0,0,0,0,0,0,0,0,0,0,0,0,0,0,0,0,0,0,0,0,0,0
2020-07-23,1,0,0,0,0,0,0,0,0,1,0,0,0,0,0,0,0,0,0,0,0,0,0,0,0,0,0,0,0,0,0,0,0,0,0
2020-07-24,1,2,0,0,0,0,0,1,0,1,1,0,0,0,0,0,0,0,0,1,0,1,0,0,0,0,0,0,0,1,0,1,0,0,0
2020-07-25,1,1,0,0,0,0,0,0,1,0,0,1,0,0,0,0,0,0,0,0,0,0,0,1,0,0,0,0,0,0,0,0,0,1,0
2020-07-26,1,0,0,0,0,0,0,1,0,0,0,0,0,0,0,0,0,0,0,0,0,0,0,0,0,0,0,0,0,0,0,0,0,0,0
2020-07-27,1,0,0,0,0,0,0,0,1,0,0,0,0,0,0,0,0,0,0,0,0,0,0,0,0,0,0,0,0,0,0,0,0,0,0
2020-07-28,0,0,0,0,0,0,0,0,0,0,0,0,0,0,0,0,0,0,0,0,0,0,0,0,0,0,0,0,0,0,0,0,0,0,0
2020-07-29,0,1,0,0,0,0,0,0,0,1,0,0,0,0,0,0,0,0,0,0,0,1,0,0,0,0,0,0,0,0,0,1,0,0,0
2020-07-30,1,0,0,0,0,0,0,0,1,0,0,0,0,0,0,0,0,0,0,0,0,0,0,0,0,0,0,0,0,0,0,0,0,0,0
2020-07-31,2,0,0,0,0,0,0,1,1,0,0,0,0,0,0,0,0,0,0,0,0,0,0,0,0,0,0,0,0,0,0,0,0,0,0
2020-08-01,0,1,0,0,0,0,0,0,0,1,0,0,0,0,0,0,0,0,0,0,0,1,0,0,0,0,0,0,0,0,0,1,0,0,0
2020-08-02,1,0,0,0,0,0,0,1,0,0,0,0,0,0,0,0,0,0,0,0,0,0,0,0,0,0,0,0,0,0,0,0,0,0,0
2020-08-03,1,0,0,0,0,0,0,0,0,1,0,0,0,0,0,0,0,0,0,0,0,0,0,0,0,0,0,0,0,0,0,0,0,0,0
2020-08-04,0,1,0,0,0,0,0,0,0,0,0,1,0,0,0,0,0,0,0,0,0,0,0,1,0,0,0,0,0,0,0,0,0,1,0
2020-08-05,1,0,0,0,0,0,0,0,1,0,0,0,0,0,0,0,0,0,0,0,0,0,0,0,0,0,0,0,0,0,0,0,0,0,0
2020-08-06,2,0,0,0,0,0,0,0,2,0,0,0,0,0,0,0,0,0,0,0,0,0,0,0,0,0,0,0,0,0,0,0,0,0,0
2020-08-07,1,0,0,0,0,0,1,0,0,0,0,0,0,0,0,0,0,0,0,0,0,0,0,0,0,0,0,0,0,0,0,0,0,0,0
2020-08-08,0,0,0,0,0,0,0,0,0,0,0,0,0,0,0,0,0,0,0,0,0,0,0,0,0,0,0,0,0,0,0,0,0,0,0
2020-08-09,0,0,0,0,0,0,0,0,0,0,0,0,0,0,0,0,0,0,0,0,0,0,0,0,0,0,0,0,0,0,0,0,0,0,0
2020-08-10,0,0,0,0,0,0,0,0,0,0,0,0,0,0,0,0,0,0,0,0,0,0,0,0,0,0,0,0,0,0,0,0,0,0,0
2020-08-11,0,0,0,0,0,0,0,0,0,0,0,0,0,0,0,0,0,0,0,0,0,0,0,0,0,0,0,0,0,0,0,0,0,0,0
2020-08-12,1,1,0,0,0,0,0,0,0,1,1,0,0,0,0,0,0,0,0,0,0,0,1,0,0,0,0,0,0,0,0,0,1,0,0
2020-08-13,0,0,0,0,0,0,0,0,0,0,0,0,0,0,0,0,0,0,0,0,0,0,0,0,0,0,0,0,0,0,0,0,0,0,0
2020-08-14,2,0,0,0,0,0,0,0,1,1,0,0,0,0,0,0,0,0,0,0,0,0,0,0,0,0,0,0,0,0,0,0,0,0,0
2020-08-15,3,0,0,0,0,0,1,0,2,0,0,0,0,0,0,0,0,0,0,0,0,0,0,0,0,0,0,0,0,0,0,0,0,0,0
2020-08-16,0,1,0,0,0,0,0,1,0,0,0,0,0,0,0,0,0,0,0,1,0,0,0,0,0,0,0,0,0,1,0,0,0,0,0
2020-08-17,4,6,0,0,0,0,0,2,2,3,3,0,0,0,0,0,0,0,0,1,1,1,3,0,0,0,0,0,0,1,1,1,3,0,0
2020-08-18,3,3,0,0,0,0,0,1,1,4,0,0,0,0,0,0,0,0,0,0,1,2,0,0,0,0,0,0,0,0,1,2,0,0,0
2020-08-19,6,3,0,0,0,0,3,0,1,4,1,0,0,0,0,0,0,0,1,0,0,2,0,0,0,0,0,0,1,0,0,2,0,0,0
2020-08-20,5,3,0,0,0,0,0,2,2,0,3,1,0,0,0,0,0,0,0,0,0,0,2,1,0,0,0,0,0,0,0,0,2,1,0
2020-08-21,12,2,0,0,0,0,0,2,3,8,1,0,0,0,0,0,0,0,0,0,2,0,0,0,0,0,0,0,0,0,2,0,0,0,0
2020-08-22,5,7,0,0,0,0,0,1,4,5,2,0,0,0,0,0,0,0,0,0,3,3,1,0,0,0,0,0,0,0,3,3,1,0,0
2020-08-23,8,7,0,0,0,0,0,2,5,5,3,0,0,0,0,0,0,0,0,0,2,3,2,0,0,0,0,0,0,0,2,3,2,0,0
2020-08-24,4,9,0,0,0,0,0,0,7,2,4,0,0,0,0,0,0,0,0,0,5,2,2,0,0,0,0,0,0,0,5,2,2,0,0
2020-08-25,12,3,0,0,0,0,1,3,2,6,3,0,0,0,0,0,0,0,0,0,0,1,2,0,0,0,0,0,0,0,0,1,2,0,0
2020-08-26,12,11,0,0,0,0,2,3,4,7,7,0,0,0,0,0,0,0,0,2,2,3,4,0,0,0,0,0,0,2,2,3,4,0,0
2020-08-27,10,8,0,0,0,0,0,0,2,11,4,1,0,0,0,0,0,0,0,0,0,4,3,1,0,0,0,0,0,0,0,4,3,1,0
2020-08-28,14,4,0,0,0,0,0,2,4,8,4,0,0,0,0,0,0,0,0,0,0,2,2,0,0,0,0,0,0,0,0,2,2,0,0
2020-08-29,7,7,0,0,0,0,0,0,3,9,2,0,0,0,0,0,0,0,0,0,1,5,1,0,0,0,0,0,0,0,1,5,1,0,0
2020-08-30,10,4,0,0,0,1,1,1,4,4,3,0,0,0,0,0,0,0,1,0,0,1,2,0,0,0,0,0,1,0,0,1,2,0,0
2020-08-31,7,4,0,0,0,0,1,0,3,5,1,1,0,0,0,0,0,0,0,0,0,2,1,1,0,0,0,0,0,0,0,2,1,1,0
2020-09-01,5,6,0,0,0,0,0,0,3,5,3,0,0,0,0,0,0,0,0,0,2,1,3,0,0,0,0,0,0,0,2,1,3,0,0
2020-09-02,2,7,0,0,0,0,1,0,2,3,2,1,0,0,0,0,0,0,1,0,2,2,1,1,0,0,0,0,1,0,2,2,1,1,0
2020-09-03,5,7,0,0,0,0,0,3,2,3,4,0,0,0,0,0,0,0,0,1,1,3,2,0,0,0,0,0,0,1,1,3,2,0,0
2020-09-04,8,5,0,0,0,0,1,2,5,2,3,0,0,0,0,0,0,0,1,1,2,0,1,0,0,0,0,0,1,1,2,0,1,0,0
2020-09-05,1,8,0,0,0,0,0,1,5,1,2,0,0,0,0,0,0,0,0,0,5,1,2,0,0,0,0,0,0,0,5,1,2,0,0
2020-09-06,7,2,0,0,0,0,0,3,3,1,1,1,0,0,0,0,0,0,0,0,0,1,0,1,0,0,0,0,0,0,0,1,0,1,0
2020-09-07,1,2,0,0,0,0,0,0,2,1,0,0,0,0,0,0,0,0,0,0,1,1,0,0,0,0,0,0,0,0,1,1,0,0,0
2020-09-08,7,1,0,0,0,0,0,1,2,4,1,0,0,0,0,0,0,0,0,0,0,0,1,0,0,0,0,0,0,0,0,0,1,0,0
2020-09-09,8,2,0,0,0,0,0,1,6,2,1,0,0,0,0,0,0,0,0,1,0,1,0,0,0,0,0,0,0,1,0,1,0,0,0
2020-09-10,5,3,0,0,0,0,0,1,5,2,0,0,0,0,0,0,0,0,0,1,2,0,0,0,0,0,0,0,0,1,2,0,0,0,0
2020-09-11,6,3,0,0,0,0,0,0,2,2,5,0,0,0,0,0,0,0,0,0,0,0,3,0,0,0,0,0,0,0,0,0,3,0,0
2020-09-12,8,1,0,0,0,0,0,1,3,3,2,0,0,0,0,0,0,0,0,0,0,1,0,0,0,0,0,0,0,0,0,1,0,0,0
2020-09-13,4,1,0,0,0,0,0,0,1,3,1,0,0,0,0,0,0,0,0,0,1,0,0,0,0,0,0,0,0,0,1,0,0,0,0
2020-09-14,8,3,0,0,0,0,2,0,4,4,1,0,0,0,0,0,0,0,0,0,1,2,0,0,0,0,0,0,0,0,1,2,0,0,0
2020-09-15,2,4,0,0,0,0,1,0,1,4,0,0,0,0,0,0,0,0,0,0,1,3,0,0,0,0,0,0,0,0,1,3,0,0,0
2020-09-16,6,3,0,0,0,0,0,0,4,4,1,0,0,0,0,0,0,0,0,0,1,2,0,0,0,0,0,0,0,0,1,2,0,0,0
2020-09-17,6,1,0,0,0,0,0,0,1,5,1,0,0,0,0,0,0,0,0,0,0,1,0,0,0,0,0,0,0,0,0,1,0,0,0
2020-09-18,2,3,0,0,0,1,1,0,0,2,1,0,0,0,0,0,0,0,1,0,0,1,1,0,0,0,0,0,1,0,0,1,1,0,0
2020-09-19,4,4,0,0,0,0,1,0,1,4,2,0,0,0,0,0,0,0,1,0,0,1,2,0,0,0,0,0,1,0,0,1,2,0,0
2020-09-20,1,1,0,0,0,0,0,0,0,1,1,0,0,0,0,0,0,0,0,0,0,1,0,0,0,0,0,0,0,0,0,1,0,0,0
2020-09-21,4,0,0,0,1,0,0,0,1,2,0,0,0,0,0,0,0,0,0,0,0,0,0,0,0,0,0,0,0,0,0,0,0,0,0
2020-09-22,1,1,0,0,0,0,0,0,1,1,0,0,0,0,0,0,0,0,0,0,0,1,0,0,0,0,0,0,0,0,0,1,0,0,0
2020-09-23,4,3,0,0,0,0,0,2,2,2,1,0,0,0,0,0,0,0,0,1,0,1,1,0,0,0,0,0,0,1,0,1,1,0,0
2020-09-24,2,7,0,0,0,0,0,2,1,3,1,2,0,0,0,0,0,0,0,2,0,3,1,1,0,0,0,0,0,2,0,3,1,1,0
2020-09-25,3,1,0,0,0,0,1,0,1,0,1,1,0,0,0,0,0,0,0,0,0,0,0,1,0,0,0,0,0,0,0,0,0,1,0
2020-09-26,2,5,0,0,0,0,0,1,3,3,0,0,0,0,0,0,0,0,0,1,2,2,0,0,0,0,0,0,0,1,2,2,0,0,0
2020-09-27,4,0,0,0,0,0,0,0,3,0,0,0,1,0,0,0,0,0,0,0,0,0,0,0,0,0,0,0,0,0,0,0,0,0,0
2020-09-28,0,0,0,0,0,0,0,0,0,0,0,0,0,0,0,0,0,0,0,0,0,0,0,0,0,0,0,0,0,0,0,0,0,0,0
2020-09-29,2,1,0,0,0,0,0,0,1,0,2,0,0,0,0,0,0,0,0,0,1,0,0,0,0,0,0,0,0,0,1,0,0,0,0
2020-09-30,7,3,0,0,0,0,0,3,3,3,1,0,0,0,0,0,0,0,0,1,1,1,0,0,0,0,0,0,0,1,1,1,0,0,0
2020-10-01,1,2,0,0,0,0,1,1,0,1,0,0,0,0,0,0,0,0,0,1,0,1,0,0,0,0,0,0,0,1,0,1,0,0,0
2020-10-02,1,0,0,0,0,0,0,0,0,0,1,0,0,0,0,0,0,0,0,0,0,0,0,0,0,0,0,0,0,0,0,0,0,0,0
2020-10-03,4,3,0,0,0,0,1,0,2,3,1,0,0,0,0,0,0,0,0,0,1,1,1,0,0,0,0,0,0,0,1,1,1,0,0
2020-10-04,1,0,0,0,0,0,0,0,0,0,1,0,0,0,0,0,0,0,0,0,0,0,0,0,0,0,0,0,0,0,0,0,0,0,0
2020-10-05,2,1,0,0,0,0,1,0,1,0,1,0,0,0,0,0,0,0,0,0,0,0,1,0,0,0,0,0,0,0,0,0,1,0,0
2020-10-06,0,1,0,0,0,0,0,0,0,0,1,0,0,0,0,0,0,0,0,0,0,0,1,0,0,0,0,0,0,0,0,0,1,0,0
2020-10-07,4,2,0,0,0,0,0,0,3,2,1,0,0,0,0,0,0,0,0,0,2,0,0,0,0,0,0,0,0,0,2,0,0,0,0
2020-10-08,2,3,0,0,0,1,0,0,2,1,1,0,0,0,0,0,0,0,0,0,2,1,0,0,0,0,0,0,0,0,2,1,0,0,0
2020-10-09,1,3,0,0,0,0,0,0,2,2,0,0,0,0,0,0,0,0,0,0,2,1,0,0,0,0,0,0,0,0,2,1,0,0,0
2020-10-10,2,1,0,0,0,0,0,0,3,0,0,0,0,0,0,0,0,0,0,0,1,0,0,0,0,0,0,0,0,0,1,0,0,0,0
2020-10-11,4,1,0,0,0,0,0,0,2,1,2,0,0,0,0,0,0,0,0,0,0,1,0,0,0,0,0,0,0,0,0,1,0,0,0
2020-10-12,3,0,0,0,0,0,0,0,0,3,0,0,0,0,0,0,0,0,0,0,0,0,0,0,0,0,0,0,0,0,0,0,0,0,0
2020-10-13,1,1,0,0,0,0,0,0,1,1,0,0,0,0,0,0,0,0,0,0,0,1,0,0,0,0,0,0,0,0,0,1,0,0,0
2020-10-14,1,1,0,0,0,0,1,0,1,0,0,0,0,0,0,0,0,0,0,0,1,0,0,0,0,0,0,0,0,0,1,0,0,0,0
2020-10-15,1,5,0,0,0,0,0,0,0,2,3,1,0,0,0,0,0,0,0,0,0,1,3,1,0,0,0,0,0,0,0,1,3,1,0
2020-10-16,0,1,0,0,0,0,0,0,0,0,1,0,0,0,0,0,0,0,0,0,0,0,1,0,0,0,0,0,0,0,0,0,1,0,0
2020-10-17,0,0,0,0,0,0,0,0,0,0,0,0,0,0,0,0,0,0,0,0,0,0,0,0,0,0,0,0,0,0,0,0,0,0,0
2020-10-18,6,1,0,0,0,0,1,1,2,3,0,0,0,0,0,0,0,0,0,0,0,1,0,0,0,0,0,0,0,0,0,1,0,0,0
2020-10-19,3,4,0,0,0,0,0,1,0,2,3,1,0,0,0,0,0,0,0,0,0,2,1,1,0,0,0,0,0,0,0,2,1,1,0
2020-10-20,1,0,0,0,0,0,0,0,0,0,1,0,0,0,0,0,0,0,0,0,0,0,0,0,0,0,0,0,0,0,0,0,0,0,0
2020-10-21,0,2,0,0,0,0,0,0,0,0,2,0,0,0,0,0,0,0,0,0,0,0,2,0,0,0,0,0,0,0,0,0,2,0,0
2020-10-22,2,2,0,0,0,0,0,0,4,0,0,0,0,0,0,0,0,0,0,0,2,0,0,0,0,0,0,0,0,0,2,0,0,0,0
2020-10-23,3,3,0,0,0,0,1,0,1,2,1,1,0,0,0,0,0,0,1,0,0,1,1,0,0,0,0,0,1,0,0,1,1,0,0
2020-10-24,2,1,0,0,0,0,0,1,0,1,1,0,0,0,0,0,0,0,0,0,0,0,1,0,0,0,0,0,0,0,0,0,1,0,0
2020-10-25,1,3,0,0,0,0,0,1,0,1,1,1,0,0,0,0,0,0,0,1,0,0,1,1,0,0,0,0,0,1,0,0,1,1,0
2020-10-26,1,1,0,0,0,0,0,0,0,1,0,0,1,0,0,0,0,0,0,0,0,1,0,0,0,0,0,0,0,0,0,1,0,0,0
2020-10-27,2,0,0,0,0,0,1,1,0,0,0,0,0,0,0,0,0,0,0,0,0,0,0,0,0,0,0,0,0,0,0,0,0,0,0
2020-10-28,1,2,0,0,0,0,0,1,0,1,1,0,0,0,0,0,0,0,0,0,0,1,1,0,0,0,0,0,0,0,0,1,1,0,0
2020-10-29,2,0,0,0,0,0,0,0,0,1,1,0,0,0,0,0,0,0,0,0,0,0,0,0,0,0,0,0,0,0,0,0,0,0,0
2020-10-30,2,0,0,0,0,0,0,0,1,1,0,0,0,0,0,0,0,0,0,0,0,0,0,0,0,0,0,0,0,0,0,0,0,0,0
2020-10-31,2,2,0,0,0,0,0,1,1,1,1,0,0,0,0,0,0,0,0,0,0,1,1,0,0,0,0,0,0,0,0,1,1,0,0
2020-11-01,2,1,0,0,0,0,0,0,1,2,0,0,0,0,0,0,0,0,0,0,0,1,0,0,0,0,0,0,0,0,0,1,0,0,0
2020-11-02,1,0,0,0,0,0,0,0,0,0,1,0,0,0,0,0,0,0,0,0,0,0,0,0,0,0,0,0,0,0,0,0,0,0,0
2020-11-03,0,0,0,0,0,0,0,0,0,0,0,0,0,0,0,0,0,0,0,0,0,0,0,0,0,0,0,0,0,0,0,0,0,0,0
2020-11-04,3,2,0,0,0,0,0,1,1,1,2,0,0,0,0,0,0,0,0,0,1,0,1,0,0,0,0,0,0,0,1,0,1,0,0
2020-11-05,0,0,0,0,0,0,0,0,0,0,0,0,0,0,0,0,0,0,0,0,0,0,0,0,0,0,0,0,0,0,0,0,0,0,0
2020-11-06,3,1,0,0,0,0,0,0,0,1,2,1,0,0,0,0,0,0,0,0,0,0,1,0,0,0,0,0,0,0,0,0,1,0,0
2020-11-07,0,5,0,0,0,0,0,1,1,3,0,0,0,0,0,0,0,0,0,1,1,3,0,0,0,0,0,0,0,1,1,3,0,0,0
2020-11-08,4,3,0,0,0,0,0,0,1,4,0,2,0,0,0,0,0,0,0,0,1,1,0,1,0,0,0,0,0,0,1,1,0,1,0
2020-11-09,3,2,0,0,0,0,0,0,1,2,1,1,0,0,0,0,0,0,0,0,0,1,1,0,0,0,0,0,0,0,0,1,1,0,0
2020-11-10,1,1,0,0,0,0,0,0,0,1,1,0,0,0,0,0,0,0,0,0,0,0,1,0,0,0,0,0,0,0,0,0,1,0,0
2020-11-11,7,8,0,0,0,0,0,1,5,2,6,1,0,0,0,0,0,0,0,0,2,1,4,1,0,0,0,0,0,0,2,1,4,1,0
2020-11-12,4,1,0,0,0,0,0,0,2,1,2,0,0,0,0,0,0,0,0,0,1,0,0,0,0,0,0,0,0,0,1,0,0,0,0
2020-11-13,2,1,0,0,0,0,0,0,1,1,1,0,0,0,0,0,0,0,0,0,0,0,1,0,0,0,0,0,0,0,0,0,1,0,0
2020-11-14,6,3,0,0,1,0,1,0,4,1,2,0,0,0,0,0,0,0,0,0,2,0,1,0,0,0,0,0,0,0,2,0,1,0,0
2020-11-15,6,1,0,0,0,1,1,0,1,3,1,0,0,0,0,0,0,0,0,0,0,1,0,0,0,0,0,0,0,0,0,1,0,0,0
2020-11-16,5,4,0,0,0,0,0,1,6,2,0,0,0,0,0,0,0,0,0,0,2,2,0,0,0,0,0,0,0,0,2,2,0,0,0
2020-11-17,4,5,0,0,0,0,1,0,2,4,1,1,0,0,0,0,0,0,1,0,2,1,0,1,0,0,0,0,1,0,2,1,0,1,0
2020-11-18,13,7,0,0,0,0,2,1,2,4,7,4,0,0,0,0,0,0,0,0,0,2,1,4,0,0,0,0,0,0,0,2,1,4,0
2020-11-19,1,2,0,0,0,0,1,0,0,0,1,1,0,0,0,0,0,0,0,0,0,0,1,1,0,0,0,0,0,0,0,0,1,1,0
2020-11-20,4,6,0,0,0,0,0,1,6,2,1,0,0,0,0,0,0,0,0,0,4,1,1,0,0,0,0,0,0,0,4,1,1,0,0
2020-11-21,4,3,0,0,0,0,0,2,1,3,1,0,0,0,0,0,0,0,0,1,1,1,0,0,0,0,0,0,0,1,1,1,0,0,0
2020-11-22,4,1,0,0,0,0,0,1,2,2,0,0,0,0,0,0,0,0,0,0,1,0,0,0,0,0,0,0,0,0,1,0,0,0,0
2020-11-23,7,1,0,0,0,1,1,2,0,3,1,0,0,0,0,0,0,0,1,0,0,0,0,0,0,0,0,0,1,0,0,0,0,0,0
2020-11-24,4,8,0,0,0,0,0,2,0,6,2,2,0,0,0,0,0,0,0,0,0,4,2,2,0,0,0,0,0,0,0,4,2,2,0
2020-11-25,9,4,0,0,0,0,1,1,2,7,2,0,0,0,0,0,0,0,0,0,1,2,1,0,0,0,0,0,0,0,1,2,1,0,0
2020-11-26,7,4,0,0,0,0,0,1,6,4,0,0,0,0,0,0,0,0,0,0,2,2,0,0,0,0,0,0,0,0,2,2,0,0,0
2020-11-27,10,6,0,0,0,0,1,2,2,6,5,0,0,0,0,0,0,0,0,1,2,1,2,0,0,0,0,0,0,1,2,1,2,0,0
2020-11-28,10,6,0,0,0,0,0,2,3,5,6,0,0,0,0,0,0,0,0,0,1,1,4,0,0,0,0,0,0,0,1,1,4,0,0
2020-11-29,5,5,0,0,0,0,1,3,1,2,3,0,0,0,0,0,0,0,0,2,0,0,3,0,0,0,0,0,0,2,0,0,3,0,0
2020-11-30,8,8,0,0,0,0,0,2,3,5,5,1,0,0,0,0,0,0,0,0,1,2,4,1,0,0,0,0,0,0,1,2,4,1,0
2020-12-01,9,3,0,0,0,0,0,1,2,7,2,0,0,0,0,0,0,0,0,0,0,2,1,0,0,0,0,0,0,0,0,2,1,0,0
2020-12-02,11,2,0,0,0,0,1,3,3,1,5,0,0,0,0,0,0,0,0,0,1,0,1,0,0,0,0,0,0,0,1,0,1,0,0
2020-12-03,13,4,0,0,0,0,0,3,9,4,1,0,0,0,0,0,0,0,0,1,1,2,0,0,0,0,0,0,0,1,1,2,0,0,0
2020-12-04,14,14,0,0,0,1,1,2,10,7,7,0,0,0,0,0,0,0,0,2,3,5,4,0,0,0,0,0,0,2,3,5,4,0,0
2020-12-05,14,4,0,0,0,1,0,2,4,5,5,1,0,0,0,0,0,0,0,1,1,0,1,1,0,0,0,0,0,1,1,0,1,1,0
2020-12-06,22,17,0,0,0,2,2,1,11,13,9,1,0,0,0,0,0,0,0,1,3,5,8,0,0,0,0,0,0,1,3,5,8,0,0
2020-12-07,11,11,0,0,0,0,0,2,3,11,6,0,0,0,0,0,0,0,0,0,1,6,4,0,0,0,0,0,0,0,1,6,4,0,0
2020-12-08,16,12,0,0,0,0,0,4,8,8,7,1,0,0,0,0,0,0,0,1,3,4,3,1,0,0,0,0,0,1,3,4,3,1,0
2020-12-09,25,12,0,0,0,0,2,5,7,14,8,1,0,0,0,0,0,0,0,2,2,3,5,0,0,0,0,0,0,2,2,3,5,0,0
2020-12-10,16,6,0,0,0,0,1,2,10,5,4,0,0,0,0,0,0,0,0,0,1,3,2,0,0,0,0,0,0,0,1,3,2,0,0
2020-12-11,13,9,0,0,0,0,0,1,3,12,6,0,0,0,0,0,0,0,0,1,2,5,1,0,0,0,0,0,0,1,2,5,1,0,0
2020-12-12,12,11,0,0,0,0,1,2,8,9,3,0,0,0,0,0,0,0,0,1,3,5,2,0,0,0,0,0,0,1,3,5,2,0,0
2020-12-13,31,17,0,0,0,0,2,2,16,19,9,0,0,0,0,0,0,0,0,0,7,8,2,0,0,0,0,0,0,0,7,8,2,0,0
2020-12-14,12,9,0,0,0,0,0,2,4,6,8,1,0,0,0,0,0,0,0,0,0,3,5,1,0,0,0,0,0,0,0,3,5,1,0
2020-12-15,9,12,0,0,0,0,0,1,4,7,6,3,0,0,0,0,0,0,0,1,2,3,5,1,0,0,0,0,0,1,2,3,5,1,0
2020-12-16,27,11,0,0,1,0,1,8,12,12,4,0,0,0,0,0,1,0,0,0,5,2,3,0,0,0,1,0,0,0,5,2,3,0,0
2020-12-17,16,12,0,0,0,0,2,2,9,10,4,1,0,0,0,0,0,0,1,0,4,3,3,1,0,0,0,0,1,0,4,3,3,1,0
2020-12-18,11,16,0,0,1,0,0,3,6,8,6,3,0,0,0,0,0,0,0,2,5,3,5,1,0,0,0,0,0,2,5,3,5,1,0
2020-12-19,19,11,0,0,0,2,1,2,9,7,7,2,0,0,0,0,0,1,0,2,1,4,3,0,0,0,0,1,0,2,1,4,3,0,0
2020-12-20,19,11,0,0,0,0,2,2,8,9,7,2,0,0,0,0,0,0,0,1,4,3,2,1,0,0,0,0,0,1,4,3,2,1,0
2020-12-21,20,12,0,0,0,0,0,2,9,14,6,1,0,0,0,0,0,0,0,1,2,6,2,1,0,0,0,0,0,1,2,6,2,1,0
2020-12-22,15,11,0,0,0,1,0,1,5,12,7,0,0,0,0,0,0,1,0,0,1,5,4,0,0,0,0,1,0,0,1,5,4,0,0
2020-12-23,24,17,0,0,0,0,0,3,9,15,12,2,0,0,0,0,0,0,0,1,2,8,4,2,0,0,0,0,0,1,2,8,4,2,0
2020-12-24,16,10,0,0,0,0,0,1,10,8,6,1,0,0,0,0,0,0,0,0,3,3,3,1,0,0,0,0,0,0,3,3,3,1,0
2020-12-25,21,12,0,0,0,0,0,3,5,11,11,3,0,0,0,0,0,0,0,1,1,1,7,2,0,0,0,0,0,1,1,1,7,2,0
2020-12-26,22,17,0,0,0,1,1,2,9,11,13,2,0,0,0,0,0,0,0,1,4,2,8,2,0,0,0,0,0,1,4,2,8,2,0
2020-12-27,13,9,0,0,0,0,0,2,7,7,5,1,0,0,0,0,0,0,0,1,2,5,1,0,0,0,0,0,0,1,2,5,1,0,0
2020-12-28,18,18,0,0,0,0,0,6,12,6,11,1,0,0,0,0,0,0,0,1,7,4,6,0,0,0,0,0,0,1,7,4,6,0,0
2020-12-29,20,12,0,0,0,2,1,2,7,14,5,1,0,0,0,0,0,0,0,0,3,6,2,1,0,0,0,0,0,0,3,6,2,1,0
2020-12-30,16,18,0,0,1,0,0,2,12,9,8,1,1,0,0,0,0,0,0,1,5,5,5,1,0,0,0,0,0,1,5,5,5,1,1
2020-12-31,17,10,0,0,0,0,0,1,8,9,8,1,0,0,0,0,0,0,0,0,3,1,5,1,0,0,0,0,0,0,3,1,5,1,0
2021-01-01,19,6,0,0,0,0,0,0,8,10,7,0,0,0,0,0,0,0,0,0,3,0,3,0,0,0,0,0,0,0,3,0,3,0,0
2021-01-02,12,11,0,0,0,0,2,0,5,12,1,3,0,0,0,0,0,0,2,0,2,5,0,2,0,0,0,0,2,0,2,5,0,2,0
2021-01-03,12,8,0,0,0,0,0,2,4,7,4,3,0,0,0,0,0,0,0,0,0,2,3,3,0,0,0,0,0,0,0,2,3,3,0
2021-01-04,15,8,0,0,0,1,0,6,4,6,5,1,0,0,0,0,0,1,0,0,1,2,3,1,0,0,0,1,0,0,1,2,3,1,0
2021-01-05,17,6,0,0,0,1,1,3,5,7,4,2,0,0,0,0,0,0,0,2,1,1,1,1,0,0,0,0,0,2,1,1,1,1,0
2021-01-06,14,7,0,0,0,0,3,1,4,7,4,2,0,0,0,0,0,0,1,1,0,1,3,1,0,0,0,0,1,1,0,1,3,1,0
2021-01-07,9,11,0,0,0,1,1,0,6,8,3,1,0,0,0,0,0,1,0,0,2,5,2,1,0,0,0,1,0,0,2,5,2,1,0
2021-01-08,15,8,0,0,0,0,0,2,8,7,5,1,0,0,0,0,0,0,0,0,3,1,3,1,0,0,0,0,0,0,3,1,3,1,0
2021-01-09,9,3,0,0,0,0,0,1,3,6,2,0,0,0,0,0,0,0,0,0,0,2,1,0,0,0,0,0,0,0,0,2,1,0,0
2021-01-10,8,6,0,0,0,0,1,3,1,3,4,2,0,0,0,0,0,0,0,1,0,2,2,1,0,0,0,0,0,1,0,2,2,1,0
2021-01-11,8,7,0,0,0,1,0,0,7,6,1,0,0,0,0,0,0,0,0,0,3,3,1,0,0,0,0,0,0,0,3,3,1,0,0
2021-01-12,8,7,0,0,0,0,0,2,5,3,4,1,0,0,0,0,0,0,0,0,2,1,3,1,0,0,0,0,0,0,2,1,3,1,0
2021-01-13,9,5,0,0,0,0,0,1,2,9,2,0,0,0,0,0,0,0,0,1,0,3,1,0,0,0,0,0,0,1,0,3,1,0,0
2021-01-14,12,5,0,0,1,0,0,1,5,4,6,0,0,0,0,0,0,0,0,0,0,2,3,0,0,0,0,0,0,0,0,2,3,0,0
2021-01-15,5,6,0,0,0,0,0,1,4,4,1,1,0,0,0,0,0,0,0,0,1,4,0,1,0,0,0,0,0,0,1,4,0,1,0
2021-01-16,13,6,0,0,0,1,3,2,4,3,6,0,0,0,0,0,0,1,1,0,0,1,3,0,0,0,0,1,1,0,0,1,3,0,0
2021-01-17,6,8,0,0,0,0,0,1,2,6,5,0,0,0,0,0,0,0,0,1,1,3,3,0,0,0,0,0,0,1,1,3,3,0,0
2021-01-18,5,9,0,0,0,2,0,1,2,4,4,1,0,0,0,0,0,1,0,1,1,3,2,1,0,0,0,1,0,1,1,3,2,1,0
2021-01-19,4,5,0,0,0,0,1,2,1,4,1,0,0,0,0,0,0,0,1,0,1,2,1,0,0,0,0,0,1,0,1,2,1,0,0
2021-01-20,4,2,0,0,0,0,0,0,2,2,2,0,0,0,0,0,0,0,0,0,1,0,1,0,0,0,0,0,0,0,1,0,1,0,0
2021-01-21,6,6,0,0,0,1,0,0,3,5,3,0,0,0,0,0,0,0,0,0,1,3,2,0,0,0,0,0,0,0,1,3,2,0,0
2021-01-22,5,5,0,0,0,1,0,1,1,3,3,1,0,0,0,0,0,0,0,1,0,3,1,0,0,0,0,0,0,1,0,3,1,0,0
2021-01-23,5,0,0,0,0,0,1,0,0,3,1,0,0,0,0,0,0,0,0,0,0,0,0,0,0,0,0,0,0,0,0,0,0,0,0
2021-01-24,0,5,0,0,0,0,0,0,3,1,1,0,0,0,0,0,0,0,0,0,3,1,1,0,0,0,0,0,0,0,3,1,1,0,0
2021-01-25,4,1,0,0,0,0,0,2,0,2,1,0,0,0,0,0,0,0,0,0,0,1,0,0,0,0,0,0,0,0,0,1,0,0,0
2021-01-26,3,4,0,0,0,0,0,1,0,2,3,1,0,0,0,0,0,0,0,1,0,1,1,1,0,0,0,0,0,1,0,1,1,1,0
2021-01-27,7,2,0,0,0,0,1,2,2,3,1,0,0,0,0,0,0,0,0,0,1,1,0,0,0,0,0,0,0,0,1,1,0,0,0
2021-01-28,5,3,0,0,0,0,1,0,2,1,4,0,0,0,0,0,0,0,0,0,1,1,1,0,0,0,0,0,0,0,1,1,1,0,0
2021-01-29,5,7,0,0,0,1,0,1,3,2,3,2,0,0,0,0,0,0,0,1,2,0,2,2,0,0,0,0,0,1,2,0,2,2,0
2021-01-30,9,6,0,0,0,0,0,1,9,1,4,0,0,0,0,0,0,0,0,0,3,0,3,0,0,0,0,0,0,0,3,0,3,0,0
2021-01-31,6,3,0,0,0,0,0,1,1,5,2,0,0,0,0,0,0,0,0,0,0,2,1,0,0,0,0,0,0,0,0,2,1,0,0
2021-02-01,5,4,0,0,0,0,0,0,3,3,2,1,0,0,0,0,0,0,0,0,1,1,1,1,0,0,0,0,0,0,1,1,1,1,0
2021-02-02,5,8,0,0,0,1,0,1,3,4,1,3,0,0,0,0,0,0,0,0,0,4,1,3,0,0,0,0,0,0,0,4,1,3,0
2021-02-03,6,1,0,0,0,2,0,0,1,3,0,1,0,0,0,0,0,0,0,0,0,1,0,0,0,0,0,0,0,0,0,1,0,0,0
2021-02-04,6,10,0,0,0,0,2,1,3,8,2,0,0,0,0,0,0,0,1,1,2,5,1,0,0,0,0,0,1,1,2,5,1,0,0
2021-02-05,10,4,0,0,0,0,0,3,6,3,1,1,0,0,0,0,0,0,0,1,1,0,1,1,0,0,0,0,0,1,1,0,1,1,0
2021-02-06,3,2,0,0,0,0,0,1,3,0,1,0,0,0,0,0,0,0,0,0,2,0,0,0,0,0,0,0,0,0,2,0,0,0,0
2021-02-07,5,3,0,0,0,0,0,3,1,3,1,0,0,0,0,0,0,0,0,0,1,1,1,0,0,0,0,0,0,0,1,1,1,0,0
2021-02-08,4,3,0,0,0,0,0,1,3,3,0,0,0,0,0,0,0,0,0,1,1,1,0,0,0,0,0,0,0,1,1,1,0,0,0
2021-02-09,5,5,0,0,0,0,0,1,2,5,2,0,0,0,0,0,0,0,0,0,2,2,1,0,0,0,0,0,0,0,2,2,1,0,0
2021-02-10,4,2,0,0,0,1,0,2,1,2,0,0,0,0,0,0,0,1,0,1,0,0,0,0,0,0,0,1,0,1,0,0,0,0,0
2021-02-11,7,2,0,0,0,1,0,2,4,1,0,1,0,0,0,0,0,0,0,1,0,1,0,0,0,0,0,0,0,1,0,1,0,0,0
2021-02-12,6,1,0,0,0,0,1,1,2,2,1,0,0,0,0,0,0,0,0,0,0,1,0,0,0,0,0,0,0,0,0,1,0,0,0
2021-02-13,4,5,0,0,0,0,1,1,2,1,4,0,0,0,0,0,0,0,1,0,1,0,3,0,0,0,0,0,1,0,1,0,3,0,0
2021-02-14,11,6,0,0,0,0,1,5,2,6,2,1,0,0,0,0,0,0,0,2,1,2,1,0,0,0,0,0,0,2,1,2,1,0,0
2021-02-15,9,3,0,0,0,2,1,1,1,5,2,0,0,0,0,0,0,1,0,0,0,1,1,0,0,0,0,1,0,0,0,1,1,0,0
2021-02-16,5,4,0,0,0,0,0,1,1,4,1,2,0,0,0,0,0,0,0,0,0,2,0,2,0,0,0,0,0,0,0,2,0,2,0
2021-02-17,6,2,0,0,0,0,0,1,3,3,1,0,0,0,0,0,0,0,0,0,1,0,1,0,0,0,0,0,0,0,1,0,1,0,0
2021-02-18,3,8,0,0,0,0,1,1,2,4,3,0,0,0,0,0,0,0,1,1,2,2,2,0,0,0,0,0,1,1,2,2,2,0,0
2021-02-19,8,9,0,0,0,0,0,2,3,4,6,2,0,0,0,0,0,0,0,0,3,2,2,2,0,0,0,0,0,0,3,2,2,2,0
2021-02-20,6,4,0,0,0,0,0,2,2,2,4,0,0,0,0,0,0,0,0,0,1,0,3,0,0,0,0,0,0,0,1,0,3,0,0
2021-02-21,4,4,0,0,0,0,0,2,1,3,2,0,0,0,0,0,0,0,0,2,0,1,1,0,0,0,0,0,0,2,0,1,1,0,0
2021-02-22,6,4,0,0,0,0,0,0,4,3,2,1,0,0,0,0,0,0,0,0,1,1,1,1,0,0,0,0,0,0,1,1,1,1,0
2021-02-23,4,1,0,0,0,0,0,2,3,0,0,0,0,0,0,0,0,0,0,1,0,0,0,0,0,0,0,0,0,1,0,0,0,0,0
2021-02-24,4,0,0,0,0,0,0,0,2,1,1,0,0,0,0,0,0,0,0,0,0,0,0,0,0,0,0,0,0,0,0,0,0,0,0
2021-02-25,1,5,0,0,0,0,0,0,3,1,1,1,0,0,0,0,0,0,0,0,2,1,1,1,0,0,0,0,0,0,2,1,1,1,0
2021-02-26,7,3,0,0,0,0,0,0,6,3,1,0,0,0,0,0,0,0,0,0,2,1,0,0,0,0,0,0,0,0,2,1,0,0,0
2021-02-27,2,4,0,0,0,0,0,1,0,2,3,0,0,0,0,0,0,0,0,1,0,0,3,0,0,0,0,0,0,1,0,0,3,0,0
2021-02-28,5,3,0,0,0,0,0,0,1,5,1,1,0,0,0,0,0,0,0,0,1,2,0,0,0,0,0,0,0,0,1,2,0,0,0
2021-03-01,2,5,0,0,0,1,0,1,1,3,1,0,0,0,0,0,0,1,0,0,1,2,1,0,0,0,0,1,0,0,1,2,1,0,0
2021-03-02,5,1,0,0,0,1,0,1,1,1,2,0,0,0,0,0,0,0,0,0,0,0,1,0,0,0,0,0,0,0,0,0,1,0,0
2021-03-03,1,2,0,0,0,0,0,0,1,0,0,2,0,0,0,0,0,0,0,0,1,0,0,1,0,0,0,0,0,0,1,0,0,1,0
2021-03-04,3,1,0,0,0,0,0,1,1,1,1,0,0,0,0,0,0,0,0,0,0,1,0,0,0,0,0,0,0,0,0,1,0,0,0
2021-03-05,5,2,0,0,0,0,0,3,0,3,1,0,0,0,0,0,0,0,0,0,0,2,0,0,0,0,0,0,0,0,0,2,0,0,0
2021-03-06,4,0,0,0,0,0,0,0,3,1,0,0,0,0,0,0,0,0,0,0,0,0,0,0,0,0,0,0,0,0,0,0,0,0,0
2021-03-07,4,1,0,0,0,0,0,0,1,4,0,0,0,0,0,0,0,0,0,0,0,1,0,0,0,0,0,0,0,0,0,1,0,0,0
2021-03-08,6,2,0,0,0,0,0,2,2,2,1,1,0,0,0,0,0,0,0,0,0,0,1,1,0,0,0,0,0,0,0,0,1,1,0
2021-03-09,2,5,0,0,0,0,0,1,3,2,1,0,0,0,0,0,0,0,0,0,2,2,1,0,0,0,0,0,0,0,2,2,1,0,0
2021-03-10,9,4,0,0,0,0,2,2,3,4,2,0,0,0,0,0,0,0,0,1,0,2,1,0,0,0,0,0,0,1,0,2,1,0,0
2021-03-11,4,5,0,0,0,0,0,1,3,4,1,0,0,0,0,0,0,0,0,0,3,2,0,0,0,0,0,0,0,0,3,2,0,0,0
2021-03-12,8,1,0,0,0,0,0,0,6,2,1,0,0,0,0,0,0,0,0,0,0,1,0,0,0,0,0,0,0,0,0,1,0,0,0
2021-03-13,7,2,0,0,0,0,0,0,3,2,3,1,0,0,0,0,0,0,0,0,2,0,0,0,0,0,0,0,0,0,2,0,0,0,0
2021-03-14,6,1,0,0,0,0,1,0,2,2,2,0,0,0,0,0,0,0,1,0,0,0,0,0,0,0,0,0,1,0,0,0,0,0,0
2021-03-15,8,2,0,0,0,0,0,2,5,2,1,0,0,0,0,0,0,0,0,0,2,0,0,0,0,0,0,0,0,0,2,0,0,0,0
2021-03-16,2,1,0,0,0,0,0,0,2,0,1,0,0,0,0,0,0,0,0,0,0,0,1,0,0,0,0,0,0,0,0,0,1,0,0
2021-03-17,6,3,0,0,0,0,1,0,3,3,2,0,0,0,0,0,0,0,0,0,1,2,0,0,0,0,0,0,0,0,1,2,0,0,0
2021-03-18,2,3,0,0,0,0,0,0,2,2,1,0,0,0,0,0,0,0,0,0,0,2,1,0,0,0,0,0,0,0,0,2,1,0,0
2021-03-19,8,3,0,0,0,0,1,0,4,1,2,2,1,0,0,0,0,0,0,0,1,0,1,1,0,0,0,0,0,0,1,0,1,1,0
2021-03-20,4,5,0,0,0,0,0,0,3,3,3,0,0,0,0,0,0,0,0,0,1,1,3,0,0,0,0,0,0,0,1,1,3,0,0
2021-03-21,4,4,0,0,0,0,0,1,2,4,1,0,0,0,0,0,0,0,0,0,1,3,0,0,0,0,0,0,0,0,1,3,0,0,0
2021-03-22,3,1,0,0,0,0,0,0,1,2,1,0,0,0,0,0,0,0,0,0,1,0,0,0,0,0,0,0,0,0,1,0,0,0,0
2021-03-23,0,2,0,0,0,0,0,0,1,1,0,0,0,0,0,0,0,0,0,0,1,1,0,0,0,0,0,0,0,0,1,1,0,0,0
2021-03-24,2,6,0,0,0,0,0,1,3,1,2,1,0,0,0,0,0,0,0,1,3,0,1,1,0,0,0,0,0,1,3,0,1,1,0
2021-03-25,6,3,0,0,0,1,0,0,4,3,1,0,0,0,0,0,0,0,0,0,0,2,1,0,0,0,0,0,0,0,0,2,1,0,0
2021-03-26,3,3,0,0,0,0,0,0,3,2,1,0,0,0,0,0,0,0,0,0,2,0,1,0,0,0,0,0,0,0,2,0,1,0,0
2021-03-27,3,1,0,0,0,0,0,1,0,2,1,0,0,0,0,0,0,0,0,0,0,1,0,0,0,0,0,0,0,0,0,1,0,0,0
2021-03-28,3,2,0,0,0,0,0,1,0,2,2,0,0,0,0,0,0,0,0,1,0,1,0,0,0,0,0,0,0,1,0,1,0,0,0
2021-03-29,2,1,0,0,0,0,1,1,0,0,1,0,0,0,0,0,0,0,1,0,0,0,0,0,0,0,0,0,1,0,0,0,0,0,0
2021-03-30,7,0,0,0,0,0,0,0,3,2,2,0,0,0,0,0,0,0,0,0,0,0,0,0,0,0,0,0,0,0,0,0,0,0,0
2021-03-31,5,4,0,0,0,0,0,2,3,1,3,0,0,0,0,0,0,0,0,2,1,0,1,0,0,0,0,0,0,2,1,0,1,0,0
2021-04-01,3,3,0,0,0,0,1,1,3,0,1,0,0,0,0,0,0,0,0,0,2,0,1,0,0,0,0,0,0,0,2,0,1,0,0
2021-04-02,9,5,0,0,0,1,1,2,3,2,4,1,0,0,0,0,0,1,0,0,0,2,2,0,0,0,0,1,0,0,0,2,2,0,0
2021-04-03,3,3,0,0,0,0,0,1,0,3,2,0,0,0,0,0,0,0,0,0,0,1,2,0,0,0,0,0,0,0,0,1,2,0,0
2021-04-04,6,5,0,0,0,0,0,1,6,3,1,0,0,0,0,0,0,0,0,0,2,2,1,0,0,0,0,0,0,0,2,2,1,0,0
2021-04-05,5,7,0,0,0,0,0,1,3,4,4,0,0,0,0,0,0,0,0,0,1,2,4,0,0,0,0,0,0,0,1,2,4,0,0
2021-04-06,6,2,0,0,0,0,1,0,4,2,1,0,0,0,0,0,0,0,0,0,1,0,1,0,0,0,0,0,0,0,1,0,1,0,0
2021-04-07,4,3,0,0,0,0,0,2,1,3,1,0,0,0,0,0,0,0,0,1,1,1,0,0,0,0,0,0,0,1,1,1,0,0,0
2021-04-08,9,3,0,0,0,0,2,1,5,4,0,0,0,0,0,0,0,0,0,0,2,1,0,0,0,0,0,0,0,0,2,1,0,0,0
2021-04-09,5,2,0,0,0,0,0,3,1,2,1,0,0,0,0,0,0,0,0,0,0,1,1,0,0,0,0,0,0,0,0,1,1,0,0
2021-04-10,10,5,0,0,0,1,0,5,3,3,3,0,0,0,0,0,0,0,0,0,3,0,2,0,0,0,0,0,0,0,3,0,2,0,0
2021-04-11,7,3,0,0,0,0,1,0,2,4,3,0,0,0,0,0,0,0,0,0,0,2,1,0,0,0,0,0,0,0,0,2,1,0,0
2021-04-12,5,2,0,0,0,0,0,3,3,1,0,0,0,0,0,0,0,0,0,1,1,0,0,0,0,0,0,0,0,1,1,0,0,0,0
2021-04-13,9,3,0,0,1,0,0,0,1,5,5,0,0,0,0,0,0,0,0,0,0,2,1,0,0,0,0,0,0,0,0,2,1,0,0
2021-04-14,11,3,0,0,0,0,1,0,6,2,4,1,0,0,0,0,0,0,0,0,1,0,1,1,0,0,0,0,0,0,1,0,1,1,0
2021-04-15,8,5,0,0,0,0,0,3,1,7,2,0,0,0,0,0,0,0,0,0,0,3,2,0,0,0,0,0,0,0,0,3,2,0,0
2021-04-16,8,7,0,0,0,0,1,1,4,5,3,1,0,0,0,0,0,0,1,1,1,2,1,1,0,0,0,0,1,1,1,2,1,1,0
2021-04-17,13,3,0,0,0,0,1,2,8,3,2,0,0,0,0,0,0,0,0,0,1,1,1,0,0,0,0,0,0,0,1,1,1,0,0
2021-04-18,6,10,0,0,0,0,1,3,3,6,2,1,0,0,0,0,0,0,1,2,1,3,2,1,0,0,0,0,1,2,1,3,2,1,0
2021-04-19,6,3,0,0,0,0,1,2,0,3,1,2,0,0,0,0,0,0,0,0,0,2,0,1,0,0,0,0,0,0,0,2,0,1,0
2021-04-20,11,6,0,0,0,1,2,4,2,3,4,1,0,0,0,0,0,0,0,2,1,1,2,0,0,0,0,0,0,2,1,1,2,0,0
2021-04-21,7,8,0,0,0,0,1,2,3,5,2,2,0,0,0,0,0,0,1,1,2,1,1,2,0,0,0,0,1,1,2,1,1,2,0
2021-04-22,9,7,0,0,0,0,1,1,6,7,1,0,0,0,0,0,0,0,0,0,3,3,1,0,0,0,0,0,0,0,3,3,1,0,0
2021-04-23,18,18,0,0,0,0,0,1,5,13,15,2,0,0,0,0,0,0,0,0,1,5,10,2,0,0,0,0,0,0,1,5,10,2,0
2021-04-24,9,5,0,0,0,0,1,1,4,6,2,0,0,0,0,0,0,0,0,0,0,4,1,0,0,0,0,0,0,0,0,4,1,0,0
2021-04-25,4,10,0,0,0,0,1,1,1,6,5,0,0,0,0,0,0,0,1,1,0,5,3,0,0,0,0,0,1,1,0,5,3,0,0
2021-04-26,8,4,0,0,0,0,2,1,4,1,4,0,0,0,0,0,0,0,2,0,0,1,1,0,0,0,0,0,2,0,0,1,1,0,0
2021-04-27,6,4,0,0,0,0,0,3,3,2,1,1,0,0,0,0,0,0,0,2,0,1,0,1,0,0,0,0,0,2,0,1,0,1,0
2021-04-28,10,10,0,0,0,0,1,2,6,9,1,1,0,0,0,0,0,0,0,1,2,5,1,1,0,0,0,0,0,1,2,5,1,1,0
2021-04-29,12,4,0,0,0,1,2,0,4,6,3,0,0,0,0,0,0,0,0,0,1,3,0,0,0,0,0,0,0,0,1,3,0,0,0
2021-04-30,6,6,0,0,0,1,0,1,2,6,1,1,0,0,0,0,0,1,0,1,0,2,1,1,0,0,0,1,0,1,0,2,1,1,0
2021-05-01,11,8,0,0,0,0,1,5,6,3,3,1,0,0,0,0,0,0,0,2,1,3,1,1,0,0,0,0,0,2,1,3,1,1,0
2021-05-02,6,9,0,0,0,1,0,1,3,5,5,0,0,0,0,0,0,0,0,1,3,2,3,0,0,0,0,0,0,1,3,2,3,0,0
2021-05-03,3,3,0,0,0,0,1,0,3,1,1,0,0,0,0,0,0,0,0,0,2,0,1,0,0,0,0,0,0,0,2,0,1,0,0
2021-05-04,7,5,0,0,0,0,0,2,4,3,3,0,0,0,0,0,0,0,0,1,1,1,2,0,0,0,0,0,0,1,1,1,2,0,0
2021-05-05,8,2,0,0,0,1,2,3,3,1,0,0,0,0,0,0,0,0,0,0,2,0,0,0,0,0,0,0,0,0,2,0,0,0,0
2021-05-06,6,6,0,0,1,0,2,1,4,1,3,0,0,0,0,0,0,0,2,0,0,1,3,0,0,0,0,0,2,0,0,1,3,0,0
2021-05-07,5,4,0,0,0,0,0,5,2,1,1,0,0,0,0,0,0,0,0,2,1,1,0,0,0,0,0,0,0,2,1,1,0,0,0
2021-05-08,8,7,0,0,1,0,0,3,8,2,1,0,0,0,0,0,0,0,0,2,4,1,0,0,0,0,0,0,0,2,4,1,0,0,0
2021-05-09,9,6,0,0,0,0,1,2,3,4,5,0,0,0,0,0,0,0,0,0,0,2,4,0,0,0,0,0,0,0,0,2,4,0,0
2021-05-10,6,4,0,0,0,0,0,1,2,6,0,1,0,0,0,0,0,0,0,1,0,2,0,1,0,0,0,0,0,1,0,2,0,1,0
2021-05-11,7,4,0,0,0,0,1,1,5,3,1,0,0,0,0,0,0,0,0,1,1,1,1,0,0,0,0,0,0,1,1,1,1,0,0
2021-05-12,9,2,0,0,0,1,0,0,2,4,4,0,0,0,0,0,0,0,0,0,0,2,0,0,0,0,0,0,0,0,0,2,0,0,0
2021-05-13,8,1,0,0,0,1,0,1,3,4,0,0,0,0,0,0,0,0,0,0,1,0,0,0,0,0,0,0,0,0,1,0,0,0,0
2021-05-14,6,10,0,0,0,0,0,1,9,5,1,0,0,0,0,0,0,0,0,1,4,4,1,0,0,0,0,0,0,1,4,4,1,0,0
2021-05-15,3,4,0,0,0,0,0,3,2,2,0,0,0,0,0,0,0,0,0,2,1,1,0,0,0,0,0,0,0,2,1,1,0,0,0
2021-05-16,8,3,0,0,0,1,0,2,3,3,1,1,0,0,0,0,0,0,0,0,2,0,0,1,0,0,0,0,0,0,2,0,0,1,0
2021-05-17,2,6,0,0,0,0,1,1,1,5,0,0,0,0,0,0,0,0,0,0,1,5,0,0,0,0,0,0,0,0,1,5,0,0,0
2021-05-18,5,4,0,0,0,0,0,3,3,2,1,0,0,0,0,0,0,0,0,1,2,1,0,0,0,0,0,0,0,1,2,1,0,0,0
2021-05-19,6,11,0,0,1,0,0,5,3,5,2,1,0,0,0,0,0,0,0,2,3,3,2,1,0,0,0,0,0,2,3,3,2,1,0
2021-05-20,9,2,0,0,0,0,0,0,3,6,2,0,0,0,0,0,0,0,0,0,0,1,1,0,0,0,0,0,0,0,0,1,1,0,0
2021-05-21,8,5,0,0,0,2,1,0,7,2,1,0,0,0,0,0,0,0,0,0,2,2,1,0,0,0,0,0,0,0,2,2,1,0,0
2021-05-22,9,6,0,0,0,0,0,3,5,4,3,0,0,0,0,0,0,0,0,1,2,2,1,0,0,0,0,0,0,1,2,2,1,0,0
2021-05-23,11,7,0,0,0,2,1,2,7,4,2,0,0,0,0,0,0,1,1,1,2,0,2,0,0,0,0,1,1,1,2,0,2,0,0
2021-05-24,7,2,0,0,0,1,1,2,3,2,0,0,0,0,0,0,0,0,1,0,0,1,0,0,0,0,0,0,1,0,0,1,0,0,0
2021-05-25,7,6,0,0,1,1,0,3,3,3,2,0,0,0,0,0,1,0,0,1,2,1,1,0,0,0,1,0,0,1,2,1,1,0,0
2021-05-26,7,10,0,0,1,0,0,3,6,6,1,0,0,0,0,0,1,0,0,1,2,5,1,0,0,0,1,0,0,1,2,5,1,0,0
2021-05-27,7,10,0,0,0,1,2,2,3,4,4,1,0,0,0,0,0,0,1,0,3,3,2,1,0,0,0,0,1,0,3,3,2,1,0
2021-05-28,6,6,0,0,0,0,1,1,5,2,2,1,0,0,0,0,0,0,0,0,2,2,2,0,0,0,0,0,0,0,2,2,2,0,0
2021-05-29,8,5,0,1,0,0,3,3,3,2,1,0,0,0,0,1,0,0,0,1,0,2,1,0,0,1,0,0,0,1,0,2,1,0,0
2021-05-30,2,3,0,0,0,0,0,0,3,2,0,0,0,0,0,0,0,0,0,0,2,1,0,0,0,0,0,0,0,0,2,1,0,0,0
2021-05-31,5,4,0,0,0,0,1,1,3,4,0,0,0,0,0,0,0,0,0,0,1,3,0,0,0,0,0,0,0,0,1,3,0,0,0
2021-06-01,11,2,0,0,0,0,1,4,5,1,2,0,0,0,0,0,0,0,0,1,0,0,1,0,0,0,0,0,0,1,0,0,1,0,0
2021-06-02,13,7,0,0,1,0,1,7,4,5,2,0,0,0,0,0,1,0,0,2,2,1,1,0,0,0,1,0,0,2,2,1,1,0,0
2021-06-03,11,8,0,0,1,1,1,6,6,3,1,0,0,0,0,0,0,1,1,1,4,1,0,0,0,0,0,1,1,1,4,1,0,0,0
2021-06-04,13,3,0,0,0,0,2,4,6,3,0,0,1,0,0,0,0,0,0,0,2,1,0,0,0,0,0,0,0,0,2,1,0,0,0
2021-06-05,6,5,0,0,0,0,2,1,3,4,1,0,0,0,0,0,0,0,2,1,1,1,0,0,0,0,0,0,2,1,1,1,0,0,0
2021-06-06,5,3,0,0,0,1,0,0,5,1,1,0,0,0,0,0,0,1,0,0,2,0,0,0,0,0,0,1,0,0,2,0,0,0,0
2021-06-07,4,0,0,0,0,0,0,1,2,1,0,0,0,0,0,0,0,0,0,0,0,0,0,0,0,0,0,0,0,0,0,0,0,0,0
2021-06-08,7,5,0,0,0,1,0,1,5,4,1,0,0,0,0,0,0,0,0,0,1,3,1,0,0,0,0,0,0,0,1,3,1,0,0
2021-06-09,8,3,0,1,0,0,3,1,6,0,0,0,0,0,0,1,0,0,1,1,0,0,0,0,0,1,0,0,1,1,0,0,0,0,0
2021-06-10,3,5,0,0,0,0,0,1,2,4,1,0,0,0,0,0,0,0,0,1,0,4,0,0,0,0,0,0,0,1,0,4,0,0,0
2021-06-11,9,9,0,0,1,0,1,5,7,0,4,0,0,0,0,0,0,0,0,1,5,0,3,0,0,0,0,0,0,1,5,0,3,0,0
2021-06-12,7,5,0,0,0,1,2,3,5,0,1,0,0,0,0,0,0,0,0,2,3,0,0,0,0,0,0,0,0,2,3,0,0,0,0
2021-06-13,8,5,0,0,0,0,1,2,4,5,1,0,0,0,0,0,0,0,0,2,2,1,0,0,0,0,0,0,0,2,2,1,0,0,0
2021-06-14,3,3,0,0,0,0,1,2,0,3,0,0,0,0,0,0,0,0,0,1,0,2,0,0,0,0,0,0,0,1,0,2,0,0,0
2021-06-15,6,3,0,0,0,1,1,2,3,1,1,0,0,0,0,0,0,0,0,1,1,0,1,0,0,0,0,0,0,1,1,0,1,0,0
2021-06-16,3,4,0,0,0,1,1,1,4,0,0,0,0,0,0,0,0,1,1,0,2,0,0,0,0,0,0,1,1,0,2,0,0,0,0
2021-06-17,4,3,0,0,1,0,2,1,2,0,0,1,0,0,0,0,1,0,1,0,0,0,0,1,0,0,1,0,1,0,0,0,0,1,0
2021-06-18,0,0,0,0,0,0,0,0,0,0,0,0,0,0,0,0,0,0,0,0,0,0,0,0,0,0,0,0,0,0,0,0,0,0,0
2021-06-19,3,1,0,0,0,0,0,0,4,0,0,0,0,0,0,0,0,0,0,0,1,0,0,0,0,0,0,0,0,0,1,0,0,0,0
2021-06-20,4,1,0,0,0,0,0,0,1,2,2,0,0,0,0,0,0,0,0,0,0,0,1,0,0,0,0,0,0,0,0,0,1,0,0
2021-06-21,4,1,0,0,0,0,2,1,1,1,0,0,0,0,0,0,0,0,0,1,0,0,0,0,0,0,0,0,0,1,0,0,0,0,0
2021-06-22,3,2,0,0,0,0,0,0,3,1,1,0,0,0,0,0,0,0,0,0,2,0,0,0,0,0,0,0,0,0,2,0,0,0,0
2021-06-23,3,0,0,0,0,0,0,0,1,2,0,0,0,0,0,0,0,0,0,0,0,0,0,0,0,0,0,0,0,0,0,0,0,0,0
2021-06-24,0,0,0,0,0,0,0,0,0,0,0,0,0,0,0,0,0,0,0,0,0,0,0,0,0,0,0,0,0,0,0,0,0,0,0
