tDate,NewSum,NewInflowChina,NewInflowAsia,NewInflowEU,NewInflowAmerica,NewInflowAfrica,NewInflowOS,NewConfirmQuarantine,NewConfirmSocial,NewNationalityLocal,NewNationalityForeigner,AccSum,AccInflowChina,AccInflowAsia,AccInflowEU,AccInflowAmerica,AccInflowAfrica,AccInflowOS,AccConfirmQuarantine,AccConfirmSocial,AccNationalityLocal,AccNationalityForeigner
2020-03-02,0,0,0,0,0,0,0,0,0,0,0,0,0,0,0,0,0,0,0,0,0,0
2020-03-03,0,0,0,0,0,0,0,0,0,0,0,0,0,0,0,0,0,0,0,0,0,0
2020-03-04,0,0,0,0,0,0,0,0,0,0,0,0,0,0,0,0,0,0,0,0,0,0
2020-03-05,0,0,0,0,0,0,0,0,0,0,0,0,0,0,0,0,0,0,0,0,0,0
2020-03-06,0,0,0,0,0,0,0,0,0,0,0,0,0,0,0,0,0,0,0,0,0,0
2020-03-07,0,0,0,0,0,0,0,0,0,0,0,0,0,0,0,0,0,0,0,0,0,0
2020-03-08,0,0,0,0,0,0,0,0,0,0,0,0,0,0,0,0,0,0,0,0,0,0
2020-03-09,0,0,0,0,0,0,0,0,0,0,0,0,0,0,0,0,0,0,0,0,0,0
2020-03-10,0,0,0,0,0,0,0,0,0,0,0,0,0,0,0,0,0,0,0,0,0,0
2020-03-11,0,0,0,0,0,0,0,0,0,0,0,0,0,0,0,0,0,0,0,0,0,0
2020-03-12,0,0,0,0,0,0,0,0,0,0,0,0,0,0,0,0,0,0,0,0,0,0
2020-03-13,0,0,0,0,0,0,0,0,0,0,0,0,0,0,0,0,0,0,0,0,0,0
2020-03-14,0,0,0,0,0,0,0,0,0,0,0,0,0,0,0,0,0,0,0,0,0,0
2020-03-15,0,0,0,0,0,0,0,0,0,0,0,0,0,0,0,0,0,0,0,0,0,0
2020-03-16,0,0,0,0,0,0,0,0,0,0,0,0,0,0,0,0,0,0,0,0,0,0
2020-03-17,0,0,0,0,0,0,0,0,0,0,0,0,0,0,0,0,0,0,0,0,0,0
2020-03-18,0,0,0,0,0,0,0,0,0,0,0,0,0,0,0,0,0,0,0,0,0,0
2020-03-19,0,0,0,0,0,0,0,0,0,0,0,0,0,0,0,0,0,0,0,0,0,0
2020-03-20,0,0,0,0,0,0,0,0,0,0,0,0,0,0,0,0,0,0,0,0,0,0
2020-03-21,0,0,0,0,0,0,0,0,0,0,0,0,0,0,0,0,0,0,0,0,0,0
2020-03-22,0,0,0,0,0,0,0,0,0,0,0,0,0,0,0,0,0,0,0,0,0,0
2020-03-23,0,0,0,0,0,0,0,0,0,0,0,0,0,0,0,0,0,0,0,0,0,0
2020-03-24,0,0,0,0,0,0,0,0,0,0,0,0,0,0,0,0,0,0,0,0,0,0
2020-03-25,0,0,0,0,0,0,0,0,0,0,0,0,0,0,0,0,0,0,0,0,0,0
2020-03-26,0,0,0,0,0,0,0,0,0,0,0,0,0,0,0,0,0,0,0,0,0,0
2020-03-27,0,0,0,0,0,0,0,0,0,0,0,0,0,0,0,0,0,0,0,0,0,0
2020-03-28,0,0,0,0,0,0,0,0,0,0,0,0,0,0,0,0,0,0,0,0,0,0
2020-03-29,0,0,0,0,0,0,0,0,0,0,0,0,0,0,0,0,0,0,0,0,0,0
2020-03-30,29,0,1,12,16,0,0,13,16,27,2,476,17,56,262,139,2,0,202,274,436,40
2020-03-31,29,0,2,13,14,0,0,15,14,28,1,518,17,60,282,157,2,0,217,301,476,42
2020-04-01,36,0,4,14,17,1,0,7,29,33,3,560,17,64,298,178,3,0,224,336,514,46
2020-04-02,36,0,3,15,18,0,0,18,18,32,4,601,17,67,316,198,3,0,242,359,551,50
2020-04-03,38,0,3,20,15,0,0,22,16,36,2,647,17,71,338,218,3,0,264,383,595,52
2020-04-04,0,0,0,0,0,0,0,0,0,0,0,0,0,0,0,0,0,0,0,0,0,0
2020-04-05,0,0,0,0,0,0,0,0,0,0,0,0,0,0,0,0,0,0,0,0,0,0
2020-04-06,0,0,0,0,0,0,0,0,0,0,0,0,0,0,0,0,0,0,0,0,0,0
2020-04-07,0,0,0,0,0,0,0,0,0,0,0,0,0,0,0,0,0,0,0,0,0,0
2020-04-08,0,0,0,0,0,0,0,0,0,0,0,0,0,0,0,0,0,0,0,0,0,0
2020-04-09,0,0,0,0,0,0,0,0,0,0,0,0,0,0,0,0,0,0,0,0,0,0
2020-04-10,0,0,0,0,0,0,0,0,0,0,0,0,0,0,0,0,0,0,0,0,0,0
2020-04-11,0,0,0,0,0,0,0,0,0,0,0,0,0,0,0,0,0,0,0,0,0,0
2020-04-12,0,0,0,0,0,0,0,0,0,0,0,0,0,0,0,0,0,0,0,0,0,0
2020-04-13,0,0,0,0,0,0,0,0,0,0,0,0,0,0,0,0,0,0,0,0,0,0
2020-04-14,0,0,0,0,0,0,0,0,0,0,0,0,0,0,0,0,0,0,0,0,0,0
2020-04-15,0,0,0,0,0,0,0,0,0,0,0,0,0,0,0,0,0,0,0,0,0,0
2020-04-16,0,0,0,0,0,0,0,0,0,0,0,0,0,0,0,0,0,0,0,0,0,0
2020-04-17,0,0,0,0,0,0,0,0,0,0,0,0,0,0,0,0,0,0,0,0,0,0
2020-04-18,0,0,0,0,0,0,0,0,0,0,0,0,0,0,0,0,0,0,0,0,0,0
2020-04-19,0,0,0,0,0,0,0,0,0,0,0,0,0,0,0,0,0,0,0,0,0,0
2020-04-20,0,0,0,0,0,0,0,0,0,0,0,0,0,0,0,0,0,0,0,0,0,0
2020-04-21,0,0,0,0,0,0,0,0,0,0,0,0,0,0,0,0,0,0,0,0,0,0
2020-04-22,0,0,0,0,0,0,0,0,0,0,0,0,0,0,0,0,0,0,0,0,0,0
2020-04-23,0,0,0,0,0,0,0,0,0,0,0,0,0,0,0,0,0,0,0,0,0,0
2020-04-24,0,0,0,0,0,0,0,0,0,0,0,0,0,0,0,0,0,0,0,0,0,0
2020-04-25,0,0,0,0,0,0,0,0,0,0,0,0,0,0,0,0,0,0,0,0,0,0
2020-04-26,0,0,0,0,0,0,0,0,0,0,0,0,0,0,0,0,0,0,0,0,0,0
2020-04-27,0,0,0,0,0,0,0,0,0,0,0,0,0,0,0,0,0,0,0,0,0,0
2020-04-28,0,0,0,0,0,0,0,0,0,0,0,0,0,0,0,0,0,0,0,0,0,0
2020-04-29,0,0,0,0,0,0,0,0,0,0,0,0,0,0,0,0,0,0,0,0,0,0
2020-04-30,0,0,0,0,0,0,0,0,0,0,0,0,0,0,0,0,0,0,0,0,0,0
2020-05-01,0,0,0,0,0,0,0,0,0,0,0,0,0,0,0,0,0,0,0,0,0,0
2020-05-02,0,0,0,0,0,0,0,0,0,0,0,0,0,0,0,0,0,0,0,0,0,0
2020-05-03,0,0,0,0,0,0,0,0,0,0,0,0,0,0,0,0,0,0,0,0,0,0
2020-05-04,0,0,0,0,0,0,0,0,0,0,0,0,0,0,0,0,0,0,0,0,0,0
2020-05-05,0,0,0,0,0,0,0,0,0,0,0,0,0,0,0,0,0,0,0,0,0,0
2020-05-06,0,0,0,0,0,0,0,0,0,0,0,0,0,0,0,0,0,0,0,0,0,0
2020-05-07,0,0,0,0,0,0,0,0,0,0,0,0,0,0,0,0,0,0,0,0,0,0
2020-05-08,0,0,0,0,0,0,0,0,0,0,0,0,0,0,0,0,0,0,0,0,0,0
2020-05-09,0,0,0,0,0,0,0,0,0,0,0,0,0,0,0,0,0,0,0,0,0,0
2020-05-10,0,0,0,0,0,0,0,0,0,0,0,0,0,0,0,0,0,0,0,0,0,0
2020-05-11,0,0,0,0,0,0,0,0,0,0,0,0,0,0,0,0,0,0,0,0,0,0
2020-05-12,0,0,0,0,0,0,0,0,0,0,0,0,0,0,0,0,0,0,0,0,0,0
2020-05-13,0,0,0,0,0,0,0,0,0,0,0,0,0,0,0,0,0,0,0,0,0,0
2020-05-14,0,0,0,0,0,0,0,0,0,0,0,0,0,0,0,0,0,0,0,0,0,0
2020-05-15,0,0,0,0,0,0,0,0,0,0,0,0,0,0,0,0,0,0,0,0,0,0
2020-05-16,0,0,0,0,0,0,0,0,0,0,0,0,0,0,0,0,0,0,0,0,0,0
2020-05-17,0,0,0,0,0,0,0,0,0,0,0,0,0,0,0,0,0,0,0,0,0,0
2020-05-18,0,0,0,0,0,0,0,0,0,0,0,0,0,0,0,0,0,0,0,0,0,0
2020-05-19,0,0,0,0,0,0,0,0,0,0,0,0,0,0,0,0,0,0,0,0,0,0
2020-05-20,0,0,0,0,0,0,0,0,0,0,0,0,0,0,0,0,0,0,0,0,0,0
2020-05-21,0,0,0,0,0,0,0,0,0,0,0,0,0,0,0,0,0,0,0,0,0,0
2020-05-22,0,0,0,0,0,0,0,0,0,0,0,0,0,0,0,0,0,0,0,0,0,0
2020-05-23,0,0,0,0,0,0,0,0,0,0,0,0,0,0,0,0,0,0,0,0,0,0
2020-05-24,0,0,0,0,0,0,0,0,0,0,0,0,0,0,0,0,0,0,0,0,0,0
2020-05-25,0,0,0,0,0,0,0,0,0,0,0,0,0,0,0,0,0,0,0,0,0,0
2020-05-26,0,0,0,0,0,0,0,0,0,0,0,0,0,0,0,0,0,0,0,0,0,0
2020-05-27,0,0,0,0,0,0,0,0,0,0,0,0,0,0,0,0,0,0,0,0,0,0
2020-05-28,0,0,0,0,0,0,0,0,0,0,0,0,0,0,0,0,0,0,0,0,0,0
2020-05-29,0,0,0,0,0,0,0,0,0,0,0,0,0,0,0,0,0,0,0,0,0,0
2020-05-30,0,0,0,0,0,0,0,0,0,0,0,0,0,0,0,0,0,0,0,0,0,0
2020-05-31,0,0,0,0,0,0,0,0,0,0,0,0,0,0,0,0,0,0,0,0,0,0
2020-06-01,0,0,0,0,0,0,0,0,0,0,0,0,0,0,0,0,0,0,0,0,0,0
2020-06-02,0,0,0,0,0,0,0,0,0,0,0,0,0,0,0,0,0,0,0,0,0,0
2020-06-03,0,0,0,0,0,0,0,0,0,0,0,0,0,0,0,0,0,0,0,0,0,0
2020-06-04,0,0,0,0,0,0,0,0,0,0,0,0,0,0,0,0,0,0,0,0,0,0
2020-06-05,0,0,0,0,0,0,0,0,0,0,0,0,0,0,0,0,0,0,0,0,0,0
2020-06-06,0,0,0,0,0,0,0,0,0,0,0,0,0,0,0,0,0,0,0,0,0,0
2020-06-07,0,0,0,0,0,0,0,0,0,0,0,0,0,0,0,0,0,0,0,0,0,0
2020-06-08,0,0,0,0,0,0,0,0,0,0,0,0,0,0,0,0,0,0,0,0,0,0
2020-06-09,0,0,0,0,0,0,0,0,0,0,0,0,0,0,0,0,0,0,0,0,0,0
2020-06-10,0,0,0,0,0,0,0,0,0,0,0,0,0,0,0,0,0,0,0,0,0,0
2020-06-11,0,0,0,0,0,0,0,0,0,0,0,0,0,0,0,0,0,0,0,0,0,0
2020-06-12,0,0,0,0,0,0,0,0,0,0,0,0,0,0,0,0,0,0,0,0,0,0
2020-06-13,0,0,0,0,0,0,0,0,0,0,0,0,0,0,0,0,0,0,0,0,0,0
2020-06-14,0,0,0,0,0,0,0,0,0,0,0,0,0,0,0,0,0,0,0,0,0,0
2020-06-15,0,0,0,0,0,0,0,0,0,0,0,0,0,0,0,0,0,0,0,0,0,0
2020-06-16,0,0,0,0,0,0,0,0,0,0,0,0,0,0,0,0,0,0,0,0,0,0
2020-06-17,0,0,0,0,0,0,0,0,0,0,0,0,0,0,0,0,0,0,0,0,0,0
2020-06-18,0,0,0,0,0,0,0,0,0,0,0,0,0,0,0,0,0,0,0,0,0,0
2020-06-19,0,0,0,0,0,0,0,0,0,0,0,0,0,0,0,0,0,0,0,0,0,0
2020-06-20,0,0,0,0,0,0,0,0,0,0,0,0,0,0,0,0,0,0,0,0,0,0
2020-06-21,0,0,0,0,0,0,0,0,0,0,0,0,0,0,0,0,0,0,0,0,0,0
2020-06-22,0,0,0,0,0,0,0,0,0,0,0,0,0,0,0,0,0,0,0,0,0,0
2020-06-23,0,0,0,0,0,0,0,0,0,0,0,0,0,0,0,0,0,0,0,0,0,0
2020-06-24,0,0,0,0,0,0,0,0,0,0,0,0,0,0,0,0,0,0,0,0,0,0
2020-06-25,0,0,0,0,0,0,0,0,0,0,0,0,0,0,0,0,0,0,0,0,0,0
2020-06-26,0,0,0,0,0,0,0,0,0,0,0,0,0,0,0,0,0,0,0,0,0,0
2020-06-27,0,0,0,0,0,0,0,0,0,0,0,0,0,0,0,0,0,0,0,0,0,0
2020-06-28,0,0,0,0,0,0,0,0,0,0,0,0,0,0,0,0,0,0,0,0,0,0
2020-06-29,0,0,0,0,0,0,0,0,0,0,0,0,0,0,0,0,0,0,0,0,0,0
2020-06-30,0,0,0,0,0,0,0,0,0,0,0,0,0,0,0,0,0,0,0,0,0,0
2020-07-01,0,0,0,0,0,0,0,0,0,0,0,0,0,0,0,0,0,0,0,0,0,0
2020-07-02,0,0,0,0,0,0,0,0,0,0,0,0,0,0,0,0,0,0,0,0,0,0
2020-07-03,0,0,0,0,0,0,0,0,0,0,0,0,0,0,0,0,0,0,0,0,0,0
2020-07-04,0,0,0,0,0,0,0,0,0,0,0,0,0,0,0,0,0,0,0,0,0,0
2020-07-05,0,0,0,0,0,0,0,0,0,0,0,0,0,0,0,0,0,0,0,0,0,0
2020-07-06,0,0,0,0,0,0,0,0,0,0,0,0,0,0,0,0,0,0,0,0,0,0
2020-07-07,0,0,0,0,0,0,0,0,0,0,0,0,0,0,0,0,0,0,0,0,0,0
2020-07-08,0,0,0,0,0,0,0,0,0,0,0,0,0,0,0,0,0,0,0,0,0,0
2020-07-09,0,0,0,0,0,0,0,0,0,0,0,0,0,0,0,0,0,0,0,0,0,0
2020-07-10,0,0,0,0,0,0,0,0,0,0,0,0,0,0,0,0,0,0,0,0,0,0
2020-07-11,0,0,0,0,0,0,0,0,0,0,0,0,0,0,0,0,0,0,0,0,0,0
2020-07-12,0,0,0,0,0,0,0,0,0,0,0,0,0,0,0,0,0,0,0,0,0,0
2020-07-13,0,0,0,0,0,0,0,0,0,0,0,0,0,0,0,0,0,0,0,0,0,0
2020-07-14,0,0,0,0,0,0,0,0,0,0,0,0,0,0,0,0,0,0,0,0,0,0
2020-07-15,0,0,0,0,0,0,0,0,0,0,0,0,0,0,0,0,0,0,0,0,0,0
2020-07-16,0,0,0,0,0,0,0,0,0,0,0,0,0,0,0,0,0,0,0,0,0,0
2020-07-17,0,0,0,0,0,0,0,0,0,0,0,0,0,0,0,0,0,0,0,0,0,0
2020-07-18,0,0,0,0,0,0,0,0,0,0,0,0,0,0,0,0,0,0,0,0,0,0
2020-07-19,0,0,0,0,0,0,0,0,0,0,0,0,0,0,0,0,0,0,0,0,0,0
2020-07-20,22,0,18,0,4,0,0,10,12,10,12,2067,19,807,513,700,27,1,960,1107,1410,657
2020-07-21,25,0,15,2,6,2,0,18,7,14,11,2092,19,818,516,706,29,4,978,1114,1424,668
2020-07-22,34,0,28,1,5,0,0,19,15,15,19,2125,18,846,517,711,29,4,997,1128,1438,687
2020-07-23,20,0,10,1,9,0,0,5,15,5,15,2145,18,856,518,720,29,4,1002,1143,1443,702
2020-07-24,13,0,8,0,4,0,1,3,10,6,7,2158,18,864,518,724,29,5,1005,1153,1449,709
2020-07-25,86,0,78,2,3,3,0,81,5,43,43,2244,18,942,520,727,32,5,1086,1158,1492,752
2020-07-26,46,0,42,0,4,0,0,42,4,43,3,2290,18,984,520,731,32,5,1128,1162,1535,755
2020-07-27,16,0,14,1,1,0,0,7,9,9,7,2306,18,998,521,732,32,5,1135,1171,1544,762
2020-07-28,23,0,13,0,6,4,0,10,13,14,9,2329,18,1011,521,738,36,5,1145,1184,1558,771
2020-07-29,34,0,25,1,8,0,0,21,13,12,22,2363,18,1036,523,746,35,5,1166,1197,1570,793
2020-07-30,11,0,9,0,2,0,0,8,3,9,2,2374,18,1045,523,748,35,5,1174,1200,1579,795
2020-07-31,22,0,15,2,5,0,0,12,10,15,7,2396,18,1060,525,753,35,5,1186,1210,1594,802
2020-08-01,23,0,20,1,1,1,0,19,4,21,2,2419,18,1080,526,754,36,5,1205,1214,1615,804
2020-08-02,22,0,18,0,4,0,0,17,5,11,11,2441,18,1098,526,758,36,5,1222,1219,1626,815
2020-08-03,20,0,15,0,3,2,0,14,6,14,6,2461,18,1113,526,761,38,5,1236,1225,1640,821
2020-08-04,21,0,6,0,11,4,0,7,14,7,14,2482,18,1119,526,772,42,5,1243,1239,1647,835
2020-08-05,18,0,10,1,6,1,0,6,12,11,7,2500,18,1129,527,778,43,5,1249,1251,1658,842
2020-08-06,20,0,11,1,7,1,0,6,14,12,8,2520,18,1140,528,785,44,5,1255,1265,1670,850
2020-08-07,11,0,6,0,4,1,0,5,6,5,6,2531,18,1146,528,789,45,5,1260,1271,1675,856
2020-08-08,13,0,7,1,4,1,0,5,8,5,8,2544,18,1153,529,793,46,5,1265,1279,1680,864
2020-08-09,6,0,5,0,1,0,0,1,5,1,5,2550,18,1158,529,794,46,5,1266,1284,1681,869
2020-08-10,11,0,6,1,3,1,0,6,5,5,6,2561,18,1164,530,797,47,5,1272,1289,1686,875
2020-08-11,11,0,4,1,5,1,0,3,8,2,9,2572,18,1168,531,802,48,5,1275,1297,1688,884
2020-08-12,19,0,11,0,4,4,0,8,11,13,6,2591,18,1179,531,806,52,5,1283,1308,1701,890
2020-08-13,9,0,6,0,2,1,0,3,6,4,5,2600,18,1185,531,808,53,5,1286,1314,1705,895
2020-08-14,18,0,4,1,9,4,0,7,11,6,12,2618,18,1189,532,817,57,5,1293,1325,1711,907
2020-08-15,11,0,5,0,5,1,0,2,9,4,7,2629,18,1194,532,822,58,5,1295,1334,1715,914
2020-08-16,12,1,8,1,1,1,0,0,12,3,9,2642,19,1202,534,823,59,5,1295,1347,1719,923
2020-08-17,9,0,5,1,1,2,0,2,7,4,5,2651,19,1207,535,824,61,5,1297,1354,1723,928
2020-08-18,11,0,3,2,3,3,0,6,5,6,5,2662,19,1210,537,827,64,5,1303,1359,1729,933
2020-08-19,14,0,8,2,4,0,0,2,12,2,12,2676,19,1218,539,831,64,5,1305,1371,1731,945
2020-08-20,12,0,3,4,5,0,0,2,10,5,7,2688,19,1221,543,836,64,5,1307,1381,1736,952
2020-08-21,9,0,5,0,3,1,0,3,6,5,4,2697,19,1226,543,839,65,5,1310,1387,1741,956
2020-08-22,17,0,11,0,3,3,0,4,13,5,12,2716,19,1239,543,842,68,5,1314,1402,1747,969
2020-08-23,10,0,9,1,0,0,0,4,6,4,6,2726,19,1248,544,842,68,5,1318,1408,1751,975
2020-08-24,8,0,5,2,1,0,0,4,4,3,5,2734,19,1253,546,843,68,5,1322,1412,1754,980
2020-08-25,16,0,6,2,8,0,0,3,13,3,13,2750,19,1259,548,851,68,5,1325,1425,1757,993
2020-08-26,13,0,7,0,3,3,0,3,10,7,6,2763,19,1266,548,854,71,5,1328,1435,1764,999
2020-08-27,7,0,5,0,2,0,0,3,4,3,4,2770,19,1271,548,856,71,5,1331,1439,1767,1003
2020-08-28,12,0,9,0,3,0,0,8,4,8,4,2782,19,1280,548,859,71,5,1339,1443,1775,1007
2020-08-29,15,0,9,0,5,1,0,5,10,7,8,2797,19,1289,548,864,72,5,1344,1453,1782,1015
2020-08-30,16,1,10,0,5,0,0,7,9,10,6,2813,20,1299,548,869,72,5,1351,1462,1792,1021
2020-08-31,10,0,5,3,2,0,0,3,7,3,7,2823,20,1304,551,871,72,5,1354,1469,1795,1028
2020-09-01,13,0,6,1,2,4,0,4,9,6,7,2836,20,1310,552,873,76,5,1358,1478,1801,1035
2020-09-02,14,0,6,1,7,0,0,3,11,8,6,2851,20,1316,553,881,76,5,1361,1490,1809,1042
2020-09-03,7,0,2,1,3,1,0,3,4,3,4,2858,20,1318,554,884,77,5,1364,1494,1812,1046
2020-09-04,9,2,2,2,2,1,0,4,5,5,4,2867,22,1320,556,886,78,5,1368,1499,1817,1050
2020-09-05,10,1,4,0,5,0,0,4,6,6,4,2877,23,1324,556,891,78,5,1372,1505,1823,1054
2020-09-06,15,0,11,1,3,0,0,4,11,9,6,2892,23,1335,557,894,78,5,1376,1516,1832,1060
2020-09-07,11,0,8,2,0,1,0,4,7,5,6,2903,23,1343,559,894,79,5,1380,1523,1837,1066
2020-09-08,16,0,11,4,0,1,0,4,12,8,8,2921,23,1355,563,895,80,5,1384,1537,1847,1074
2020-09-09,12,0,7,1,3,1,0,4,8,2,10,2933,23,1373,553,898,81,5,1388,1545,1849,1084
2020-09-10,14,0,9,0,3,1,1,4,10,7,7,2947,23,1382,553,901,82,6,1392,1555,1856,1091
2020-09-11,15,0,10,0,1,0,4,9,6,4,11,2963,23,1393,553,902,82,10,1401,1562,1860,1103
2020-09-12,18,0,11,0,3,0,4,10,8,5,13,2981,23,1404,553,905,82,14,1411,1570,1865,1116
2020-09-13,22,0,18,1,3,0,0,7,15,9,13,3003,23,1422,554,908,82,14,1418,1585,1874,1129
2020-09-14,11,0,11,0,0,0,0,5,6,0,11,3014,23,1433,554,908,82,14,1423,1591,1874,1140
2020-09-15,15,0,5,2,8,0,0,5,10,8,7,3029,23,1438,556,916,82,14,1428,1601,1882,1147
2020-09-16,8,0,3,2,2,1,0,2,6,5,3,3038,23,1442,558,918,83,14,1430,1608,1888,1150
2020-09-17,8,0,6,0,2,0,0,2,6,5,3,3046,23,1449,557,920,83,14,1432,1614,1893,1153
2020-09-18,17,0,9,3,5,0,0,2,15,5,12,3063,23,1458,560,925,83,14,1434,1629,1898,1165
2020-09-19,4,0,4,0,0,0,0,1,3,2,2,3067,23,1462,560,925,83,14,1435,1632,1900,1167
2020-09-20,10,0,6,3,1,0,0,6,4,1,9,3077,23,1468,563,926,83,14,1441,1636,1901,1176
2020-09-21,15,0,11,3,0,0,1,10,5,4,11,3092,23,1479,566,926,83,15,1451,1641,1905,1187
2020-09-22,10,0,5,1,4,0,0,2,8,1,9,3102,23,1484,567,930,83,15,1453,1649,1906,1196
2020-09-23,11,0,8,2,1,0,0,6,5,5,6,3114,23,1492,570,931,83,15,1459,1655,1912,1202
2020-09-24,15,0,10,3,2,0,0,5,10,3,12,3129,23,1502,573,933,83,15,1464,1665,1915,1214
2020-09-25,19,0,15,2,2,0,0,6,13,3,16,3149,23,1518,574,936,83,15,1470,1679,1919,1230
2020-09-26,12,0,10,1,1,0,0,9,3,7,5,3161,23,1536,567,937,83,15,1479,1682,1926,1235
2020-09-27,22,0,18,3,1,0,0,11,11,9,13,3183,23,1554,570,938,83,15,1490,1693,1935,1248
2020-09-28,10,0,8,1,1,0,0,7,3,7,3,3193,23,1562,571,939,83,15,1497,1696,1942,1251
2020-09-29,15,0,9,2,4,0,0,9,6,3,12,3208,23,1571,573,943,83,15,1506,1702,1945,1263
2020-09-30,20,0,18,1,1,0,0,5,15,5,15,3228,23,1589,574,944,83,15,1511,1717,1950,1278
2020-10-01,10,0,8,0,1,1,0,6,4,2,8,3237,23,1596,574,945,84,15,1517,1720,1952,1285
2020-10-02,10,0,7,3,0,0,0,6,4,5,5,3247,23,1603,577,945,84,15,1523,1724,1957,1290
2020-10-03,23,0,12,5,3,3,0,14,9,10,13,3270,23,1615,582,948,87,15,1537,1733,1967,1303
2020-10-04,17,0,13,3,1,0,0,9,8,6,11,3287,23,1628,585,949,87,15,1546,1741,1973,1314
2020-10-05,9,0,3,4,2,0,0,2,7,7,2,3296,23,1631,589,951,87,15,1548,1748,1980,1316
2020-10-06,9,0,4,3,1,1,0,5,4,3,6,3305,23,1635,592,952,88,15,1553,1752,1983,1322
2020-10-07,20,1,15,2,0,2,0,7,13,11,9,3325,24,1650,594,952,90,15,1560,1765,1994,1331
2020-10-08,9,0,5,1,3,0,0,3,6,2,7,3334,24,1655,595,955,90,15,1563,1771,1996,1338
2020-10-09,16,0,5,1,8,2,0,6,10,4,12,3350,24,1660,596,963,92,15,1569,1781,2000,1350
2020-10-10,11,0,6,5,0,0,0,5,6,6,5,3361,24,1666,601,963,92,15,1574,1787,2006,1355
2020-10-11,12,0,8,2,2,0,0,3,9,6,6,3373,24,1674,603,965,92,15,1577,1796,2012,1361
2020-10-12,29,0,25,1,2,1,0,9,20,5,24,3402,24,1699,604,967,93,15,1586,1816,2017,1385
2020-10-13,33,0,26,1,6,0,0,21,12,4,29,3435,24,1725,605,973,93,15,1607,1828,2021,1414
2020-10-14,31,0,16,0,15,0,0,14,17,2,29,3466,24,1741,605,988,93,15,1621,1845,2023,1443
2020-10-15,15,0,7,3,4,1,0,6,9,3,12,3470,24,1737,608,992,94,15,1616,1854,2026,1444
2020-10-16,6,0,3,1,2,0,0,3,3,1,5,3476,24,1740,609,994,94,15,1619,1857,2027,1449
2020-10-17,11,0,7,3,1,0,0,5,6,7,4,3487,24,1747,612,995,94,15,1624,1863,2034,1453
2020-10-18,20,0,17,1,2,0,0,13,7,4,16,3507,24,1764,613,997,94,15,1637,1870,2038,1469
2020-10-19,26,0,15,7,3,1,0,12,14,8,18,3533,24,1779,620,1000,95,15,1649,1884,2047,1486
2020-10-20,17,2,3,3,8,1,0,3,14,3,14,3550,26,1782,623,1008,96,15,1652,1898,2050,1500
2020-10-21,34,0,19,11,3,1,0,22,12,9,25,3584,26,1801,634,1011,97,15,1674,1910,2059,1525
2020-10-22,17,0,7,5,3,2,0,9,8,4,13,3599,26,1806,639,1014,99,15,1681,1918,2063,1536
2020-10-23,17,0,8,3,6,0,0,8,9,6,11,3616,26,1814,642,1020,99,15,1689,1927,2069,1547
2020-10-24,11,0,6,1,4,0,0,6,5,4,7,3627,26,1820,643,1024,99,15,1695,1932,2073,1554
2020-10-25,11,0,6,4,0,1,0,9,2,3,8,3638,26,1826,647,1024,100,15,1704,1934,2076,1562
2020-10-26,25,0,17,6,1,1,0,17,8,10,15,3663,26,1843,653,1025,101,15,1721,1942,2086,1577
2020-10-27,16,0,3,6,7,0,0,5,11,6,10,3679,26,1846,659,1032,101,15,1726,1953,2092,1587
2020-10-28,7,0,3,2,0,2,0,2,5,2,5,3686,26,1850,660,1032,103,15,1728,1958,2094,1592
2020-10-29,19,0,10,1,8,0,0,9,10,6,13,3705,26,1860,661,1040,103,15,1737,1968,2100,1605
2020-10-30,21,0,8,4,9,0,0,4,17,11,10,3726,26,1868,665,1049,103,15,1741,1985,2111,1615
2020-10-31,31,0,23,2,6,0,0,25,6,5,26,3755,26,1890,667,1054,103,15,1766,1989,2116,1639
2020-11-01,23,0,19,3,1,0,0,14,9,11,12,3778,26,1909,670,1055,103,15,1780,1998,2127,1651
2020-11-02,18,0,11,4,3,0,0,7,11,6,12,3796,26,1920,674,1058,103,15,1787,2009,2133,1663
2020-11-03,29,0,7,8,13,1,0,12,17,13,16,3825,26,1927,682,1071,104,15,1799,2026,2146,1679
2020-11-04,20,0,7,8,5,0,0,11,9,9,11,3845,26,1934,690,1076,104,15,1810,2035,2155,1690
2020-11-05,17,0,9,5,3,0,0,6,11,5,12,3862,26,1943,695,1079,104,15,1816,2046,2160,1702
2020-11-06,28,0,9,4,12,1,2,11,17,5,23,3890,26,1952,699,1091,105,17,1827,2063,2165,1725
2020-11-07,17,0,4,4,6,3,0,8,9,6,11,3907,26,1956,703,1097,108,17,1835,2072,2171,1736
2020-11-08,25,0,6,9,8,2,0,14,11,17,8,3932,26,1962,712,1105,110,17,1849,2083,2188,1744
2020-11-09,27,0,13,8,5,1,0,11,16,16,11,3959,26,1975,720,1110,111,17,1860,2099,2204,1755
2020-11-10,29,0,5,6,18,0,0,8,21,11,18,3988,26,1980,726,1128,111,17,1868,2120,2215,1773
2020-11-11,33,0,11,6,13,3,0,8,25,18,15,4021,26,1991,732,1141,114,17,1876,2145,2233,1788
2020-11-12,15,0,7,2,1,4,1,9,6,4,11,4036,26,1998,734,1142,118,18,1885,2151,2237,1799
2020-11-13,29,0,11,4,12,2,0,14,15,7,22,4065,26,2009,738,1154,120,18,1899,2166,2244,1821
2020-11-14,39,1,19,8,11,0,0,21,18,19,20,4104,27,2031,746,1165,117,18,1920,2184,2263,1841
2020-11-15,32,0,16,6,10,0,0,18,14,22,10,4136,27,2047,752,1175,117,18,1938,2198,2285,1851
2020-11-16,30,0,24,2,4,0,0,23,7,10,20,4166,27,2071,754,1179,117,18,1961,2205,2295,1871
2020-11-17,28,0,14,2,12,0,0,8,20,8,20,4194,27,2084,756,1191,118,18,1969,2225,2303,1891
2020-11-18,68,0,21,8,38,1,0,50,18,18,50,4262,27,2105,764,1229,119,18,2019,2243,2321,1941
2020-11-19,50,0,23,7,14,6,0,39,11,17,33,4312,27,2128,771,1243,125,18,2058,2254,2338,1974
2020-11-20,43,0,22,4,16,1,0,23,20,12,31,4355,27,2150,775,1259,126,18,2081,2274,2350,2005
2020-11-21,25,0,10,3,12,0,0,9,16,13,12,4380,27,2160,778,1271,126,18,2090,2290,2363,2017
2020-11-22,28,0,16,3,8,1,0,20,8,15,13,4408,27,2176,781,1279,127,18,2110,2298,2378,2030
2020-11-23,16,0,5,5,3,3,0,5,11,10,6,4424,27,2181,786,1282,130,18,2115,2309,2388,2036
2020-11-24,29,0,11,6,11,1,0,10,19,8,21,4453,27,2192,792,1293,131,18,2125,2328,2396,2057
2020-11-25,19,0,6,3,9,1,0,7,12,9,10,4472,27,2198,795,1302,132,18,2132,2340,2405,2067
2020-11-26,30,1,11,6,8,4,0,12,18,14,16,4504,28,2209,801,1311,137,18,2144,2360,2422,2082
2020-11-27,44,0,4,19,20,1,0,31,13,13,31,4548,28,2213,820,1331,138,18,2175,2373,2435,2113
2020-11-28,18,0,8,2,8,0,0,3,15,8,10,4551,28,2221,812,1334,138,18,2164,2387,2443,2108
2020-11-29,37,2,12,9,13,1,0,17,20,27,10,4587,30,2233,821,1346,139,18,2181,2406,2470,2117
2020-11-30,24,0,12,6,6,0,0,10,14,10,14,4550,30,2205,827,1334,136,18,2130,2420,2480,2070
2020-12-01,31,0,6,5,19,1,0,14,17,15,16,4581,30,2211,832,1353,137,18,2144,2437,2495,2086
2020-12-02,18,0,8,4,5,1,0,6,12,11,7,4599,30,2219,836,1358,138,18,2150,2449,2506,2093
2020-12-03,24,0,10,4,9,1,0,13,11,8,16,4623,30,2229,840,1367,139,18,2163,2460,2514,2109
2020-12-04,29,0,18,2,9,0,0,18,11,12,17,4652,30,2247,842,1376,139,18,2181,2471,2526,2126
2020-12-05,24,0,12,3,9,0,0,12,12,8,16,4676,30,2259,846,1384,139,18,2193,2483,2534,2142
2020-12-06,32,0,13,6,12,1,0,12,20,16,16,4708,30,2273,852,1395,140,18,2205,2503,2550,2158
2020-12-07,35,0,14,9,12,0,0,10,25,22,13,4743,30,2286,861,1408,140,18,2215,2528,2572,2171
2020-12-08,28,0,7,1,17,2,1,7,21,12,16,4772,30,2294,862,1425,142,19,2222,2550,2584,2188
2020-12-09,24,0,5,8,11,0,0,9,15,20,4,4789,30,2292,870,1437,142,18,2231,2558,2606,2183
2020-12-10,36,0,10,7,19,0,0,16,20,22,14,4825,30,2301,878,1456,142,18,2240,2585,2627,2198
2020-12-11,16,0,5,3,4,4,0,7,9,5,11,4842,30,2307,881,1460,146,18,2247,2595,2632,2210
2020-12-12,22,0,8,5,7,2,0,12,10,13,9,4864,30,2315,886,1467,148,18,2259,2605,2645,2219
2020-12-13,28,1,13,5,6,3,0,14,14,17,11,4892,31,2328,891,1473,151,18,2273,2619,2662,2230
2020-12-14,36,0,21,2,8,5,0,17,19,22,14,4930,31,2349,893,1481,157,19,2290,2640,2685,2245
2020-12-15,32,1,4,6,19,2,0,8,24,11,21,4962,32,2353,899,1500,159,19,2298,2664,2696,2266
2020-12-16,24,0,11,2,10,1,0,6,18,13,11,4986,32,2364,901,1510,160,19,2304,2682,2710,2276
2020-12-17,21,0,7,5,7,2,0,7,14,11,10,5006,32,2370,906,1517,162,19,2311,2695,2720,2286
2020-12-18,26,0,9,2,13,1,1,9,17,17,9,5032,32,2379,908,1530,163,20,2320,2712,2737,2295
2020-12-19,24,2,5,2,14,1,0,4,20,13,11,5057,34,2385,910,1544,164,20,2324,2733,2751,2306
2020-12-20,25,0,9,6,10,0,0,9,16,18,7,5082,34,2394,916,1554,164,20,2333,2749,2769,2313
2020-12-21,34,0,13,8,13,0,0,10,24,21,13,5116,34,2407,924,1567,164,20,2343,2773,2790,2326
2020-12-22,45,0,20,4,19,2,0,18,27,24,21,5161,34,2427,928,1586,166,20,2361,2800,2814,2347
2020-12-23,32,0,17,8,6,0,1,9,23,21,11,5193,34,2444,936,1592,166,21,2370,2823,2835,2358
2020-12-24,30,1,11,3,15,0,0,11,19,16,14,5223,35,2455,939,1607,166,21,2381,2842,2851,2372
2020-12-25,25,0,12,2,9,2,0,6,19,15,10,5245,33,2467,941,1615,168,21,2387,2858,2864,2381
2020-12-26,28,0,12,4,11,1,0,10,18,19,9,5273,33,2479,945,1626,169,21,2397,2876,2883,2390
2020-12-27,24,0,18,1,4,1,0,10,14,15,9,5297,33,2497,946,1630,170,21,2407,2890,2898,2399
2020-12-28,21,0,10,5,5,1,0,8,13,12,9,5318,33,2507,951,1635,171,21,2415,2903,2910,2408
2020-12-29,16,0,10,3,3,0,0,5,11,6,10,5334,33,2517,954,1638,171,21,2420,2914,2916,2418
2020-12-30,25,0,12,3,10,0,0,11,14,15,10,5358,33,2528,957,1648,171,21,2431,2927,2931,2427
2020-12-31,27,0,13,7,7,0,0,13,14,14,13,5385,33,2541,964,1655,171,21,2444,2941,2945,2440
2021-01-01,25,1,6,5,10,2,1,4,21,13,12,5410,34,2547,969,1665,173,22,2448,2962,2958,2452
2021-01-02,36,0,17,4,14,1,0,14,22,21,15,5446,34,2564,973,1679,174,22,2462,2984,2979,2467
2021-01-03,16,0,5,4,7,0,0,8,8,14,2,5462,34,2569,977,1686,174,22,2470,2992,2993,2469
2021-01-04,35,0,14,2,18,1,0,11,24,22,13,5497,34,2583,979,1704,175,22,2481,3016,3015,2482
2021-01-05,43,0,9,6,25,3,0,16,27,15,28,5539,34,2592,985,1728,178,22,2497,3042,3030,2509
2021-01-06,31,0,9,1,21,0,0,6,25,15,16,5569,34,2601,985,1749,178,22,2502,3067,3045,2524
2021-01-07,37,0,17,3,14,3,0,14,23,26,11,5606,34,2618,988,1763,181,22,2516,3090,3071,2535
2021-01-08,41,0,9,3,27,2,0,6,35,10,31,5647,34,2627,991,1790,183,22,2522,3125,3081,2566
2021-01-09,45,0,11,1,29,4,0,10,35,25,20,5692,34,2638,992,1819,187,22,2532,3160,3106,2586
2021-01-10,34,0,19,5,7,3,0,14,20,23,11,5727,34,2658,997,1826,190,22,2546,3181,3129,2598
2021-01-11,32,0,10,5,13,4,0,11,21,17,15,5759,34,2668,1002,1839,194,22,2557,3202,3146,2613
2021-01-12,29,0,4,4,20,1,0,8,21,8,21,5788,34,2672,1006,1859,195,22,2565,3223,3154,2634
2021-01-13,26,0,10,2,14,0,0,3,23,16,10,5814,34,2682,1008,1873,195,22,2568,3246,3170,2644
2021-01-14,28,0,12,1,8,7,0,11,17,19,9,5842,34,2694,1009,1881,202,22,2579,3263,3189,2653
2021-01-15,29,0,7,0,16,6,0,5,24,22,7,5869,34,2701,1009,1895,208,22,2584,3285,3211,2658
2021-01-16,33,0,19,5,5,4,0,8,25,13,20,5902,34,2720,1014,1900,212,22,2592,3310,3224,2678
2021-01-17,20,0,8,5,7,0,0,8,12,12,8,5922,34,2728,1019,1907,212,22,2600,3322,3236,2686
2021-01-18,23,0,12,2,8,1,0,10,13,11,12,5945,34,2740,1021,1915,213,22,2610,3335,3247,2698
2021-01-19,35,0,12,3,17,3,0,8,27,18,17,5980,34,2752,1024,1932,216,22,2618,3362,3265,2715
2021-01-20,31,0,8,6,11,6,0,1,30,13,18,6011,34,2760,1030,1943,222,22,2619,3392,3278,2733
2021-01-21,21,0,3,7,8,3,0,6,15,10,11,6031,34,2762,1037,1951,225,22,2624,3407,3287,2744
2021-01-22,32,0,7,2,18,5,0,9,23,22,10,6062,34,2769,1039,1968,230,22,2633,3429,3309,2753
2021-01-23,28,0,10,6,10,2,0,12,16,16,12,6089,34,2779,1044,1978,232,22,2644,3445,3325,2764
2021-01-24,23,0,11,7,3,2,0,9,14,12,11,6112,34,2790,1051,1981,234,22,2653,3459,3337,2775
2021-01-25,32,1,11,8,8,4,0,11,21,19,13,6144,35,2801,1059,1989,238,22,2664,3480,3356,2788
2021-01-26,16,0,5,4,5,1,1,6,10,9,7,6160,35,2806,1063,1994,239,23,2670,3490,3365,2795
2021-01-27,43,0,7,7,28,1,0,12,31,22,21,6203,35,2813,1070,2022,240,23,2682,3521,3387,2816
2021-01-28,18,0,3,5,8,2,0,7,11,14,4,6221,35,2816,1075,2030,242,23,2689,3532,3401,2820
2021-01-29,24,0,7,3,13,1,0,9,15,15,9,6245,35,2823,1078,2043,243,23,2698,3547,3416,2829
2021-01-30,35,0,17,2,14,2,0,15,20,16,19,6278,35,2839,1080,2056,245,23,2711,3567,3431,2847
2021-01-31,30,0,12,3,13,2,0,15,15,24,6,6308,35,2851,1083,2069,247,23,2726,3582,3455,2853
2021-02-01,20,0,8,4,5,3,0,6,14,13,7,6328,35,2859,1087,2074,250,23,2732,3596,3468,2860
2021-02-02,41,0,17,7,14,3,0,12,29,23,18,6369,35,2876,1094,2088,253,23,2744,3625,3491,2878
2021-02-03,34,3,8,15,5,3,0,17,17,21,13,6403,38,2884,1109,2093,256,23,2761,3642,3512,2891
2021-02-04,22,0,6,3,12,1,0,6,16,10,12,6425,38,2890,1112,2105,257,23,2767,3658,3522,2903
2021-02-05,19,0,8,3,5,3,0,7,12,8,11,6444,38,2898,1115,2110,260,23,2774,3670,3530,2914
2021-02-06,27,0,11,3,12,1,0,11,16,10,17,6472,38,2910,1118,2122,261,23,2785,3687,3541,2931
2021-02-07,46,1,19,3,13,10,0,27,19,25,21,6519,39,2930,1121,2135,271,23,2812,3707,3567,2952
2021-02-08,25,1,9,6,3,6,0,9,16,12,13,6544,40,2939,1127,2138,277,23,2821,3723,3579,2965
2021-02-09,30,0,8,9,11,2,0,11,19,13,17,6574,40,2946,1136,2149,280,23,2832,3742,3592,2982
2021-02-10,30,0,9,9,9,3,0,6,24,16,14,6603,39,2955,1145,2158,283,23,2837,3766,3609,2994
2021-02-11,37,0,15,7,14,1,0,15,22,20,17,6640,39,2970,1152,2172,284,23,2852,3788,3629,3011
2021-02-12,19,0,9,1,7,2,0,6,13,13,6,6659,39,2979,1153,2179,286,23,2858,3801,3642,3017
2021-02-13,17,0,9,0,6,2,0,5,12,6,11,6676,39,2988,1153,2185,288,23,2863,3813,3648,3028
2021-02-14,22,0,6,5,8,3,0,7,15,13,9,6698,39,2994,1158,2193,291,23,2870,3828,3661,3037
2021-02-15,21,0,7,6,5,3,0,6,15,9,12,6719,39,3001,1164,2198,294,23,2876,3843,3670,3049
2021-02-16,28,0,13,9,6,0,0,8,20,11,17,6747,39,3014,1173,2204,294,23,2884,3863,3681,3066
2021-02-17,31,1,7,9,8,6,0,6,25,6,25,6778,40,3021,1182,2212,300,23,2890,3888,3687,3091
2021-02-18,31,0,10,6,14,1,0,12,19,19,12,6809,40,3031,1188,2226,301,23,2902,3907,3706,3103
2021-02-19,28,0,15,4,7,2,0,10,18,17,11,6837,40,3046,1192,2233,303,23,2912,3925,3723,3114
2021-02-20,32,0,14,6,6,6,0,7,25,10,22,6869,40,3060,1198,2239,309,23,2919,3950,3733,3136
2021-02-21,25,0,12,5,4,4,0,8,17,14,11,6894,40,3072,1203,2243,313,23,2927,3967,3747,3147
2021-02-22,19,0,8,2,7,2,0,4,15,7,12,6913,40,3080,1205,2250,315,23,2931,3982,3754,3159
2021-02-23,27,0,11,6,8,2,0,5,22,10,17,6940,40,3091,1211,2258,317,23,2936,4004,3764,3176
2021-02-24,23,0,11,1,9,2,0,4,19,10,13,6963,40,3102,1212,2267,319,23,2940,4023,3774,3189
2021-02-25,27,0,11,5,8,3,0,10,17,20,7,6990,40,3113,1217,2275,322,23,2950,4040,3794,3196
2021-02-26,24,0,11,4,5,4,0,8,16,10,14,7014,40,3124,1221,2280,326,23,2958,4056,3806,3208
2021-02-27,10,0,6,0,3,1,0,3,7,1,9,7024,40,3130,1221,2283,327,23,2961,4063,3807,3217
2021-02-28,22,0,7,6,4,5,0,9,13,3,19,7046,40,3137,1227,2287,332,23,2970,4076,3810,3236
2021-03-01,17,0,11,1,3,2,0,5,12,9,8,7063,40,3148,1228,2290,334,23,2975,4088,3819,3244
2021-03-02,25,0,9,3,9,4,0,9,16,12,13,7088,40,3157,1231,2299,338,23,2984,4104,3831,3257
2021-03-03,18,0,8,4,6,0,0,2,16,9,9,7106,40,3165,1235,2305,338,23,2986,4120,3840,3266
2021-03-04,23,0,10,3,8,2,0,6,17,9,14,7129,40,3175,1238,2313,340,23,2992,4137,3849,3280
2021-03-05,17,0,7,0,7,3,0,4,13,8,9,7146,40,3182,1238,2320,343,23,2996,4150,3857,3289
2021-03-06,14,0,8,0,4,2,0,6,8,7,7,7160,40,3190,1238,2324,345,23,3002,4158,3864,3296
2021-03-07,17,0,9,2,5,1,0,5,12,6,11,7177,40,3199,1240,2329,346,23,3008,4169,3871,3306
2021-03-08,11,0,7,1,1,2,0,5,6,5,6,7188,40,3206,1241,2330,348,23,3012,4176,3875,3313
2021-03-09,19,0,7,0,10,2,0,4,15,11,8,7207,40,3213,1241,2340,350,23,3016,4191,3886,3321
2021-03-10,18,0,8,1,8,1,0,5,13,9,9,7225,40,3221,1242,2348,351,23,3021,4204,3895,3330
2021-03-11,21,0,8,5,6,2,0,10,11,11,10,7246,40,3229,1247,2354,353,23,3031,4215,3906,3340
2021-03-12,21,0,10,2,6,3,0,6,15,9,12,7267,40,3239,1249,2360,356,23,3037,4230,3915,3352
2021-03-13,16,1,7,2,5,1,0,6,10,6,10,7283,41,3246,1251,2365,357,23,3043,4240,3921,3362
2021-03-14,23,0,12,5,6,0,0,6,17,11,12,7306,41,3258,1256,2371,357,23,3049,4257,3932,3374
2021-03-15,12,0,7,1,4,0,0,7,5,7,5,7318,41,3265,1257,2375,357,23,3056,4262,3939,3379
2021-03-16,18,0,12,1,4,1,0,7,11,10,8,7336,41,3277,1258,2379,358,23,3063,4273,3949,3387
2021-03-17,17,0,9,6,2,0,0,9,8,9,8,7353,41,3286,1264,2381,358,23,3072,4281,3958,3395
2021-03-18,18,0,7,6,5,0,0,9,9,8,10,7371,41,3293,1270,2386,358,23,3081,4290,3966,3405
2021-03-19,22,0,8,5,7,2,0,7,15,7,15,7393,41,3301,1275,2393,360,23,3088,4305,3973,3420
2021-03-20,12,1,7,3,1,0,0,4,8,4,8,7405,42,3308,1278,2394,360,23,3092,4313,3977,3428
2021-03-21,19,0,11,3,1,4,0,9,10,10,9,7424,42,3319,1281,2395,364,23,3101,4323,3987,3437
2021-03-22,19,0,8,6,4,1,0,7,12,10,9,7443,42,3327,1287,2399,365,23,3108,4335,3997,3446
2021-03-23,15,0,3,5,5,2,0,8,7,10,5,7458,42,3330,1292,2404,367,23,3116,4342,4007,3451
2021-03-24,17,0,7,2,6,2,0,8,9,4,13,7476,42,3337,1294,2411,369,23,3124,4352,4012,3464
2021-03-25,11,0,5,1,5,0,0,5,6,4,7,7487,42,3342,1295,2416,369,23,3129,4358,4016,3471
2021-03-26,23,0,13,2,8,0,0,3,20,8,15,7510,42,3355,1297,2424,369,23,3132,4378,4024,3486
2021-03-27,15,0,13,0,0,2,0,3,12,4,11,7525,42,3368,1297,2424,371,23,3135,4390,4028,3497
2021-03-28,20,0,15,1,0,4,0,9,11,8,12,7545,42,3383,1298,2424,375,23,3144,4401,4036,3509
2021-03-29,14,0,7,3,2,2,0,5,9,9,5,7559,42,3390,1301,2426,377,23,3149,4410,4045,3514
2021-03-30,18,0,5,9,4,0,0,3,15,13,5,7576,42,3394,1310,2430,377,23,3151,4425,4058,3518
2021-03-31,15,0,7,3,4,1,0,7,8,10,5,7588,42,3400,1312,2433,378,23,3158,4430,4065,3523
2021-04-01,14,0,5,7,2,0,0,2,12,10,4,7602,42,3405,1319,2435,378,23,3160,4442,4075,3527
2021-04-02,25,0,13,5,5,2,0,11,14,9,16,7628,42,3418,1324,2441,380,23,3171,4457,4084,3544
2021-04-03,22,0,12,5,4,1,0,9,13,11,11,7650,42,3430,1329,2445,381,23,3180,4470,4095,3555
2021-04-04,29,0,19,1,4,5,0,10,19,13,16,7679,42,3449,1330,2449,386,23,3190,4489,4108,3571
2021-04-05,24,0,10,3,9,2,0,10,14,12,12,7703,42,3459,1333,2458,388,23,3200,4503,4120,3583
2021-04-06,18,1,6,4,6,1,0,5,13,3,15,7721,43,3465,1337,2464,389,23,3205,4516,4123,3598
2021-04-07,15,0,7,7,1,0,0,4,11,10,5,7736,43,3472,1344,2465,389,23,3209,4527,4133,3603
2021-04-08,26,1,14,9,2,0,0,7,19,15,11,7762,44,3486,1353,2467,389,23,3216,4546,4148,3614
2021-04-09,27,0,19,2,4,1,1,7,20,12,15,7789,44,3505,1355,2471,390,24,3223,4566,4160,3629
2021-04-10,15,0,10,1,4,0,0,4,11,10,5,7804,44,3515,1356,2475,390,24,3227,4577,4170,3634
2021-04-11,20,0,13,2,2,3,0,8,12,13,7,7824,44,3528,1358,2477,393,24,3235,4589,4183,3641
2021-04-12,27,0,14,11,0,2,0,8,19,14,13,7851,44,3542,1369,2477,395,24,3243,4608,4197,3654
2021-04-13,14,0,7,3,3,1,0,5,9,7,7,7865,44,3549,1372,2480,396,24,3248,4617,4204,3661
2021-04-14,17,0,13,1,2,1,0,12,5,4,13,7882,44,3562,1373,2482,397,24,3260,4622,4208,3674
2021-04-15,28,0,19,4,3,2,0,15,13,8,20,7910,44,3581,1377,2485,399,24,3275,4635,4216,3694
2021-04-16,21,0,11,4,3,3,0,11,10,7,14,7931,44,3592,1381,2488,402,24,3286,4645,4223,3708
2021-04-17,28,0,22,4,1,1,0,7,21,11,17,7959,44,3615,1385,2489,402,24,3293,4666,4235,3724
2021-04-18,23,1,15,2,3,2,0,9,14,10,13,7982,45,3630,1387,2492,404,24,3302,4680,4245,3737
2021-04-19,20,0,11,7,2,0,0,8,12,13,7,8002,45,3641,1394,2494,404,24,3310,4692,4258,3744
2021-04-20,20,0,17,1,2,0,0,10,10,11,9,8022,45,3658,1395,2496,404,24,3320,4702,4269,3753
2021-04-21,39,0,31,2,6,0,0,13,26,18,21,8061,45,3689,1397,2502,404,24,3333,4728,4287,3774
2021-04-22,20,0,10,5,2,3,0,5,15,14,6,8081,45,3699,1402,2504,407,24,3338,4743,4301,3780
2021-04-23,39,0,22,9,7,1,0,23,16,14,25,8120,45,3721,1411,2511,408,24,3361,4759,4315,3805
2021-04-24,25,0,14,7,1,3,0,11,14,13,12,8145,45,3735,1418,2512,411,24,3372,4773,4328,3817
2021-04-25,41,1,32,2,4,2,0,30,11,24,17,8186,46,3767,1420,2516,413,24,3402,4784,4352,3834
2021-04-26,31,0,23,3,4,1,0,21,10,17,14,8217,46,3790,1423,2520,414,24,3423,4794,4369,3848
2021-04-27,35,8,22,1,4,0,0,23,12,12,23,8251,54,3811,1424,2524,414,24,3445,4806,4381,3870
2021-04-28,21,0,15,5,1,0,0,7,14,12,9,8272,54,3826,1429,2525,414,24,3452,4820,4393,3879
2021-04-29,30,0,23,4,3,0,0,11,19,14,16,8302,54,3849,1433,2528,414,24,3463,4839,4407,3895
2021-04-30,19,0,17,0,2,0,0,5,14,9,10,8322,54,3867,1433,2530,414,24,3468,4854,4417,3905
2021-05-01,34,0,19,6,4,3,2,15,19,13,21,8356,54,3886,1439,2534,417,26,3483,4873,4430,3926
2021-05-02,21,0,17,3,1,0,0,6,15,11,10,8377,54,3903,1442,2535,417,26,3489,4888,4441,3936
2021-05-03,23,0,16,4,3,0,0,11,12,13,10,8400,54,3919,1446,2538,417,26,3500,4900,4454,3946
2021-05-04,27,0,16,4,7,0,0,7,20,11,16,8427,54,3935,1450,2545,417,26,3507,4920,4465,3962
2021-05-05,25,1,18,5,1,0,0,12,13,9,16,8452,55,3953,1455,2546,417,26,3519,4933,4474,3978
2021-05-06,12,0,8,2,0,2,0,8,4,4,8,8464,55,3961,1457,2546,419,26,3527,4937,4478,3986
2021-05-07,16,0,10,2,3,1,0,4,12,8,8,8480,55,3971,1459,2549,420,26,3531,4949,4486,3994
2021-05-08,29,0,23,2,4,0,0,17,12,14,15,8511,55,3996,1461,2553,420,26,3548,4963,4502,4009
2021-05-09,42,1,35,2,1,3,0,31,11,13,29,8553,56,4031,1463,2554,423,26,3579,4974,4515,4038
2021-05-10,27,1,23,2,1,0,0,13,14,7,20,8580,57,4054,1465,2555,423,26,3592,4988,4522,4058
2021-05-11,28,0,19,0,8,1,0,12,16,11,17,8608,57,4073,1465,2563,424,26,3604,5004,4533,4075
2021-05-12,22,0,15,3,4,0,0,13,9,11,11,8630,57,4088,1468,2567,424,26,3617,5013,4545,4085
2021-05-13,23,0,12,8,3,0,0,14,9,17,6,8653,57,4100,1476,2570,424,26,3631,5022,4562,4091
2021-05-14,18,0,16,0,2,0,0,9,9,10,8,8671,57,4116,1476,2572,424,26,3640,5031,4572,4099
2021-05-15,20,0,11,5,3,1,0,9,11,9,11,8691,57,4127,1481,2575,425,26,3649,5042,4581,4110
2021-05-16,38,0,29,2,7,0,0,20,18,20,18,8729,57,4157,1482,2582,425,26,3669,5060,4601,4128
2021-05-17,22,0,13,4,5,0,0,9,13,15,7,8751,57,4170,1486,2587,425,26,3678,5073,4616,4135
2021-05-18,22,0,16,1,4,1,0,12,10,11,11,8773,57,4186,1487,2591,426,26,3690,5083,4628,4145
2021-05-19,17,1,12,0,1,3,0,7,10,7,10,8789,58,4198,1487,2591,429,26,3697,5092,4634,4155
2021-05-20,27,0,19,2,4,2,0,16,11,13,14,8816,58,4217,1489,2595,431,26,3713,5103,4647,4169
2021-05-21,19,0,11,3,1,4,0,10,9,11,8,8835,58,4228,1492,2596,435,26,3723,5112,4658,4177
2021-05-22,33,10,19,0,1,3,0,21,12,16,17,8868,68,4247,1492,2597,438,26,3744,5124,4674,4194
2021-05-23,15,0,7,1,3,3,1,10,5,8,7,8883,68,4254,1493,2600,441,27,3754,5129,4682,4201
2021-05-24,25,1,18,3,3,0,0,11,14,14,11,8908,69,4272,1496,2603,441,27,3765,5143,4696,4212
2021-05-25,35,5,21,3,6,0,0,22,13,10,25,8943,74,4293,1499,2609,441,27,3787,5156,4706,4237
2021-05-26,23,0,16,2,3,2,0,13,10,13,10,8966,74,4309,1501,2612,443,27,3800,5166,4719,4247
2021-05-27,9,0,6,1,2,0,0,3,6,4,5,8975,74,4315,1502,2614,443,27,3803,5172,4723,4252
2021-05-28,16,0,11,0,4,1,0,11,5,4,12,8991,74,4326,1502,2618,444,27,3814,5177,4727,4264
2021-05-29,28,0,21,2,2,3,0,16,12,23,5,9019,74,4347,1504,2620,447,27,3830,5189,4750,4269
2021-05-30,16,0,9,3,3,1,0,7,9,13,3,9034,74,4355,1507,2623,448,27,3837,5197,4762,4272
2021-05-31,19,0,13,1,3,2,0,7,12,11,8,9053,74,4368,1508,2626,450,27,3844,5209,4773,4280
2021-06-01,10,2,3,0,5,0,0,4,6,7,3,9063,76,4371,1508,2631,450,27,3848,5215,4780,4283
2021-06-02,23,0,13,2,8,0,0,9,14,6,17,9086,76,4384,1510,2639,450,27,3857,5229,4786,4300
2021-06-03,9,0,2,0,7,0,0,3,6,2,7,9095,76,4386,1510,2646,450,27,3860,5235,4788,4307
2021-06-04,21,1,15,2,3,0,0,8,13,11,10,9116,77,4401,1512,2649,450,27,3868,5248,4799,4317
2021-06-05,19,1,11,0,5,2,0,5,14,11,8,9135,78,4412,1512,2654,452,27,3873,5262,4810,4325
2021-06-06,15,0,10,3,1,1,0,5,10,12,3,9150,78,4422,1515,2655,453,27,3878,5272,4822,4328
2021-06-07,31,0,26,2,3,0,0,10,21,11,20,9181,78,4448,1517,2658,453,27,3888,5293,4833,4348
2021-06-08,19,0,12,1,6,0,0,8,11,8,11,9200,78,4460,1518,2664,453,27,3896,5304,4841,4359
2021-06-09,21,0,14,3,4,0,0,5,16,10,11,9220,78,4473,1521,2668,453,27,3901,5319,4852,4368
2021-06-10,17,0,11,0,3,3,0,8,9,8,9,9237,78,4484,1521,2671,456,27,3909,5328,4858,4379
2021-06-11,15,0,12,0,3,0,0,4,11,4,11,9252,78,4496,1521,2674,456,27,3913,5339,4862,4390
2021-06-12,40,0,34,1,2,3,0,9,31,15,25,9292,78,4530,1522,2676,459,27,3922,5370,4877,4415
2021-06-13,33,0,23,2,6,2,0,17,16,15,18,9325,78,4553,1524,2682,461,27,3939,5386,4892,4433
2021-06-14,39,0,32,1,4,2,0,16,23,20,19,9364,78,4585,1525,2686,463,27,3955,5409,4912,4452
2021-06-15,27,0,21,2,2,2,0,9,18,14,13,9391,78,4606,1527,2688,465,27,3964,5427,4926,4465
2021-06-16,23,0,19,1,3,0,0,8,15,6,17,9413,78,4624,1528,2691,465,27,3972,5441,4932,4481
2021-06-17,17,0,13,2,2,0,0,8,9,9,8,9430,78,4637,1530,2693,465,27,3980,5450,4941,4489
2021-06-18,23,0,21,1,0,1,0,10,13,14,9,9453,78,4658,1531,2693,466,27,3990,5463,4955,4498
2021-06-19,26,1,17,1,5,2,0,12,14,8,18,9479,79,4675,1532,2698,468,27,4002,5477,4963,4516
2021-06-20,49,0,38,1,8,2,0,19,30,31,18,9528,79,4713,1533,2706,470,27,4021,5507,4994,4534
2021-06-21,40,0,33,1,2,4,0,12,28,27,13,9568,79,4746,1534,2708,474,27,4033,5535,5021,4547
2021-06-22,44,0,39,2,2,1,0,29,15,31,13,9611,79,4784,1536,2710,475,27,4062,5549,5051,4560
2021-06-23,40,0,29,4,5,2,0,13,27,18,22,9651,79,4813,1540,2715,477,27,4075,5576,5069,4582
2021-06-24,34,0,30,1,3,0,0,19,15,14,20,9685,79,4843,1541,2718,477,27,4094,5591,5083,4602
2021-06-25,32,0,27,3,1,1,0,13,19,21,11,9717,79,4870,1544,2719,478,27,4107,5610,5104,4613
2021-06-26,57,0,54,1,1,1,0,31,26,27,30,9774,79,4924,1545,2720,479,27,4138,5636,5131,4643
2021-06-27,44,0,39,1,1,3,0,34,10,30,14,9818,79,4963,1546,2721,482,27,4172,5646,5161,4657
2021-06-28,29,0,22,2,4,1,0,11,18,25,4,9847,79,4985,1548,2725,483,27,4183,5664,5186,4661
2021-06-29,35,0,29,3,3,0,0,16,19,24,11,9882,80,5013,1551,2728,483,27,4198,5684,5210,4672
2021-06-30,35,0,27,6,1,1,0,17,18,18,17,9917,79,5041,1557,2729,484,27,4216,5701,5228,4689
2021-07-01,50,0,49,0,1,0,0,31,19,32,18,9967,79,5090,1557,2730,484,27,4247,5720,5260,4707
2021-07-02,61,1,51,1,1,7,0,33,28,37,24,10028,80,5141,1558,2731,491,27,4280,5748,5297,4731
2021-07-03,46,0,38,2,4,2,0,23,23,19,27,10074,80,5179,1560,2735,493,27,4303,5771,5316,4758
2021-07-04,81,0,75,1,3,2,0,50,31,47,34,10154,80,5254,1561,2737,495,27,4353,5801,5363,4791
2021-07-05,67,0,60,3,3,1,0,25,42,40,27,10221,80,5314,1564,2740,496,27,4378,5843,5403,4818
2021-07-06,56,1,44,8,0,3,0,30,26,43,13,10277,81,5358,1572,2740,499,27,4408,5869,5446,4831
2021-07-07,44,0,35,4,3,2,0,20,24,24,20,10321,81,5393,1576,2743,501,27,4428,5893,5470,4851
2021-07-08,48,0,43,3,1,1,0,25,23,25,23,10369,81,5436,1579,2744,502,27,4453,5916,5495,4874
2021-07-09,80,0,71,6,3,0,0,39,41,30,50,10449,81,5507,1585,2747,502,27,4492,5957,5525,4924
2021-07-10,58,1,48,2,2,5,0,21,37,27,31,10507,82,5555,1587,2749,507,27,4513,5994,5552,4955
2021-07-11,44,1,40,1,2,0,0,12,32,20,24,10551,83,5595,1588,2751,507,27,4525,6026,5572,4979
2021-07-12,37,0,33,2,2,0,0,20,17,13,24,10588,83,5628,1590,2753,507,27,4545,6043,5585,5003
2021-07-13,53,0,41,5,3,3,1,29,24,23,30,10641,83,5669,1595,2756,510,28,4574,6067,5608,5033
2021-07-14,47,0,37,6,4,0,0,19,28,28,19,10688,83,5698,1601,2758,510,28,4593,6095,5636,5052
2021-07-15,45,0,39,2,3,1,0,28,17,14,31,10733,83,5745,1603,2763,511,28,4621,6112,5650,5083
2021-07-16,60,0,49,4,4,3,0,34,26,28,32,10793,83,5794,1607,2767,514,28,4655,6138,5678,5115
2021-07-17,51,1,44,1,1,4,0,24,27,20,31,10844,84,5838,1607,2768,519,28,4679,6165,5698,5146
2021-07-18,52,0,48,1,1,2,0,16,36,21,31,10896,84,5886,1608,2769,521,28,4695,6201,5719,5177
2021-07-19,44,0,32,10,2,0,0,14,30,23,21,10940,84,5918,1618,2771,521,28,4709,6231,5742,5198
2021-07-20,36,0,25,4,4,3,0,7,29,18,18,10976,84,5943,1622,2775,524,28,4716,6260,5760,5216
2021-07-21,58,0,46,3,6,3,0,23,35,29,29,11034,84,5989,1625,2781,527,28,4739,6295,5789,5245
2021-07-22,309,0,34,2,3,270,0,290,19,284,25,11341,84,6021,1627,2784,797,28,5027,6314,6073,5268
2021-07-23,56,0,43,5,4,2,2,20,36,20,36,11397,84,6064,1632,2788,799,30,5047,6350,6093,5304
2021-07-24,56,0,47,2,6,1,0,19,37,21,35,11453,84,6111,1634,2794,800,30,5066,6387,6114,5339
2021-07-25,65,0,50,8,2,5,0,31,34,41,24,11517,84,6160,1642,2796,805,30,5097,6420,6154,5363
2021-07-26,54,0,42,8,1,3,0,21,33,29,25,11571,84,6202,1650,2797,808,30,5118,6453,6183,5388
2021-07-27,89,0,66,13,7,3,0,45,44,40,49,11660,84,6268,1663,2804,811,30,5163,6497,6223,5437
2021-07-28,73,0,63,5,3,2,0,33,40,28,45,11733,84,6331,1668,2807,813,30,5196,6537,6251,5482
2021-07-29,42,0,31,5,2,4,0,18,24,26,16,11775,84,6362,1672,2809,818,30,5214,6561,6277,5498
2021-07-30,48,1,39,6,2,0,0,17,31,17,31,11823,85,6401,1678,2811,818,30,5231,6592,6294,5529
2021-07-31,73,0,53,9,10,1,0,25,48,30,43,11896,85,6454,1687,2821,819,30,5257,6639,6324,5572
2021-08-01,56,0,35,13,6,2,0,19,37,33,23,11952,85,6489,1700,2827,821,30,5276,6676,6357,5595
2021-08-02,69,0,45,17,6,1,0,25,44,34,35,12020,85,6533,1717,2833,822,30,5301,6719,6391,5629
2021-08-03,50,0,31,7,8,4,0,11,39,23,27,12069,85,6563,1724,2841,826,30,5312,6757,6414,5655
2021-08-04,61,6,46,6,3,0,0,30,31,18,43,12130,91,6609,1730,2844,826,30,5342,6788,6432,5698
2021-08-05,59,0,35,11,6,7,0,33,26,39,20,12189,91,6644,1741,2850,833,30,5375,6814,6471,5718
2021-08-06,64,0,45,10,9,0,0,28,36,28,36,12254,91,6687,1754,2859,833,30,5403,6851,6500,5754
2021-08-07,61,1,42,4,11,3,0,25,36,28,33,12315,92,6729,1758,2870,836,30,5428,6887,6529,5786
2021-08-08,59,0,46,6,6,1,0,16,43,24,35,12374,92,6777,1761,2877,837,30,5444,6930,6553,5821
2021-08-09,37,0,25,6,5,1,0,13,24,16,21,12411,92,6802,1767,2882,838,30,5457,6954,6569,5842
2021-08-10,64,0,40,8,14,2,0,13,51,35,29,12475,92,6842,1775,2896,840,30,5470,7005,6604,5871
2021-08-11,78,12,50,8,7,1,0,27,51,36,42,12552,104,6891,1783,2903,841,30,5497,7055,6639,5913
2021-08-12,40,0,25,7,3,5,0,16,24,21,19,12592,104,6916,1790,2906,846,30,5513,7079,6660,5932
2021-08-13,77,3,42,7,14,11,0,18,59,28,49,12669,107,6958,1797,2920,857,30,5531,7138,6688,5981
2021-08-14,70,8,50,4,6,2,0,24,46,18,52,12738,115,7006,1801,2926,860,30,5555,7183,6705,6033
2021-08-15,68,1,48,4,7,8,0,24,44,29,39,12806,116,7054,1805,2933,868,30,5579,7227,6734,6072
2021-08-16,63,1,24,13,3,22,0,31,32,40,23,12869,117,7078,1818,2936,890,30,5611,7258,6774,6095
2021-08-17,50,0,20,19,8,3,0,14,36,31,19,12919,117,7098,1837,2944,893,30,5625,7294,6805,6114
2021-08-18,38,0,26,6,3,3,0,15,23,13,25,12957,117,7124,1843,2947,896,30,5640,7317,6818,6139
2021-08-19,38,0,21,4,10,3,0,13,25,15,23,12995,117,7145,1847,2957,899,30,5653,7342,6833,6162
2021-08-20,51,0,34,4,9,4,0,13,38,24,27,13045,116,7179,1851,2966,903,30,5666,7379,6856,6189
2021-08-21,66,0,49,8,6,3,0,20,46,25,41,13111,116,7228,1859,2972,906,30,5686,7425,6881,6230
2021-08-22,38,0,26,7,1,4,0,9,29,14,24,13149,116,7254,1866,2973,910,30,5695,7454,6895,6254
2021-08-23,48,0,25,3,10,10,0,20,28,25,23,13196,116,7278,1869,2983,920,30,5714,7482,6921,6275
2021-08-24,39,0,17,6,12,4,0,12,27,20,19,13232,116,7294,1873,2995,924,30,5726,7506,6939,6293
2021-08-25,41,0,22,9,7,3,0,12,29,16,25,13272,116,7316,1881,3002,927,30,5738,7534,6954,6318
2021-08-26,53,0,39,3,6,5,0,23,30,17,36,13325,116,7355,1884,3008,932,30,5761,7564,6971,6354
2021-08-27,30,0,21,5,3,1,0,10,20,12,18,13355,116,7376,1889,3011,933,30,5771,7584,6983,6372
2021-08-28,55,0,41,8,4,2,0,11,44,17,38,13410,116,7417,1897,3015,935,30,5782,7628,7000,6410
2021-08-29,43,0,22,6,8,7,0,12,31,16,27,13451,116,7438,1903,3022,942,30,5794,7657,7015,6436
2021-08-30,61,1,48,5,4,3,0,29,32,17,44,13512,117,7486,1908,3026,945,30,5823,7689,7032,6480
2021-08-31,39,1,22,3,11,2,0,13,26,18,21,13550,118,7508,1911,3037,946,30,5836,7714,7050,6500
2021-09-01,33,0,21,1,9,2,0,5,28,13,20,13583,118,7529,1912,3046,948,30,5841,7742,7063,6520
2021-09-02,34,0,23,3,7,1,0,5,29,12,22,13615,118,7550,1915,3053,949,30,5846,7769,7075,6540
2021-09-03,34,0,23,3,6,2,0,11,23,8,26,13649,118,7573,1918,3059,951,30,5857,7792,7083,6566
2021-09-04,28,0,20,2,4,2,0,6,22,11,17,13677,118,7593,1920,3063,953,30,5863,7814,7094,6583
2021-09-05,29,0,18,4,6,1,0,9,20,11,18,13706,118,7611,1924,3069,954,30,5872,7834,7105,6601
2021-09-06,24,0,15,3,4,2,0,6,18,16,8,13730,118,7626,1927,3073,956,30,5878,7852,7121,6609
2021-09-07,34,0,22,1,10,1,0,9,25,15,19,13764,118,7648,1928,3083,957,30,5887,7877,7136,6628
2021-09-08,36,1,25,4,4,1,1,9,27,9,27,13800,119,7673,1932,3087,958,31,5896,7904,7145,6655
2021-09-09,31,0,16,6,7,2,0,11,20,13,18,13831,119,7689,1938,3094,960,31,5907,7924,7158,6673
2021-09-10,35,0,25,3,3,4,0,8,27,17,18,13866,119,7714,1941,3097,964,31,5915,7951,7176,6690
2021-09-11,49,1,42,1,2,3,0,19,30,7,42,13915,120,7756,1942,3099,967,31,5934,7981,7183,6732
2021-09-12,30,1,26,0,0,3,0,8,22,6,24,13945,121,7782,1942,3099,970,31,5942,8003,7189,6756
2021-09-13,24,0,16,2,5,1,0,10,14,9,15,13969,121,7798,1944,3104,971,31,5952,8017,7198,6771
2021-09-14,34,6,15,3,5,5,0,6,28,12,22,14003,127,7813,1947,3109,976,31,5958,8045,7210,6793
2021-09-15,23,1,15,2,5,0,0,5,18,7,16,14027,128,7829,1949,3114,976,31,5963,8064,7217,6810
2021-09-16,22,1,15,2,2,2,0,7,15,8,14,14049,129,7844,1951,3116,978,31,5970,8079,7225,6824
2021-09-17,35,0,24,2,4,5,0,16,19,7,28,14084,129,7868,1953,3120,983,31,5986,8098,7232,6852
2021-09-18,40,1,31,5,2,1,0,11,29,11,29,14123,130,7898,1958,3122,984,31,5997,8126,7243,6880
2021-09-19,39,0,31,5,1,2,0,7,32,9,30,14162,130,7929,1963,3123,986,31,6004,8158,7252,6910
2021-09-20,28,0,17,1,6,3,1,7,21,13,15,14190,130,7946,1964,3129,989,32,6011,8179,7265,6925
2021-09-21,32,3,25,1,0,3,0,14,18,9,23,14222,133,7971,1965,3129,992,32,6025,8197,7274,6948
2021-09-22,17,1,13,0,2,1,0,6,11,2,15,14239,134,7984,1965,3131,993,32,6031,8208,7276,6963
2021-09-23,18,0,14,2,2,0,0,3,15,5,13,14257,134,7998,1967,3133,993,32,6034,8223,7281,6976
2021-09-24,18,0,11,0,4,2,1,7,11,3,15,14275,134,8009,1967,3137,995,33,6041,8234,7284,6991
2021-09-25,28,1,20,4,1,1,1,8,20,7,21,14303,135,8029,1971,3138,996,34,6049,8254,7291,7012
2021-09-26,36,0,31,0,3,2,0,10,26,7,29,14339,135,8060,1971,3141,998,34,6059,8280,7298,7041
2021-09-27,27,2,20,3,2,0,0,12,15,8,19,14366,137,8080,1974,3143,998,34,6071,8295,7306,7060
2021-09-28,19,0,11,2,6,0,0,3,16,9,10,14385,137,8091,1976,3149,998,34,6074,8311,7315,7070
2021-09-29,26,1,16,5,2,2,0,9,17,6,20,14410,138,8107,1981,3151,999,34,6082,8328,7320,7090
2021-09-30,25,2,22,0,1,0,0,9,16,4,21,14435,140,8129,1981,3152,999,34,6091,8344,7324,7111
2021-10-01,35,2,19,2,10,2,0,7,28,17,18,14470,142,8148,1983,3162,1001,34,6098,8372,7341,7129
2021-10-02,27,1,15,5,4,1,1,7,20,13,14,14497,143,8163,1988,3166,1002,35,6105,8392,7354,7143
2021-10-03,28,0,13,3,9,3,0,6,22,12,16,14525,143,8176,1991,3175,1005,35,6111,8414,7366,7159
2021-10-04,20,0,9,3,8,0,0,9,11,7,13,14545,143,8185,1994,3183,1005,35,6120,8425,7373,7172
2021-10-05,18,0,16,0,2,0,0,8,10,5,13,14563,143,8201,1994,3185,1005,35,6128,8435,7379,7184
2021-10-06,26,2,15,2,6,1,0,11,15,7,19,14590,145,8216,1996,3192,1006,35,6139,8451,7387,7203
2021-10-07,27,1,16,2,7,1,0,13,14,9,18,14617,146,8232,1998,3199,1007,35,6152,8465,7396,7221
2021-10-08,31,1,22,3,4,1,0,14,17,6,25,14648,147,8254,2001,3203,1008,35,6166,8482,7402,7246
2021-10-09,29,1,20,3,5,0,0,6,23,9,20,14677,148,8274,2004,3208,1008,35,6172,8505,7411,7266
2021-10-10,34,0,25,1,6,1,1,11,23,12,22,14711,148,8299,2005,3214,1009,36,6183,8528,7423,7288
2021-10-11,13,0,11,0,1,1,0,6,7,4,9,14724,148,8310,2005,3215,1010,36,6189,8535,7427,7297
2021-10-12,13,0,10,0,3,0,0,3,10,6,7,14737,148,8320,2005,3218,1010,36,6192,8545,7433,7304
2021-10-13,13,0,8,1,3,1,0,5,8,8,5,14750,148,8328,2006,3221,1011,36,6197,8553,7441,7309
2021-10-14,16,1,5,2,7,1,0,1,15,4,12,14766,149,8333,2008,3228,1012,36,6198,8568,7445,7321
2021-10-15,14,0,9,1,4,0,0,3,11,3,11,14779,149,8342,2009,3231,1012,36,6201,8578,7447,7332
2021-10-16,24,0,17,1,6,0,0,7,17,4,20,14803,149,8359,2010,3237,1012,36,6208,8595,7451,7352
2021-10-17,17,1,9,2,3,2,0,8,9,4,13,14820,150,8368,2012,3240,1014,36,6216,8604,7455,7365
2021-10-18,20,0,12,4,3,0,1,0,20,11,9,14840,150,8380,2016,3243,1014,37,6216,8624,7466,7374
2021-10-19,25,0,11,0,13,1,0,5,20,15,10,14865,150,8391,2016,3256,1015,37,6221,8644,7481,7384
2021-10-20,15,0,4,4,7,0,0,0,15,11,4,14880,150,8395,2020,3263,1015,37,6221,8659,7492,7388
2021-10-21,11,0,6,2,2,1,0,2,9,5,6,14891,150,8401,2022,3265,1016,37,6223,8668,7497,7394
2021-10-22,20,0,11,9,0,0,0,2,18,9,11,14911,150,8412,2031,3265,1016,37,6225,8686,7506,7405
2021-10-23,21,0,16,2,3,0,0,4,17,8,13,14932,150,8428,2033,3268,1016,37,6229,8703,7514,7418
2021-10-24,28,0,19,3,5,0,1,7,21,12,16,14960,150,8447,2036,3273,1016,38,6236,8724,7526,7434
2021-10-25,23,0,14,6,3,0,0,8,15,10,13,14983,150,8461,2042,3276,1016,38,6244,8739,7536,7447
2021-10-26,20,3,5,3,8,1,0,8,12,7,13,15003,154,8465,2045,3284,1017,38,6252,8751,7543,7460
2021-10-27,22,2,16,1,2,1,0,6,16,6,16,15025,156,8481,2046,3286,1018,38,6258,8767,7549,7476
2021-10-28,16,0,7,1,5,3,0,8,8,9,7,15040,156,8488,2047,3290,1021,38,6266,8774,7557,7483
2021-10-29,30,1,19,4,5,1,0,8,22,13,17,15070,157,8507,2051,3295,1022,38,6274,8796,7570,7500
2021-10-30,15,2,5,2,5,1,0,4,11,6,9,15084,158,8512,2053,3299,1023,39,6278,8806,7576,7508
2021-10-31,9,1,4,2,2,0,0,4,5,1,8,15093,159,8516,2055,3301,1023,39,6282,8811,7577,7516
2021-11-01,20,0,10,8,1,1,0,5,15,14,6,15113,159,8526,2063,3302,1024,39,6287,8826,7591,7522
2021-11-02,11,2,5,1,2,0,1,1,10,4,7,15124,161,8531,2064,3304,1024,40,6288,8836,7595,7529
2021-11-03,27,0,18,4,3,2,0,8,19,10,17,15150,160,8549,2068,3307,1026,40,6296,8854,7605,7545
2021-11-04,25,0,17,3,4,1,0,11,14,6,19,15174,160,8565,2071,3311,1027,40,6307,8867,7610,7564
2021-11-05,20,0,10,2,5,3,0,5,15,10,10,15194,160,8575,2073,3316,1030,40,6312,8882,7620,7574
2021-11-06,29,0,18,8,3,0,0,8,21,14,15,15223,160,8593,2081,3319,1030,40,6320,8903,7634,7589
2021-11-07,20,0,8,7,5,0,0,2,18,10,10,15243,160,8601,2088,3324,1030,40,6322,8921,7644,7599
2021-11-08,27,1,11,5,10,0,0,4,23,13,14,15270,161,8612,2093,3334,1030,40,6326,8944,7657,7613
2021-11-09,17,0,10,3,4,0,0,5,12,9,8,15287,161,8622,2096,3338,1030,40,6331,8956,7666,7621
2021-11-10,16,0,8,4,4,0,0,3,13,7,9,15302,161,8630,2100,3342,1030,39,6334,8968,7672,7630
2021-11-11,26,1,4,7,3,0,11,13,13,14,12,15328,162,8634,2107,3345,1030,50,6347,8981,7686,7642
2021-11-12,10,0,7,2,1,0,0,4,6,5,5,15338,162,8641,2109,3346,1030,50,6351,8987,7691,7647
2021-11-13,14,0,8,2,4,0,0,4,10,6,8,15352,162,8649,2111,3350,1030,50,6355,8997,7697,7655
2021-11-14,18,0,6,6,5,0,1,3,15,10,8,15370,162,8655,2117,3355,1030,51,6358,9012,7707,7663
2021-11-15,20,1,8,6,4,0,1,5,15,12,8,15390,163,8663,2123,3359,1030,52,6363,9027,7719,7671
2021-11-16,15,0,4,4,6,1,0,1,14,12,3,15405,163,8667,2127,3365,1031,52,6364,9041,7731,7674
2021-11-17,24,1,9,9,3,2,0,5,19,13,11,15429,164,8676,2136,3368,1033,52,6369,9060,7744,7685
2021-11-18,20,0,11,5,3,1,0,7,13,7,13,15449,164,8687,2141,3371,1034,52,6376,9073,7751,7698
2021-11-19,23,0,10,5,5,1,2,12,11,8,15,15472,164,8697,2146,3376,1035,54,6388,9084,7759,7713
2021-11-20,18,0,9,3,1,0,5,6,12,10,8,15490,164,8706,2149,3377,1035,59,6394,9096,7769,7721
2021-11-21,22,0,12,6,3,0,1,5,17,11,11,15512,164,8717,2155,3380,1036,60,6399,9113,7780,7732
2021-11-22,21,0,10,6,5,0,0,7,14,10,11,15535,164,8729,2161,3385,1036,60,6406,9129,7790,7745
2021-11-23,14,0,5,4,5,0,0,1,13,7,7,15547,163,8734,2165,3389,1036,60,6407,9140,7797,7750
2021-11-24,28,0,14,11,3,0,0,7,21,17,11,15574,163,8747,2176,3392,1036,60,6414,9160,7814,7760
2021-11-25,21,0,9,1,6,5,0,5,16,12,9,15595,163,8756,2177,3398,1041,60,6419,9176,7826,7769
2021-11-26,19,0,10,3,4,2,0,4,15,11,8,15614,163,8766,2180,3402,1043,60,6423,9191,7836,7778
2021-11-27,23,2,9,5,5,2,0,5,18,11,12,15637,165,8775,2185,3407,1045,60,6428,9209,7847,7790
2021-11-28,35,0,11,12,10,2,0,10,25,21,14,15673,165,8787,2197,3417,1047,60,6438,9235,7869,7804
2021-11-29,23,1,12,5,4,0,1,3,20,12,11,15696,166,8799,2202,3421,1047,61,6441,9255,7881,7815
2021-11-30,29,2,7,8,8,2,2,8,21,20,9,15725,168,8806,2210,3429,1049,63,6449,9276,7901,7824
2021-12-01,48,1,13,13,4,0,17,20,28,32,16,15771,169,8818,2223,3432,1049,80,6469,9302,7932,7839
2021-12-02,24,0,16,6,2,0,0,5,19,15,9,15795,169,8834,2229,3434,1049,80,6474,9321,7947,7848
2021-12-03,21,0,8,4,2,7,0,11,10,13,8,15817,169,8843,2233,3436,1056,80,6485,9332,7961,7856
2021-12-04,25,1,10,8,4,2,0,4,21,17,8,15842,170,8853,2241,3440,1058,80,6489,9353,7978,7864
2021-12-05,24,2,8,1,9,4,0,6,18,15,9,15866,172,8861,2242,3449,1062,80,6495,9371,7993,7873
2021-12-06,29,0,12,7,5,5,0,6,23,15,14,15894,172,8873,2249,3453,1067,80,6501,9393,8007,7887
2021-12-07,30,0,10,12,7,1,0,5,25,23,7,15924,172,8883,2261,3460,1068,80,6506,9418,8030,7894
2021-12-08,33,2,8,12,6,5,0,7,26,21,12,15957,174,8891,2273,3466,1073,80,6513,9444,8051,7906
2021-12-09,20,2,7,4,5,2,0,5,15,8,12,15976,176,8897,2277,3471,1075,80,6517,9459,8058,7918
2021-12-10,39,2,15,8,10,4,0,8,31,25,14,16016,178,8912,2285,3482,1079,80,6525,9491,8084,7932
2021-12-11,25,0,13,3,6,3,0,2,23,12,13,16041,178,8925,2288,3488,1082,80,6527,9514,8096,7945
2021-12-12,28,0,11,5,7,3,2,7,21,15,13,16070,178,8937,2293,3495,1085,82,6534,9536,8112,7958
2021-12-13,34,0,9,8,14,2,1,7,27,23,11,16104,178,8946,2301,3509,1087,83,6541,9563,8135,7969
2021-12-14,42,3,5,9,11,3,11,15,27,33,9,16147,181,8952,2310,3520,1090,94,6556,9591,8168,7979
2021-12-15,22,1,9,4,7,1,0,4,18,13,9,16169,182,8961,2314,3527,1091,94,6560,9609,8181,7988
2021-12-16,31,0,9,6,14,2,0,3,28,18,13,16200,182,8970,2320,3541,1093,94,6563,9637,8199,8001
2021-12-17,35,0,9,8,14,4,0,8,27,24,11,16236,182,8980,2328,3555,1097,94,6571,9665,8223,8013
2021-12-18,30,0,9,8,11,1,1,9,21,18,12,16266,182,8989,2336,3566,1098,95,6580,9686,8241,8025
2021-12-19,63,1,33,9,19,1,0,6,57,50,13,16329,183,9022,2345,3585,1099,95,6586,9743,8291,8038
2021-12-20,60,1,17,12,20,9,1,13,47,43,17,16388,184,9039,2357,3604,1108,96,6598,9790,8333,8055
2021-12-21,58,0,14,12,25,6,1,10,48,42,16,16446,184,9053,2369,3629,1114,97,6608,9838,8375,8071
2021-12-22,91,0,12,23,52,1,3,5,86,78,13,16537,184,9065,2392,3681,1115,100,6613,9924,8453,8084
2021-12-23,63,0,10,15,35,2,1,6,57,52,11,16600,184,9075,2407,3715,1117,102,6619,9981,8505,8095
2021-12-24,70,1,11,9,46,3,0,8,62,61,9,16670,185,9086,2416,3761,1120,102,6627,10043,8566,8104
2021-12-25,75,0,14,3,48,9,1,13,62,60,15,16745,185,9100,2419,309,1129,103,6640,10105,8626,8119
2021-12-26,80,1,12,14,51,1,1,5,75,61,19,16825,186,9112,2433,3860,1130,104,6645,10180,8687,8138
2021-12-27,82,2,5,24,46,3,2,14,68,67,15,16907,188,9117,2457,3906,1133,106,6659,10248,8754,8153
2021-12-28,88,2,6,15,59,6,0,10,78,75,13,16995,190,9123,2472,3966,1138,106,6669,10326,8829,8166
2021-12-29,126,0,16,20,75,15,0,26,100,101,25,17119,190,9139,2490,4041,1153,106,6695,10424,8929,8190
2021-12-30,107,1,14,16,69,6,1,34,73,83,24,17226,191,9153,2506,4110,1159,107,6729,10497,9012,8214
2021-12-31,117,1,18,16,73,8,1,26,91,85,32,17340,192,9170,2522,4182,1166,108,6754,10586,9094,8246
2022-01-01,106,1,11,15,71,8,0,25,81,77,29,17446,193,9181,2537,4253,1174,108,6779,10667,9171,8275
2022-01-02,150,0,23,11,110,4,2,31,119,110,40,17595,193,9204,2548,4363,1177,110,6809,10786,9280,8315
2022-01-03,136,0,19,27,84,5,1,43,93,99,37,17731,193,9223,2575,4447,1182,111,6852,10879,9379,8352
2022-01-04,135,0,14,17,90,10,4,26,109,106,29,17866,193,9237,2592,4537,1192,115,6878,10988,9485,8381
2022-01-05,211,0,34,37,128,9,3,49,162,151,60,18077,193,9271,2630,4664,1201,118,6926,11151,9636,8441
2022-01-06,195,0,45,18,105,26,1,69,126,130,65,18271,193,9315,2648,4769,1227,119,6994,11277,9766,8505
2022-01-07,188,0,52,30,101,2,3,38,150,118,70,18458,193,9366,2678,4870,1229,122,7031,11427,9884,8574
2022-01-08,210,0,52,33,117,6,2,53,157,135,75,18666,193,9418,2710,4986,1235,124,7084,11582,10019,8647
2022-01-09,236,0,54,35,135,9,3,54,182,162,74,18903,193,9473,2745,5121,1244,127,7138,11765,10182,87271
2022-01-10,239,1,56,3,135,15,2,72,167,168,71,19137,194,9525,2775,5255,1259,129,7209,11928,10349,8788
2022-01-11,284,1,47,42,185,6,3,70,214,208,76,19418,195,9571,2816,5439,1265,132,7277,12141,10558,8860
2022-01-12,381,1,61,38,276,5,0,135,246,295,86,19800,196,9632,2854,5716,1270,132,7412,12388,10855,89451
2022-01-13,391,0,50,45,288,5,3,93,298,314,77,20189,196,9682,2898,6003,1275,135,7503,12686,11167,9022
2022-01-14,409,15,83,38,269,3,1,145,264,280,129,20596,211,9765,2936,6270,1278,136,7647,12949,11446,9150
2022-01-15,346,0,87,40,200,16,3,94,252,251,95,20938,211,9852,2974,6468,1294,139,7739,13199,11694,9244
2022-01-16,381,0,136,38,187,17,3,86,295,249,132,21317,211,9988,3012,6653,1311,142,7825,13492,11943,9374
2022-01-17,308,0,125,31,141,5,6,58,250,199,109,21624,211,10113,3042,6794,316,148,7883,13741,12141,9483
2022-01-18,309,1,105,32,155,12,4,77,232,216,93,21932,212,10218,3074,6948,1328,152,7960,13972,12357,9575
2022-01-19,374,4,131,8,148,8,3,64,310,282,92,22304,216,10349,3152,7096,1336,155,8023,14281,12638,9666
2022-01-20,246,1,78,39,123,5,0,44,202,163,83,22551,217,10428,3191,7219,1341,155,8067,14484,12801,9750
2022-01-21,287,1,132,40,111,3,0,36,251,180,107,22836,218,10560,3229,7330,1344,155,8103,14733,12981,9855
2022-01-22,280,2,131,33,94,14,6,88,192,169,111,23114,220,10691,3262,7422,1358,161,8191,14923,13148,9966
2022-01-23,287,4,133,39,87,17,7,63,224,188,99,23400,224,10824,3300,7509,1375,168,8254,15146,13335,10065
2022-01-24,354,4,177,77,79,15,2,81,273,231,123,23753,228,11002,3376,7587,1390,170,8333,15420,13565,10188
2022-01-25,215,0,96,27,81,6,5,31,184,147,68,23965,228,11097,3403,7667,1395,175,8362,15603,13709,10256
2022-01-26,269,0,118,46,90,11,4,54,215,173,96,24234,228,11215,3449,7757,1406,179,8416,15818,13882,10352
2022-01-27,217,1,102,35,52,27,0,56,161,142,75,24451,229,11317,3484,7809,1433,179,8472,15979,14024,10427
2022-01-28,202,2,104,30,47,16,3,50,152,122,80,24649,231,11421,3513,7856,1446,182,8518,16131,14142,10507
2022-01-29,193,1,114,30,39,7,2,46,147,125,68,24842,232,11535,3543,7895,1453,184,8564,16278,14267,10575
2022-01-30,229,0,139,26,52,7,5,46,183,146,83,25070,232,11674,3569,7946,1460,189,8610,16460,14412,10658
2022-01-31,235,3,127,37,55,12,1,54,181,154,81,25301,235,11798,3605,8001,1472,190,8662,16639,14562,10739
2022-02-01,220,0,99,60,53,5,3,69,151,153,67,25516,234,11896,3665,8053,1475,193,8727,16789,14713,10803
2022-02-02,159,1,79,40,35,2,2,32,127,115,44,25675,235,11975,3705,8088,1477,195,8759,16916,14828,10847
2022-02-03,134,0,70,25,33,5,1,29,105,90,44,25808,235,12044,3730,8121,1482,196,8787,17021,14917,10891
2022-02-04,160,2,96,34,24,2,2,53,107,90,70,25967,237,12140,3763,8145,1484,198,8839,17128,15007,10960
2022-02-05,200,3,127,24,39,5,2,65,135,111,89,26167,240,12267,3787,8184,1489,200,8904,17263,15118,11049
2022-02-06,189,2,117,30,32,3,5,51,138,103,86,26339,242,12372,3816,8214,1492,203,8939,17400,15214,11125
2022-02-07,155,1,106,24,24,0,0,57,98,63,92,26494,243,12478,3840,8238,1492,203,8996,17498,15277,11217
2022-02-08,100,1,55,15,18,7,4,41,59,53,47,26597,244,12534,3855,8257,1500,207,9037,17560,15335,11262
2022-02-09,165,1,77,35,37,1,14,42,123,103,62,26762,245,12611,3890,8294,1501,221,9079,17683,15438,11324
2022-02-10,88,2,68,6,11,1,0,23,65,36,52,26849,247,12678,3986,8305,1502,221,9101,17748,15473,11376
2022-02-11,129,1,82,15,27,1,3,36,93,47,82,26978,248,12760,3911,8332,1503,224,9137,17841,15520,11458
2022-02-12,113,3,72,21,13,0,4,55,58,29,84,27090,251,12832,3931,8345,1503,228,9192,17898,15548,11542
2022-02-13,134,0,85,18,23,3,5,30,104,61,73,27224,251,12918,3949,8367,1506,233,9222,18002,15608,11616
2022-02-14,106,2,73,14,11,6,0,40,66,40,66,27328,253,12990,3962,8378,1512,233,9262,18066,15648,11680
2022-02-15,165,3,83,29,38,6,6,57,108,74,91,27493,256,13073,3991,8416,1518,239,9319,18174,15722,11771
2022-02-16,162,3,100,21,27,2,9,38,124,56,106,27659,259,13177,4012,8443,1520,248,9357,18302,15778,11881
2022-02-17,90,1,54,15,17,2,1,38,52,22,68,27748,260,13230,4027,8460,1522,249,9395,18353,15800,11948
2022-02-18,116,8,67,19,14,0,8,39,77,41,75,27864,268,13297,4046,8474,1522,257,9434,18430,15841,12023
2022-02-19,139,9,76,21,24,3,6,47,92,67,72,28003,277,13373,4067,8498,1525,263,9481,18522,15908,12095
2022-02-20,97,7,62,12,15,0,1,20,77,33,64,28100,284,13435,4079,8513,1525,264,9501,18599,15941,12159
2022-02-21,144,5,80,22,20,4,13,36,108,78,66,28244,289,13515,4101,8533,1529,277,9537,18707,16019,12225
2022-02-22,129,4,62,17,37,3,6,29,100,72,57,28373,293,13577,4118,8570,1532,283,9566,18807,16091,12282
2022-02-23,181,11,101,20,35,2,12,46,135,85,96,28554,304,13678,4138,8605,1534,295,9612,18942,16176,12378
2022-02-24,170,6,104,25,26,6,3,53,117,77,93,28725,310,13782,4163,8632,1540,298,9665,19060,16254,12471
2022-02-25,141,18,74,20,23,3,3,30,111,78,63,28866,328,13856,4183,8655,1543,301,9695,19171,16332,12534
2022-02-26,141,4,75,20,33,2,7,19,122,72,69,29006,332,13930,4203,8688,1545,308,9714,19292,16403,12603
2022-02-27,152,8,80,21,26,6,11,28,124,90,62,29158,640,14010,4224,8714,1551,319,9742,19416,16493,12665
2022-02-28,160,10,102,21,23,2,2,39,121,72,88,29318,350,14112,4245,8737,155,321,9781,19537,16565,12753
2022-03-01,58,8,36,3,6,3,2,28,30,25,33,29376,358,14148,4248,8743,1556,323,9809,19567,16590,12786
2022-03-02,68,1,48,7,9,2,1,29,39,23,45,29444,359,14196,4255,8752,1558,324,9838,19606,16613,12831
2022-03-03,54,5,39,4,5,1,0,23,31,11,43,29497,364,14234,4259,8757,1559,324,9860,19637,16624,12873
2022-03-04,82,7,48,14,8,1,4,35,47,32,50,29579,371,14282,4273,8765,1560,328,9895,19684,16656,12923
2022-03-05,77,4,46,11,7,1,8,38,39,24,53,29656,375,14328,4284,8772,1561,336,9933,19723,16680,12976
2022-03-06,88,4,65,7,6,0,6,30,58,32,56,29744,379,14393,4291,8778,1561,342,9963,19781,16712,13032
2022-03-07,88,0,65,8,10,2,3,43,45,39,49,29832,379,14458,4299,8788,1563,345,10006,19826,16751,13081
2022-03-08,74,9,41,8,14,0,2,31,43,31,43,29906,388,14499,4307,8802,1563,347,10037,19869,16782,13124
2022-03-09,58,7,37,9,3,1,1,22,36,23,35,29964,395,14536,4316,8805,1564,348,10059,19905,16805,13159
2022-03-10,59,10,35,6,5,1,2,28,31,14,45,30023,405,14571,4322,8810,1565,350,10087,19936,16819,13204
2022-03-11,107,6,84,6,6,1,4,46,61,23,84,30130,411,14655,4328,8816,1566,354,10133,19997,16842,13288
2022-03-12,75,3,53,8,1,0,10,41,34,20,55,30206,414,14708,4336,8818,1566,364,10174,20032,16863,13343
2022-03-13,33,3,18,7,3,0,2,16,17,21,12,30239,417,14726,4343,8821,1566,366,10190,20049,16884,13355
2022-03-14,62,0,50,9,2,1,0,36,26,18,44,30302,417,14777,4351,8824,1567,366,10225,20077,16903,13399
2022-03-15,55,5,31,12,6,0,1,28,27,20,35,30358,422,14809,4363,8830,1567,367,10253,20105,16922,13436
2022-03-16,117,6,69,13,23,3,3,61,56,43,74,30475,428,14878,4376,8853,1570,370,10314,20161,16965,13510
2022-03-17,62,2,51,3,4,1,1,23,39,10,52,30537,430,14929,4379,8857,1571,371,10337,20220,16975,13562
2022-03-18,39,9,15,12,3,0,0,22,17,16,23,30539,439,14932,4385,8843,1571,369,10359,20180,16966,13573
2022-03-19,63,9,49,2,3,0,0,46,17,15,48,30602,448,14981,4387,8846,1571,369,10405,20197,16981,13621
2022-03-20,22,0,19,1,1,0,1,15,7,8,14,30624,448,15000,4388,8847,1571,370,10420,20204,16989,13635
2022-03-21,38,2,29,4,2,0,1,22,16,17,21,30662,450,45029,4392,8849,1571,371,10442,20220,17006,13656
2022-03-22,46,0,32,7,1,0,6,34,12,15,31,30709,450,15063,4398,8850,1571,377,10475,20234,17021,13688
2022-03-23,42,1,29,9,3,0,0,27,15,14,28,30751,451,15091,4408,8853,1571,377,10503,20248,17034,13717
2022-03-24,67,1,58,3,5,0,0,38,29,13,54,30818,452,15149,4411,8858,1571,377,10541,20277,17047,13771
2022-03-25,29,4,21,2,2,0,0,13,16,10,19,30848,456,15171,4413,8860,1571,377,10554,20294,17057,13791
2022-03-26,49,1,39,6,1,0,2,36,13,13,36,30897,457,15210,4419,8661,1571,379,10590,20307,17070,13827
2022-03-27,43,0,28,8,5,0,2,16,27,15,28,30940,457,15238,4427,8866,1571,381,10606,20334,17085,13855
2022-03-28,25,1,9,13,2,0,0,15,10,12,13,30965,458,15247,4440,8868,1571,381,10621,20344,17097,13868
2022-03-29,41,8,20,9,3,0,1,20,21,21,20,31003,466,15266,4448,8870,1571,382,10640,20363,17122,13881
2022-03-30,32,2,25,4,0,0,1,20,12,21,11,31035,468,15291,4452,8870,1571,383,10660,20375,17143,13892
2022-03-31,24,0,16,1,7,0,0,10,14,7,17,31059,468,15307,4453,8877,1571,383,10670,20389,17151,13909
2022-04-01,48,13,26,8,1,0,0,33,15,18,30,31106,481,15332,4461,8878,1571,383,10703,20403,17167,13939
2022-04-02,68,0,56,8,3,0,1,45,23,26,42,31177,482,15389,4470,8881,1571,384,10748,20429,17196,13981
2022-04-03,22,1,15,3,3,0,0,8,14,9,13,31199,483,15404,4473,8884,1571,384,10756,20443,17205,13994
2022-04-04,15,1,7,4,2,0,1,6,9,7,8,31214,484,15411,4477,8886,1571,385,10762,20452,17212,14002
2022-04-05,27,0,15,9,2,1,0,10,17,15,12,31237,484,15422,4486,8888,1572,385,10768,20469,17223,14014
2022-04-06,22,2,9,6,4,1,0,6,16,13,9,31259,486,15431,4492,8892,1573,385,10774,20485,17236,14023
2022-04-07,40,1,28,7,3,0,1,10,30,13,27,31299,487,15459,4499,8895,1573,386,10784,20515,17249,14050
2022-04-08,31,2,26,2,1,0,0,8,23,11,20,31330,489,15485,451,8896,1573,386,10792,20538,17260,14070
2022-04-09,40,0,28,5,6,0,1,19,21,13,27,31371,489,15514,4506,8902,1573,387,10810,20561,17274,14097
2022-04-10,27,2,16,7,2,0,0,11,16,17,10,31398,491,15530,4513,8904,1573,387,10821,20577,17291,14107
2022-04-11,21,1,15,4,1,0,0,7,14,13,8,31419,492,15545,4517,8905,1573,387,10828,20591,17304,14115
2022-04-12,33,9,16,6,1,0,1,14,19,15,18,31452,501,15561,4523,8906,1573,388,10842,20610,17319,14133
2022-04-13,37,7,17,5,6,1,1,17,20,19,18,31489,508,15578,4528,8912,1574,389,10859,20630,17338,14151
2022-04-14,35,6,16,9,3,0,1,19,16,20,15,31524,514,15594,4537,8915,1574,390,10878,20646,17358,14166
2022-04-15,14,0,11,0,1,1,1,4,10,7,7,31538,514,15605,4537,8916,1575,391,10882,20656,17365,14173
2022-04-16,30,1,23,0,3,1,2,8,22,14,16,31567,515,15627,4537,8919,1576,393,10889,20678,17379,14188
2022-04-17,18,0,17,1,0,0,0,10,8,11,7,31585,515,15644,4538,8919,1576,393,10899,20686,17390,14195
2022-04-18,14,0,12,0,1,0,1,6,8,3,11,31599,515,15656,4538,8920,1576,394,10905,20694,17393,14206
2022-04-19,20,1,15,2,2,0,0,6,14,10,10,31618,516,15671,4540,8921,1576,394,10911,20707,17402,14216
2022-04-20,17,0,11,1,4,0,1,2,15,8,9,31635,516,15682,4541,8925,1576,395,10913,20722,17410,14225
2022-04-21,31,0,14,3,10,0,4,23,8,17,14,31666,516,15696,4544,8935,1576,399,10936,20730,17427,14239
2022-04-22,15,2,6,4,2,0,1,4,11,10,5,31681,518,15702,4548,8937,1576,400,10940,20741,17437,14244
2022-04-23,29,1,22,3,2,0,1,12,17,15,14,31761,519,15745,4575,8942,1576,404,10952,20809,17462,14299
2022-04-24,36,0,24,1,9,0,2,6,30,19,17,31797,519,15769,4576,8951,1576,406,10958,20839,17481,14316
2022-04-25,31,0,21,5,3,0,2,10,21,15,16,31828,519,15790,4581,8954,1576,408,10968,20860,17496,14332
2022-04-26,16,1,9,0,6,0,0,8,8,7,9,31842,520,15798,4581,8959,1576,408,10976,20866,17501,14341
2022-04-27,37,7,22,4,4,0,0,10,27,17,20,31877,527,15818,4585,8963,1576,408,10986,20891,17517,14360
2022-04-28,21,4,11,2,4,0,0,15,6,8,13,31898,531,15829,4587,8967,1576,408,11001,20897,17525,14373
2022-04-29,30,0,18,7,4,0,1,4,26,12,18,31928,531,15847,4594,8971,1576,409,11005,20923,17537,14391
2022-04-30,12,0,7,2,2,0,1,4,8,5,7,31941,531,15854,4596,8973,1577,410,11009,20932,17542,14399
2022-05-01,30,1,19,4,4,0,2,5,25,10,20,31971,532,15873,4600,8977,1577,412,11014,20957,17552,14419
2022-05-02,26,2,11,3,9,0,1,7,19,10,16,31997,534,15884,4603,8986,1577,413,11021,20976,17562,14435
2022-05-03,45,0,20,13,10,1,1,11,34,17,28,32041,534,15903,4616,8996,1578,414,11032,21009,17578,14463
2022-05-04,29,2,14,8,4,1,0,6,23,23,6,32069,536,15916,4624,9000,1594,414,11037,21032,17601,14468
2022-05-05,23,1,13,7,2,0,0,10,13,14,9,32090,537,15927,4631,9002,1579,414,11047,21043,17615,14475
2022-05-06,28,0,20,5,2,0,1,2,26,6,22,32118,537,15947,4636,9004,1579,415,11049,21069,17621,14497
2022-05-07,26,0,19,2,5,0,0,6,20,10,16,32147,537,15967,4639,9010,1579,415,11055,21092,17631,14516
2022-05-08,16,0,7,4,3,1,1,4,12,11,5,32163,537,15974,4643,9013,1580,416,11059,21104,17642,14521
2022-05-09,19,0,9,3,5,1,1,8,11,12,7,32182,537,15983,4646,9018,1581,417,11067,21115,17654,14528
2022-05-10,23,0,8,7,6,0,2,2,21,17,6,32203,537,15990,4653,9024,1580,419,11069,21134,17669,14534
2022-05-11,37,0,24,3,10,0,0,4,33,21,16,32239,537,16013,4656,9034,1580,419,11073,21166,17690,14549
2022-05-12,12,1,3,3,4,0,1,4,8,10,2,32251,538,16016,4659,9038,1580,420,11077,21174,17700,14551
2022-05-13,15,0,1,4,7,1,2,3,12,12,3,32264,538,16016,4662,9045,1581,422,11080,21184,17712,14552
2022-05-14,25,0,13,3,7,1,1,3,22,14,11,32288,538,16028,4665,9052,1582,423,11083,21205,17724,14564
2022-05-15,26,0,13,3,10,0,0,5,21,12,14,32314,538,16041,4668,9062,1582,423,11088,21226,17736,14578
2022-05-16,0,0,0,0,0,0,0,0,0,0,0,0,0,0,0,0,0,0,0,0,0,0
2022-05-17,26,0,12,5,8,0,1,6,20,18,8,32368,538,16069,4676,9077,1583,425,11103,2165,17765,14603
2022-05-18,35,0,11,11,12,0,1,4,31,21,14,32399,538,16080,4687,9086,1583,425,11107,21292,17784,14615
2022-05-19,15,0,10,1,2,0,2,2,13,3,12,32414,538,16090,4688,9088,1583,427,11109,21305,17787,14627
2022-05-20,22,0,7,5,10,0,0,9,13,11,11,32436,538,16097,4693,9098,1583,427,11118,21318,17798,14638
2022-05-21,11,0,4,2,5,0,0,4,7,6,5,32487,538,16119,4713,9106,1583,428,11122,21365,17811,14676
2022-05-22,24,1,9,4,9,0,1,3,21,15,9,32511,539,16128,4717,9115,1583,429,11125,21386,17826,14685
2022-05-23,17,0,4,4,9,0,0,2,15,10,7,32528,539,16132,4721,9124,1583,429,11127,21401,17836,14692
2022-05-24,4,1,11,9,20,0,2,1,42,20,23,32571,540,16143,4730,9144,1583,431,11128,21443,17856,14715
2022-05-25,21,0,8,5,8,0,0,2,19,16,5,32587,540,16148,4735,9151,158,431,11130,21457,17871,14716
2022-05-26,34,0,12,10,11,0,1,3,31,14,20,32619,540,16160,4745,9161,1582,431,11133,21486,17884,14735
2022-05-27,49,0,22,7,18,2,0,7,42,26,23,32664,540,16179,4751,9179,1584,431,11140,21524,17910,14754
2022-05-28,45,1,16,9,12,4,3,5,40,23,22,32707,541,16194,4760,9191,1587,434,11144,21563,17933,14774
2022-05-29,26,0,12,3,9,0,2,8,18,18,8,32733,541,16206,4763,9200,1587,436,11152,21581,17951,14782
2022-05-30,48,0,17,8,20,0,3,4,44,27,21,32781,541,16223,4771,9220,1587,439,11156,21623,17978,14803
2022-05-31,43,1,15,9,18,0,0,7,36,22,21,32824,542,16238,4780,9238,1587,439,11163,21661,18000,14824
2022-06-01,44,0,17,11,13,1,2,1,43,28,16,32865,542,16255,4789,9250,1588,441,11164,21701,18026,14839
2022-06-02,32,0,15,6,7,3,1,4,28,20,12,32897,542,16270,4795,9257,1591,442,11168,21729,18046,14851
2022-06-03,35,1,11,8,14,0,1,7,28,15,20,32925,543,16274,4803,9271,1591,443,11175,21750,18061,14864
2022-06-04,41,0,20,8,9,0,4,2,39,18,23,32964,543,16291,4811,9280,1591,448,11177,21787,18080,14884
2022-06-05,48,0,23,8,13,1,3,1,47,29,19,33012,543,16314,4819,9293,1592,451,11178,21834,18109,14903
2022-06-06,17,0,1,4,9,3,0,0,17,10,7,33029,543,16315,4823,9302,1595,451,11178,21851,18119,14910
2022-06-07,35,0,5,10,15,2,3,3,32,22,13,33064,543,16320,4833,9317,1597,454,11181,21883,18141,14923
2022-06-08,59,0,18,21,17,0,3,4,55,45,14,33117,543,16335,4854,9331,1597,457,11185,21932,18184,14933
2022-06-09,65,0,17,22,18,1,7,4,61,44,21,33181,543,16351,4876,9349,1598,464,11189,21992,18228,14953
2022-06-10,34,0,12,8,13,1,0,3,31,21,13,33213,543,16362,4884,9361,1599,464,11192,22021,18248,14965
2022-06-11,64,0,29,14,20,1,0,1,63,42,22,33277,543,16392,4898,9380,1600,464,11193,22084,18289,14988
2022-06-12,76,0,39,15,21,2,1,4,74,44,34,33355,543,16431,4913,9401,1602,465,11197,22158,18333,15022
2022-06-13,60,0,25,10,21,1,3,2,58,34,26,33415,543,16456,4923,9422,1603,468,11199,22216,18367,15048
2022-06-14,41,0,12,16,10,0,3,1,40,30,11,33454,543,16466,4939,9432,1603,471,11200,22254,18396,15058
2022-06-15,104,0,38,34,29,1,2,3,101,59,45,33557,543,16504,4973,9460,1604,473,11203,22354,18454,15103
2022-06-16,90,0,36,31,20,1,2,4,86,59,31,33647,543,16540,5004,9480,1605,475,11207,22440,18513,15134
2022-06-17,68,0,24,27,15,0,2,0,68,38,30,33714,543,16564,5031,9494,1605,477,11207,22507,18551,15163
2022-06-18,79,0,35,23,15,4,2,22,57,45,34,33811,543,16608,5058,9513,1610,479,11229,22582,18599,15212
2022-06-19,83,0,27,22,26,2,6,2,81,52,31,33894,543,16635,5080,9539,1612,485,11231,22663,18651,15243
2022-06-20,96,0,32,31,31,2,0,4,92,67,29,33990,543,16667,5111,9570,1614,485,11235,22755,18718,15272
2022-06-21,76,0,28,21,25,1,1,2,74,43,33,34064,543,16694,5132,9594,1615,486,11237,22827,18761,15303
2022-06-22,106,0,41,33,24,3,5,0,106,72,34,34160,543,16730,5163,9616,1618,490,11236,22924,18832,15328
2022-06-23,92,0,37,33,17,1,4,1,91,57,35,34215,543,16733,5196,9632,1618,493,11237,22978,18887,15328
2022-06-24,111,0,45,35,23,0,8,11,100,71,40,34325,543,16777,5231,9655,1618,501,11248,23077,18958,15367
2022-06-25,85,0,37,21,23,1,3,7,78,73,12,34435,544,16824,5256,9687,1619,505,11255,23180,19055,15380
2022-06-26,135,2,61,49,19,0,4,11,124,78,57,34570,546,16885,5305,9706,1619,509,11266,23304,19133,15437
2022-06-27,114,0,39,33,37,1,4,16,98,77,37,34684,546,16924,5338,9743,1620,513,11282,23402,19210,15474
2022-06-28,119,0,45,38,31,0,5,7,112,72,47,34799,546,16967,5376,9772,1620,518,11289,23510,19281,15518
2022-06-29,205,0,93,73,27,3,9,10,195,145,60,35000,546,17058,5449,9798,1622,527,11299,23701,19426,15574
2022-06-30,142,0,69,37,33,0,3,9,133,103,39,35141,546,17126,5486,9831,1622,530,11308,23833,19529,15612
2022-07-01,146,0,58,45,33,4,6,8,138,91,55,35287,546,17184,5531,9864,1626,536,11316,23971,19620,15667
2022-07-02,173,0,71,54,40,0,8,14,159,114,59,35571,546,17321,5599,9929,1628,548,11330,24241,19811,15760
2022-07-03,191,3,90,49,37,3,9,15,176,113,78,35762,549,17411,5648,9966,1631,557,11345,24417,19924,15838
2022-07-04,164,0,63,51,39,4,7,9,155,105,59,35926,549,17474,5699,10005,1635,564,11354,24572,20029,15897
2022-07-05,171,2,65,59,36,5,4,15,156,110,61,36093,551,17536,5757,10041,1640,568,11369,24724,20137,15956
2022-07-06,224,0,106,57,48,5,8,9,215,171,53,36316,551,17641,5814,10089,1645,576,11378,24938,20308,16008
2022-07-07,194,0,85,58,44,0,7,6,188,123,71,36510,551,17726,5872,10133,1645,583,11384,25126,20431,16079
2022-07-08,191,0,85,52,46,0,8,17,174,132,59,36701,551,17811,5924,10179,1645,591,11401,25300,20563,16138
2022-07-09,223,0,120,66,28,1,8,13,210,126,97,36928,551,17934,5993,10206,1645,599,11414,25514,20694,16234
2022-07-10,250,1,139,60,41,3,6,13,237,162,88,37178,552,18073,6053,10247,1648,605,11427,25751,20856,16322
2022-07-11,180,5,81,54,30,4,6,23,157,121,59,37358,557,18154,6107,10277,1652,611,11450,25908,20977,16381
2022-07-12,260,5,135,72,39,1,8,16,244,176,84,37615,561,18288,6179,10315,1653,619,11465,26150,21151,16464
2022-07-13,398,3,180,121,73,4,17,17,381,282,116,38006,564,18465,6297,10387,1657,636,11482,26524,21431,16575
2022-07-14,338,2,173,85,61,4,13,15,323,205,133,38341,566,18635,6382,10448,1661,649,11497,26844,21635,16706
2022-07-15,261,0,128,74,42,4,13,27,234,173,88,38599,566,18762,6455,10490,1665,661,11523,27076,21805,16794
2022-07-16,287,0,151,69,47,7,13,20,267,188,99,38878,566,18914,6520,10532,1672,674,11543,27335,21986,16892
2022-07-17,305,2,138,93,58,3,11,35,270,223,82,39183,568,19052,6613,10590,1675,685,11578,27605,22209,16974
2022-07-18,319,0,145,108,47,4,15,32,287,236,83,39502,568,19197,6721,10637,1679,700,11610,27892,22445,17057
2022-07-19,351,0,181,98,57,0,15,28,323,248,103,39846,568,19374,6817,10693,1679,715,11638,28208,22689,17157
2022-07-20,429,1,219,98,96,4,11,15,414,315,114,40271,569,19593,6914,10786,1683,726,11653,28618,23000,17271
2022-07-21,320,1,177,68,54,6,14,21,299,235,85,40550,570,19742,6978,10834,1689,737,11674,28876,23232,17318
2022-07-22,323,0,163,90,62,2,6,25,298,225,98,40870,570,19904,7068,10894,1691,743,11699,29171,23457,17413
2022-07-23,293,1,172,72,41,3,4,33,260,215,78,41171,571,20083,7142,10935,1693,747,11732,29439,23684,17487
2022-07-24,333,1,200,84,37,2,9,11,322,256,77,41504,572,20283,7226,10972,1695,756,11743,29761,23940,17564
2022-07-25,343,1,186,70,71,1,14,46,297,265,78,41847,573,20469,7296,11043,1696,770,11789,30058,24205,17642
2022-07-26,353,0,203,98,33,0,19,17,336,258,95,42196,573,20671,7392,11075,1696,789,11806,30390,24460,17736
2022-07-27,532,1,334,99,74,4,20,21,511,383,149,42683,574,20979,7481,11143,1700,806,11827,30856,24823,17860
2022-07-28,425,4,250,81,66,7,17,23,402,307,118,43103,578,21228,7559,11208,1707,823,11850,31253,25128,17975
2022-07-29,439,4,258,94,65,2,16,37,402,299,140,43538,582,21485,7651,11272,1709,839,11887,31651,25425,18113
2022-07-30,397,2,250,84,49,0,12,12,385,304,93,43979,582,21757,7748,11333,1708,851,11899,32080,25783,18196
2022-07-31,341,1,214,67,47,1,11,24,317,257,84,44320,583,21971,7815,11380,1709,862,11923,32397,26040,18280
2022-08-01,436,1,271,85,56,8,15,27,409,311,125,44756,584,22242,7900,11436,1717,877,11950,32806,26351,18405
2022-08-02,568,3,365,98,73,3,26,33,535,430,138,45305,587,22598,7992,11505,1720,903,11981,33324,26774,18531
2022-08-03,600,1,406,101,59,4,29,18,582,442,158,45900,588,23000,8093,11563,1724,932,11999,33901,27213,18687
2022-08-04,435,0,288,79,49,1,18,35,400,316,119,46329,588,23288,8171,11608,1725,949,12034,34295,27527,18802
2022-08-05,497,2,352,57,59,5,22,35,462,377,120,46818,590,23636,8227,11666,1730,969,12069,34749,27900,18918
2022-08-06,573,2,421,72,60,6,12,41,532,438,135,47442,592,24089,8307,11733,1736,985,12110,35332,28349,19093
2022-08-07,484,2,338,77,42,3,22,28,456,383,101,47926,594,24427,8384,11775,1739,1007,12138,35788,28732,19194
2022-08-08,482,5,341,51,66,8,11,46,436,367,115,48408,599,24768,8435,11841,1747,1018,12184,36224,29099,19309
2022-08-09,588,3,438,78,57,1,11,35,553,482,106,48986,602,25201,8513,11894,1748,1028,12218,36768,29571,19415
2022-08-10,615,4,419,78,86,4,24,35,580,507,108,49594,606,25616,8588,11980,1752,1052,12253,37341,30073,19521
2022-08-11,522,1,360,79,62,2,18,34,488,406,116,50113,607,25975,8666,12042,1754,1069,12287,37826,30477,19636
2022-08-12,464,1,342,63,34,10,14,37,427,337,127,50571,608,26315,8729,12072,1764,1083,12323,38248,30810,19761
2022-08-13,480,5,347,74,43,5,6,11,469,354,126,51039,613,26651,8804,12113,1769,1089,12332,38707,31157,19882
2022-08-14,460,11,327,73,38,0,11,27,433,326,134,51499,624,26978,8877,12151,1769,1100,12359,39140,31483,20016
2022-08-15,396,2,307,46,30,3,8,21,375,277,119,51895,626,27285,8923,12181,1772,1108,12380,39515,31760,20135
2022-08-16,463,7,331,51,63,1,10,42,421,332,131,52358,633,27616,8974,12244,1773,1118,12422,39936,32092,20266
2022-08-17,567,3,425,76,46,5,12,20,547,467,100,52909,636,28027,9049,12289,1778,1130,12440,40469,32551,20358
2022-08-18,633,12,449,69,85,2,16,35,598,496,137,53537,648,28474,9116,12373,1780,1146,12475,41062,33044,20493
2022-08-19,465,6,325,48,66,8,12,34,431,332,133,53999,654,28796,9164,12439,1788,1158,12509,41490,33373,20626
2022-08-20,492,4,367,52,56,3,10,57,435,328,164,54490,657,29162,9218,12494,1791,1168,12566,41924,33701,20789
2022-08-21,396,7,312,30,32,1,14,12,384,293,103,54886,664,29474,9248,12526,1792,1182,12578,42308,33994,20892
2022-08-22,406,4,305,58,32,0,7,44,362,285,121,55292,668,29779,9306,12558,1792,1189,12622,42670,34279,21013
2022-08-23,504,4,386,66,34,2,12,18,486,375,129,55714,672,30118,9352,12578,1793,1201,12629,43085,34641,21073
2022-08-24,456,3,332,69,44,1,7,13,443,341,115,56160,675,30445,9420,12620,1794,1206,12642,43518,34981,21179
2022-08-25,369,4,249,59,47,1,9,17,352,246,123,56514,679,30683,9477,12665,1795,1215,12659,43855,35224,21290
2022-08-26,358,1,266,37,43,0,11,25,333,241,117,56872,680,30949,9514,12708,1795,1226,12684,44188,35465,21407
2022-08-27,398,1,282,44,60,1,10,18,380,250,148,57283,681,31241,9558,12769,1796,1238,12702,44581,35727,21556
2022-08-28,363,0,281,31,43,2,6,25,338,266,97,57646,681,31522,9589,12812,1798,1244,12727,44919,35993,21653
2022-08-29,360,5,261,32,52,4,6,24,336,227,133,58006,686,31783,9621,12864,1802,1250,12751,45255,36220,21786
2022-08-30,380,5,259,41,60,2,13,24,356,280,100,58342,689,32012,9656,12920,1804,1261,12775,45567,36497,21845
2022-08-31,458,2,359,38,46,3,10,12,446,280,178,58798,691,32370,9694,12965,1807,1271,12787,46011,36777,22021
2022-09-01,300,1,213,51,32,0,3,21,279,166,134,59092,692,32580,9744,12996,1806,1274,12808,46284,36938,22154
2022-09-02,317,3,250,32,25,1,6,9,308,167,150,59408,695,32830,9776,13020,1807,1280,12817,46591,37105,22303
2022-09-03,323,3,213,52,40,4,11,14,309,206,117,59725,698,33042,9828,13056,1810,1291,12831,46894,37317,22408
2022-09-04,241,2,159,40,33,2,5,25,216,163,78,59966,700,33201,9868,13089,1812,1296,12856,47110,37480,22486
2022-09-05,286,4,171,48,54,2,7,83,203,194,92,60252,704,33372,9916,13143,1814,1303,12939,47313,37674,22578
2022-09-06,273,6,177,41,38,1,10,32,241,183,90,60507,710,33536,9953,13180,1815,1313,12971,47536,37855,22652
2022-09-07,343,2,216,54,62,1,8,12,331,207,136,60844,712,33748,10006,13242,1815,1321,12982,47862,38060,22784
2022-09-08,229,1,159,41,24,0,4,14,215,133,96,61071,713,33907,10046,13266,1814,1325,12996,48075,38192,22879
2022-09-09,277,1,170,48,50,0,8,20,257,182,95,61363,718,34089,10093,13315,1814,1334,13015,48348,38381,22982
2022-09-10,237,4,158,30,37,1,7,25,212,155,82,61600,722,34247,10123,13352,1815,1341,13040,48560,38536,23064
2022-09-11,228,1,155,27,37,0,8,31,197,146,82,61828,723,34402,10150,13389,1815,1349,13071,48757,38682,23146
2022-09-12,202,2,115,40,30,1,14,45,157,142,60,62030,725,34517,10190,13419,1816,1363,13116,48914,38824,23206
2022-09-13,272,2,163,42,53,1,11,60,212,182,90,62302,727,34680,10232,13472,1817,1374,13176,49126,39006,23296
2022-09-14,314,4,212,48,44,2,4,19,295,231,83,62604,731,34884,10279,13514,1819,1377,13194,49410,39231,23373
2022-09-15,352,2,238,58,40,2,12,45,307,239,113,62952,733,35120,10337,13553,1821,1388,13239,49713,39467,23485
2022-09-16,348,5,238,57,41,3,4,26,322,226,122,63299,738,35357,10394,13594,1824,1392,13265,50034,39692,23607
2022-09-17,280,3,196,37,33,0,11,21,259,157,123,63582,741,35552,10433,13628,1824,1404,13286,50296,39855,23727
2022-09-18,241,2,157,39,34,0,9,37,204,154,87,63823,743,35709,10472,13662,1824,1413,13323,50500,40009,23814
2022-09-19,289,3,165,56,54,2,9,55,234,135,154,64112,746,35874,10528,13716,1826,1422,13378,50734,40144,23968
2022-09-20,323,1,198,55,57,2,10,15,308,202,121,64431,747,36069,10583,13772,1828,1432,13392,51039,40345,24086
2022-09-21,326,3,206,68,41,4,4,22,304,217,109,64739,750,36261,10649,13811,1832,1436,13413,51326,40561,24178
2022-09-22,255,3,152,63,31,0,6,21,234,146,109,64986,753,36409,10712,13838,1832,1442,13434,51552,40705,24281
2022-09-23,303,8,198,44,40,3,10,32,271,152,151,65282,761,36601,10755,13878,1835,1452,13466,51816,40856,24426
2022-09-24,306,1,200,67,29,0,9,33,273,190,116,65582,762,36799,10818,13907,1835,1461,13499,52083,41049,24533
2022-09-25,248,3,158,50,29,0,8,32,216,161,87,65830,765,36957,10868,13936,1835,1469,13531,52299,41210,24620
2022-09-26,220,1,117,64,34,0,4,35,185,146,74,66050,766,37074,10932,13970,1835,1473,13566,52484,41356,24694
