tDate,InspectionsNum,SuspiciousNum,TemporaryClinicInsNum,MetropolitanClinicInsNum,NonMetropolitanClinicInsNum,NewConfirmed,TemporaryClinicComfNum,MetropolitanClinicComfNum,NonMetropolitanClinicComfNum,TestPositiveRate
2020-03-02,0,0,0,0,0,0,0,0,0,0
2020-03-03,0,0,0,0,0,0,0,0,0,0
2020-03-04,0,0,0,0,0,0,0,0,0,0
2020-03-05,0,0,0,0,0,0,0,0,0,0
2020-03-06,0,0,0,0,0,0,0,0,0,0
2020-03-07,0,0,0,0,0,0,0,0,0,0
2020-03-08,0,0,0,0,0,0,0,0,0,0
2020-03-09,0,0,0,0,0,0,0,0,0,0
2020-03-10,0,0,0,0,0,0,0,0,0,0
2020-03-11,0,0,0,0,0,0,0,0,0,0
2020-03-12,0,0,0,0,0,0,0,0,0,0
2020-03-13,0,0,0,0,0,0,0,0,0,0
2020-03-14,0,0,0,0,0,0,0,0,0,0
2020-03-15,0,0,0,0,0,0,0,0,0,0
2020-03-16,0,0,0,0,0,0,0,0,0,0
2020-03-17,0,0,0,0,0,0,0,0,0,0
2020-03-18,0,0,0,0,0,0,0,0,0,0
2020-03-19,0,0,0,0,0,0,0,0,0,0
2020-03-20,0,0,0,0,0,0,0,0,0,0
2020-03-21,0,0,0,0,0,0,0,0,0,0
2020-03-22,0,0,0,0,0,0,0,0,0,0
2020-03-23,0,0,0,0,0,0,0,0,0,0
2020-03-24,0,0,0,0,0,0,0,0,0,0
2020-03-25,0,0,0,0,0,0,0,0,0,0
2020-03-26,0,0,0,0,0,0,0,0,0,0
2020-03-27,0,0,0,0,0,0,0,0,0,0
2020-03-28,0,0,0,0,0,0,0,0,0,0
2020-03-29,0,0,0,0,0,0,0,0,0,0
2020-03-30,0,0,0,0,0,0,0,0,0,0
2020-03-31,0,0,0,0,0,0,0,0,0,0
2020-04-01,0,0,0,0,0,0,0,0,0,0
2020-04-02,0,0,0,0,0,0,0,0,0,0
2020-04-03,0,0,0,0,0,0,0,0,0,0
2020-04-04,0,0,0,0,0,0,0,0,0,0
2020-04-05,0,0,0,0,0,0,0,0,0,0
2020-04-06,0,0,0,0,0,0,0,0,0,0
2020-04-07,0,0,0,0,0,0,0,0,0,0
2020-04-08,0,0,0,0,0,0,0,0,0,0
2020-04-09,0,0,0,0,0,0,0,0,0,0
2020-04-10,0,0,0,0,0,0,0,0,0,0
2020-04-11,0,0,0,0,0,0,0,0,0,0
2020-04-12,0,0,0,0,0,0,0,0,0,0
2020-04-13,0,0,0,0,0,0,0,0,0,0
2020-04-14,0,0,0,0,0,0,0,0,0,0
2020-04-15,0,0,0,0,0,0,0,0,0,0
2020-04-16,0,0,0,0,0,0,0,0,0,0
2020-04-17,0,0,0,0,0,0,0,0,0,0
2020-04-18,0,0,0,0,0,0,0,0,0,0
2020-04-19,0,0,0,0,0,0,0,0,0,0
2020-04-20,0,0,0,0,0,0,0,0,0,0
2020-04-21,0,0,0,0,0,0,0,0,0,0
2020-04-22,0,0,0,0,0,0,0,0,0,0
2020-04-23,0,0,0,0,0,0,0,0,0,0
2020-04-24,0,0,0,0,0,0,0,0,0,0
2020-04-25,0,0,0,0,0,0,0,0,0,0
2020-04-26,0,0,0,0,0,0,0,0,0,0
2020-04-27,0,0,0,0,0,0,0,0,0,0
2020-04-28,0,0,0,0,0,0,0,0,0,0
2020-04-29,0,0,0,0,0,0,0,0,0,0
2020-04-30,0,0,0,0,0,0,0,0,0,0
2020-05-01,0,0,0,0,0,0,0,0,0,0
2020-05-02,0,0,0,0,0,0,0,0,0,0
2020-05-03,0,0,0,0,0,0,0,0,0,0
2020-05-04,0,0,0,0,0,0,0,0,0,0
2020-05-05,0,0,0,0,0,0,0,0,0,0
2020-05-06,0,0,0,0,0,0,0,0,0,0
2020-05-07,0,0,0,0,0,0,0,0,0,0
2020-05-08,0,0,0,0,0,0,0,0,0,0
2020-05-09,0,0,0,0,0,0,0,0,0,0
2020-05-10,0,0,0,0,0,0,0,0,0,0
2020-05-11,0,0,0,0,0,0,0,0,0,0
2020-05-12,0,0,0,0,0,0,0,0,0,0
2020-05-13,0,0,0,0,0,0,0,0,0,0
2020-05-14,0,0,0,0,0,0,0,0,0,0
2020-05-15,0,0,0,0,0,0,0,0,0,0
2020-05-16,0,0,0,0,0,0,0,0,0,0
2020-05-17,0,0,0,0,0,0,0,0,0,0
2020-05-18,0,0,0,0,0,0,0,0,0,0
2020-05-19,0,0,0,0,0,0,0,0,0,0
2020-05-20,0,0,0,0,0,0,0,0,0,0
2020-05-21,0,0,0,0,0,0,0,0,0,0
2020-05-22,0,0,0,0,0,0,0,0,0,0
2020-05-23,0,0,0,0,0,0,0,0,0,0
2020-05-24,0,0,0,0,0,0,0,0,0,0
2020-05-25,0,0,0,0,0,0,0,0,0,0
2020-05-26,0,0,0,0,0,0,0,0,0,0
2020-05-27,0,0,0,0,0,0,0,0,0,0
2020-05-28,0,0,0,0,0,0,0,0,0,0
2020-05-29,0,0,0,0,0,0,0,0,0,0
2020-05-30,0,0,0,0,0,0,0,0,0,0
2020-05-31,0,0,0,0,0,0,0,0,0,0
2020-06-01,0,0,0,0,0,0,0,0,0,0
2020-06-02,0,0,0,0,0,0,0,0,0,0
2020-06-03,0,0,0,0,0,0,0,0,0,0
2020-06-04,0,0,0,0,0,0,0,0,0,0
2020-06-05,0,0,0,0,0,0,0,0,0,0
2020-06-06,0,0,0,0,0,0,0,0,0,0
2020-06-07,0,0,0,0,0,0,0,0,0,0
2020-06-08,0,0,0,0,0,0,0,0,0,0
2020-06-09,0,0,0,0,0,0,0,0,0,0
2020-06-10,0,0,0,0,0,0,0,0,0,0
2020-06-11,0,0,0,0,0,0,0,0,0,0
2020-06-12,0,0,0,0,0,0,0,0,0,0
2020-06-13,0,0,0,0,0,0,0,0,0,0
2020-06-14,0,0,0,0,0,0,0,0,0,0
2020-06-15,0,0,0,0,0,0,0,0,0,0
2020-06-16,0,0,0,0,0,0,0,0,0,0
2020-06-17,0,0,0,0,0,0,0,0,0,0
2020-06-18,0,0,0,0,0,0,0,0,0,0
2020-06-19,0,0,0,0,0,0,0,0,0,0
2020-06-20,0,0,0,0,0,0,0,0,0,0
2020-06-21,0,0,0,0,0,0,0,0,0,0
2020-06-22,0,0,0,0,0,0,0,0,0,0
2020-06-23,0,0,0,0,0,0,0,0,0,0
2020-06-24,0,0,0,0,0,0,0,0,0,0
2020-06-25,0,0,0,0,0,0,0,0,0,0
2020-06-26,0,0,0,0,0,0,0,0,0,0
2020-06-27,0,0,0,0,0,0,0,0,0,0
2020-06-28,0,0,0,0,0,0,0,0,0,0
2020-06-29,0,0,0,0,0,0,0,0,0,0
2020-06-30,0,0,0,0,0,0,0,0,0,0
2020-07-01,0,0,0,0,0,0,0,0,0,0
2020-07-02,0,0,0,0,0,0,0,0,0,0
2020-07-03,0,0,0,0,0,0,0,0,0,0
2020-07-04,0,0,0,0,0,0,0,0,0,0
2020-07-05,0,0,0,0,0,0,0,0,0,0
2020-07-06,0,0,0,0,0,0,0,0,0,0
2020-07-07,0,0,0,0,0,0,0,0,0,0
2020-07-08,0,0,0,0,0,0,0,0,0,0
2020-07-09,0,0,0,0,0,0,0,0,0,0
2020-07-10,0,0,0,0,0,0,0,0,0,0
2020-07-11,0,0,0,0,0,0,0,0,0,0
2020-07-12,0,0,0,0,0,0,0,0,0,0
2020-07-13,0,0,0,0,0,0,0,0,0,0
2020-07-14,0,0,0,0,0,0,0,0,0,0
2020-07-15,0,0,0,0,0,0,0,0,0,0
2020-07-16,0,0,0,0,0,0,0,0,0,0
2020-07-17,0,0,0,0,0,0,0,0,0,0
2020-07-18,0,0,0,0,0,0,0,0,0,0
2020-07-19,0,0,0,0,0,0,0,0,0,0
2020-07-20,0,0,0,0,0,0,0,0,0,0
2020-07-21,0,0,0,0,0,0,0,0,0,0
2020-07-22,0,0,0,0,0,0,0,0,0,0
2020-07-23,0,0,0,0,0,0,0,0,0,0
2020-07-24,0,0,0,0,0,0,0,0,0,0
2020-07-25,0,0,0,0,0,0,0,0,0,0
2020-07-26,0,0,0,0,0,0,0,0,0,0
2020-07-27,0,0,0,0,0,0,0,0,0,0
2020-07-28,0,0,0,0,0,0,0,0,0,0
2020-07-29,0,0,0,0,0,0,0,0,0,0
2020-07-30,0,0,0,0,0,0,0,0,0,0
2020-07-31,0,0,0,0,0,0,0,0,0,0
2020-08-01,0,0,0,0,0,0,0,0,0,0
2020-08-02,0,0,0,0,0,0,0,0,0,0
2020-08-03,0,0,0,0,0,0,0,0,0,0
2020-08-04,0,0,0,0,0,0,0,0,0,0
2020-08-05,0,0,0,0,0,0,0,0,0,0
2020-08-06,0,0,0,0,0,0,0,0,0,0
2020-08-07,0,0,0,0,0,0,0,0,0,0
2020-08-08,0,0,0,0,0,0,0,0,0,0
2020-08-09,0,0,0,0,0,0,0,0,0,0
2020-08-10,0,0,0,0,0,0,0,0,0,0
2020-08-11,0,0,0,0,0,0,0,0,0,0
2020-08-12,0,0,0,0,0,0,0,0,0,0
2020-08-13,0,0,0,0,0,0,0,0,0,0
2020-08-14,0,0,0,0,0,0,0,0,0,0
2020-08-15,0,0,0,0,0,0,0,0,0,0
2020-08-16,0,0,0,0,0,0,0,0,0,0
2020-08-17,0,0,0,0,0,0,0,0,0,0
2020-08-18,0,0,0,0,0,0,0,0,0,0
2020-08-19,0,0,0,0,0,0,0,0,0,0
2020-08-20,0,0,0,0,0,0,0,0,0,0
2020-08-21,0,0,0,0,0,0,0,0,0,0
2020-08-22,0,0,0,0,0,0,0,0,0,0
2020-08-23,0,0,0,0,0,0,0,0,0,0
2020-08-24,0,0,0,0,0,0,0,0,0,0
2020-08-25,0,0,0,0,0,0,0,0,0,0
2020-08-26,0,0,0,0,0,0,0,0,0,0
2020-08-27,0,0,0,0,0,0,0,0,0,0
2020-08-28,0,0,0,0,0,0,0,0,0,0
2020-08-29,0,0,0,0,0,0,0,0,0,0
2020-08-30,0,0,0,0,0,0,0,0,0,0
2020-08-31,0,0,0,0,0,0,0,0,0,0
2020-09-01,0,0,0,0,0,0,0,0,0,0
2020-09-02,0,0,0,0,0,0,0,0,0,0
2020-09-03,0,0,0,0,0,0,0,0,0,0
2020-09-04,0,0,0,0,0,0,0,0,0,0
2020-09-05,0,0,0,0,0,0,0,0,0,0
2020-09-06,0,0,0,0,0,0,0,0,0,0
2020-09-07,0,0,0,0,0,0,0,0,0,0
2020-09-08,0,0,0,0,0,0,0,0,0,0
2020-09-09,0,0,0,0,0,0,0,0,0,0
2020-09-10,0,0,0,0,0,0,0,0,0,0
2020-09-11,0,0,0,0,0,0,0,0,0,0
2020-09-12,0,0,0,0,0,0,0,0,0,0
2020-09-13,0,0,0,0,0,0,0,0,0,0
2020-09-14,0,0,0,0,0,0,0,0,0,0
2020-09-15,0,0,0,0,0,0,0,0,0,0
2020-09-16,0,0,0,0,0,0,0,0,0,0
2020-09-17,0,0,0,0,0,0,0,0,0,0
2020-09-18,0,0,0,0,0,0,0,0,0,0
2020-09-19,0,0,0,0,0,0,0,0,0,0
2020-09-20,0,0,0,0,0,0,0,0,0,0
2020-09-21,0,0,0,0,0,0,0,0,0,0
2020-09-22,0,0,0,0,0,0,0,0,0,0
2020-09-23,0,0,0,0,0,0,0,0,0,0
2020-09-24,0,0,0,0,0,0,0,0,0,0
2020-09-25,0,0,0,0,0,0,0,0,0,0
2020-09-26,0,0,0,0,0,0,0,0,0,0
2020-09-27,0,0,0,0,0,0,0,0,0,0
2020-09-28,0,0,0,0,0,0,0,0,0,0
2020-09-29,0,0,0,0,0,0,0,0,0,0
2020-09-30,0,0,0,0,0,0,0,0,0,0
2020-10-01,0,0,0,0,0,0,0,0,0,0
2020-10-02,0,0,0,0,0,0,0,0,0,0
2020-10-03,0,0,0,0,0,0,0,0,0,0
2020-10-04,0,0,0,0,0,0,0,0,0,0
2020-10-05,0,0,0,0,0,0,0,0,0,0
2020-10-06,0,0,0,0,0,0,0,0,0,0
2020-10-07,0,0,0,0,0,0,0,0,0,0
2020-10-08,0,0,0,0,0,0,0,0,0,0
2020-10-09,0,0,0,0,0,0,0,0,0,0
2020-10-10,0,0,0,0,0,0,0,0,0,0
2020-10-11,0,0,0,0,0,0,0,0,0,0
2020-10-12,0,0,0,0,0,0,0,0,0,0
2020-10-13,0,0,0,0,0,0,0,0,0,0
2020-10-14,0,0,0,0,0,0,0,0,0,0
2020-10-15,0,0,0,0,0,0,0,0,0,0
2020-10-16,0,0,0,0,0,0,0,0,0,0
2020-10-17,0,0,0,0,0,0,0,0,0,0
2020-10-18,0,0,0,0,0,0,0,0,0,0
2020-10-19,0,0,0,0,0,0,0,0,0,0
2020-10-20,0,0,0,0,0,0,0,0,0,0
2020-10-21,0,0,0,0,0,0,0,0,0,0
2020-10-22,0,0,0,0,0,0,0,0,0,0
2020-10-23,0,0,0,0,0,0,0,0,0,0
2020-10-24,0,0,0,0,0,0,0,0,0,0
2020-10-25,0,0,0,0,0,0,0,0,0,0
2020-10-26,0,0,0,0,0,0,0,0,0,0
2020-10-27,0,0,0,0,0,0,0,0,0,0
2020-10-28,0,0,0,0,0,0,0,0,0,0
2020-10-29,0,0,0,0,0,0,0,0,0,0
2020-10-30,0,0,0,0,0,0,0,0,0,0
2020-10-31,0,0,0,0,0,0,0,0,0,0
2020-11-01,0,0,0,0,0,0,0,0,0,0
2020-11-02,0,0,0,0,0,0,0,0,0,0
2020-11-03,0,0,0,0,0,0,0,0,0,0
2020-11-04,0,0,0,0,0,0,0,0,0,0
2020-11-05,0,0,0,0,0,0,0,0,0,0
2020-11-06,0,0,0,0,0,0,0,0,0,0
2020-11-07,0,0,0,0,0,0,0,0,0,0
2020-11-08,0,0,0,0,0,0,0,0,0,0
2020-11-09,0,0,0,0,0,0,0,0,0,0
2020-11-10,0,0,0,0,0,0,0,0,0,0
2020-11-11,0,0,0,0,0,0,0,0,0,0
2020-11-12,0,0,0,0,0,0,0,0,0,0
2020-11-13,0,0,0,0,0,0,0,0,0,0
2020-11-14,0,0,0,0,0,0,0,0,0,0
2020-11-15,0,0,0,0,0,0,0,0,0,0
2020-11-16,0,0,0,0,0,0,0,0,0,0
2020-11-17,0,0,0,0,0,0,0,0,0,0
2020-11-18,0,0,0,0,0,0,0,0,0,0
2020-11-19,0,0,0,0,0,0,0,0,0,0
2020-11-20,0,0,0,0,0,0,0,0,0,0
2020-11-21,0,0,0,0,0,0,0,0,0,0
2020-11-22,0,0,0,0,0,0,0,0,0,0
2020-11-23,0,0,0,0,0,0,0,0,0,0
2020-11-24,0,0,0,0,0,0,0,0,0,0
2020-11-25,0,0,0,0,0,0,0,0,0,0
2020-11-26,0,0,0,0,0,0,0,0,0,0
2020-11-27,0,0,0,0,0,0,0,0,0,0
2020-11-28,0,0,0,0,0,0,0,0,0,0
2020-11-29,0,0,0,0,0,0,0,0,0,0
2020-11-30,0,0,0,0,0,0,0,0,0,0
2020-12-01,0,0,0,0,0,0,0,0,0,0
2020-12-02,0,0,0,0,0,0,0,0,0,0
2020-12-03,0,0,0,0,0,0,0,0,0,0
2020-12-04,0,0,0,0,0,0,0,0,0,0
2020-12-05,0,0,0,0,0,0,0,0,0,0
2020-12-06,0,0,0,0,0,0,0,0,0,0
2020-12-07,0,0,0,0,0,0,0,0,0,0
2020-12-08,0,0,0,0,0,0,0,0,0,0
2020-12-09,0,0,0,0,0,0,0,0,0,0
2020-12-10,0,0,0,0,0,0,0,0,0,0
2020-12-11,0,0,0,0,0,0,0,0,0,0
2020-12-12,0,0,0,0,0,0,0,0,0,0
2020-12-13,0,0,0,0,0,0,0,0,0,0
2020-12-14,0,0,0,0,0,0,0,0,0,0
2020-12-15,0,0,0,0,0,0,0,0,0,0
2020-12-16,0,0,0,0,0,0,0,0,0,0
2020-12-17,0,0,0,0,0,0,0,0,0,0
2020-12-18,0,0,0,0,0,0,0,0,0,0
2020-12-19,0,0,0,0,0,0,0,0,0,0
2020-12-20,0,0,0,0,0,0,0,0,0,0
2020-12-21,0,0,25753,0,0,94,0,0,0,0
2020-12-22,0,58569,49753,0,0,867,131,0,0,0
2020-12-23,0,54140,53077,0,0,1090,145,0,0,0
2020-12-24,0,55640,58091,0,0,985,150,0,0,0
2020-12-25,0,57147,60935,0,0,1241,121,0,0,0
2020-12-26,0,30058,34156,0,0,1132,116,0,0,0
2020-12-27,0,36997,34125,0,0,970,111,0,0,0
2020-12-28,0,31895,24253,0,0,808,88,0,0,0
2020-12-29,0,59874,48512,0,0,1045,119,0,0,0
2020-12-30,0,61343,41152,0,0,1050,107,0,0,0
2020-12-31,0,54358,40724,0,0,967,133,0,0,0
2021-01-01,0,55438,47030,0,0,1029,149,0,0,0
2021-01-02,0,33480,20059,0,0,820,91,0,0,0
2021-01-03,0,38040,35523,0,0,657,89,0,0,0
2021-01-04,0,35770,23609,0,0,1020,137,0,0,0
2021-01-05,0,64978,32516,0,0,714,113,0,0,0
2021-01-06,0,65506,32437,0,0,838,111,0,0,0
2021-01-07,0,64942,37848,0,0,869,120,0,0,0
2021-01-08,0,60196,30930,0,0,674,178,0,0,0
2021-01-09,0,59612,33997,0,0,641,80,0,0,0
2021-01-10,0,33847,23101,0,0,664,89,0,0,0
2021-01-11,0,28222,13821,0,0,451,78,0,0,0
2021-01-12,0,62400,32137,0,0,537,68,0,0,0
2021-01-13,0,58227,34165,0,0,524,50,0,0,0
2021-01-14,0,53047,34578,0,0,561,110,0,0,0
2021-01-15,0,52715,31674,0,0,512,60,0,0,0
2021-01-16,0,54196,33610,0,0,580,84,0,0,0
2021-01-17,0,29020,16812,0,0,520,124,0,0,0
2021-01-18,0,25930,12050,0,0,386,49,0,0,0
2021-01-19,0,53106,19596,0,0,386,49,0,0,0
2021-01-20,0,51804,19943,0,0,404,67,0,0,0
2021-01-21,0,45480,20621,0,0,401,45,0,0,0
2021-01-22,0,44618,21031,0,0,346,55,0,0,0
2021-01-23,0,47484,26700,0,0,431,73,0,0,0
2021-01-24,0,24642,13003,0,0,392,62,0,0,0
2021-01-25,0,21737,7625,0,0,437,43,0,0,0
2021-01-26,0,46677,24364,0,0,349,38,0,0,0
2021-01-27,0,46484,22020,0,0,559,52,0,0,0
2021-01-28,0,52942,24708,0,0,497,47,0,0,0
2021-01-29,0,47075,21346,0,0,469,70,0,0,0
2021-01-30,0,47268,29898,0,0,458,63,0,0,0
2021-01-31,0,24290,24510,0,0,355,36,0,0,0
2021-02-01,0,21024,12627,0,0,305,37,0,0,0
2021-02-02,0,49571,32281,0,0,336,36,0,0,0
2021-02-03,0,45301,28542,0,0,467,78,0,0,0
2021-02-04,0,46381,28046,0,0,451,85,0,0,0
2021-02-05,0,44083,28369,0,0,370,56,0,0,0
2021-02-06,0,46175,32406,0,0,393,56,0,0,0
2021-02-07,0,23622,20685,0,0,372,67,0,0,0
2021-02-08,0,21222,13742,0,0,289,47,0,0,0
2021-02-09,0,49209,33733,0,0,303,31,0,0,0
2021-02-10,0,42618,34673,0,0,444,98,0,0,0
2021-02-11,0,39985,41275,0,0,504,87,0,0,0
2021-02-12,0,23361,18622,0,0,403,81,0,0,0
2021-02-13,0,21968,14695,0,0,362,58,0,0,0
2021-02-14,0,24749,26143,0,0,326,30,0,0,0
2021-02-15,0,22774,20538,0,0,343,50,0,0,0
2021-02-16,0,50630,34597,0,0,457,82,0,0,0
2021-02-17,0,47077,29573,0,0,621,92,0,0,0
2021-02-18,0,42647,28475,0,0,621,71,0,0,0
2021-02-19,0,42778,32718,0,0,561,80,0,0,0
2021-02-20,0,44639,37338,0,0,448,75,0,0,0
2021-02-21,0,20709,21980,0,0,416,59,0,0,0
2021-02-22,0,17804,14387,0,0,332,44,0,0,0
2021-02-23,0,43535,35733,0,0,356,41,0,0,0
2021-02-24,0,38309,31211,0,0,440,54,0,0,0
2021-02-25,0,40226,30053,0,0,396,60,0,0,0
2021-02-26,0,38852,32988,0,0,390,45,0,0,0
2021-02-27,0,37149,35496,0,0,415,82,0,0,0
2021-02-28,0,21791,22450,0,0,356,41,0,0,0
2021-03-01,0,16749,16204,0,0,355,57,0,0,0
2021-03-02,0,16221,14775,0,0,344,53,0,0,0
2021-03-03,0,34227,30422,0,0,444,113,0,0,0
2021-03-04,0,35697,27678,0,0,424,64,0,0,0
2021-03-05,0,37111,27270,0,0,398,57,0,0,0
2021-03-06,0,32932,29704,0,0,418,75,0,0,0
2021-03-07,0,21183,21130,0,0,416,59,0,0,0
2021-03-08,0,18683,15192,0,0,346,50,0,0,0
2021-03-09,0,41175,28227,0,0,446,65,0,0,0
2021-03-10,0,35900,27991,0,0,470,76,0,0,0
2021-03-11,0,38101,29924,0,0,465,82,0,0,0
2021-03-12,0,35679,28452,0,0,488,75,0,0,0
2021-03-13,0,34118,32776,0,0,490,67,0,0,0
2021-03-14,0,19619,21309,0,0,459,55,0,0,0
2021-03-15,0,18539,15159,0,0,382,90,0,0,0
2021-03-16,0,41137,31737,0,0,363,45,0,0,0
2021-03-17,0,45433,28812,0,0,469,62,0,0,0
2021-03-18,0,46577,29906,0,0,445,66,0,0,0
2021-03-19,0,49854,33672,0,0,463,68,0,0,0
2021-03-20,0,44009,35921,0,0,452,61,0,0,0
2021-03-21,0,23764,22791,0,0,456,57,0,0,0
2021-03-22,0,23250,17757,0,0,415,50,0,0,0
2021-03-23,0,45026,35638,0,0,346,37,0,0,0
2021-03-24,0,40220,31863,0,0,428,55,0,0,0
2021-03-25,0,44649,32517,0,0,430,68,0,0,0
2021-03-26,0,43544,32463,0,0,464,85,0,0,0
2021-03-27,0,43165,38066,0,0,505,82,0,0,0
2021-03-28,0,23028,25414,0,0,482,83,0,0,0
2021-03-29,0,20734,15952,0,0,382,69,0,0,0
2021-03-30,0,47669,37160,0,0,447,56,0,0,0
2021-03-31,0,43801,32950,0,0,506,94,0,0,0
2021-04-01,0,39503,31999,0,0,551,81,0,0,0
2021-04-02,0,40992,33588,0,0,558,72,0,0,0
2021-04-03,0,41306,38618,0,0,543,69,0,0,0
2021-04-04,0,19875,23083,0,0,543,65,0,0,0
2021-04-05,0,19344,13821,0,0,473,51,0,0,0
2021-04-06,0,52470,37261,0,0,478,48,0,0,0
2021-04-07,0,44877,38440,0,0,668,90,0,0,0
2021-04-08,0,46254,36114,0,0,700,114,0,0,0
2021-04-09,0,46692,39361,0,0,671,118,0,0,0
2021-04-10,0,47517,43580,0,0,677,117,0,0,0
2021-04-11,0,22902,26222,0,0,614,107,0,0,0
2021-04-12,0,23251,17702,0,0,587,71,0,0,0
2021-04-13,0,47736,43737,0,0,542,86,0,0,0
2021-04-14,0,44869,41709,0,0,731,140,0,0,0
2021-04-15,0,45738,40192,0,0,698,134,0,0,0
2021-04-16,0,42207,38497,0,0,673,120,0,0,0
2021-04-17,0,44447,39923,0,0,658,119,0,0,0
2021-04-18,0,18287,23436,0,0,671,87,0,0,0
2021-04-19,0,18755,16259,0,0,532,71,0,0,0
2021-04-20,0,43771,41557,0,0,549,81,0,0,0
2021-04-21,0,39002,36795,0,0,731,132,0,0,0
2021-04-22,208828,39911,0,35465,6201,735,0,134,20,0
2021-04-23,197874,46025,0,35892,5498,797,0,134,11,0
2021-04-24,195109,49393,0,41914,5387,785,0,121,12,0
2021-04-25,106965,21868,0,24570,2303,644,0,89,16,0
2021-04-26,75068,18187,0,16973,1456,499,0,88,7,0
2021-04-27,213749,48631,0,42575,5796,512,0,60,6,0
2021-04-28,240960,44888,0,35245,9396,773,0,138,13,0
2021-04-29,212334,39282,0,34558,8926,679,0,95,24,0
2021-04-30,211451,42513,0,31980,7927,661,0,89,38,0
2021-05-01,169859,35096,0,35594,6897,627,0,86,15,0
2021-05-02,103317,14846,0,21668,3046,606,0,76,15,0
2021-05-03,64880,17092,0,13269,4253,488,0,66,15,0
2021-05-04,189431,41829,0,34820,5991,541,0,52,18,0
2021-05-05,215704,36914,0,32674,4317,676,0,104,3,0
2021-05-06,106348,16923,0,19188,3900,574,0,81,12,0
2021-05-07,213274,40362,0,40301,9520,525,0,71,18,0
2021-05-08,242016,37812,0,44666,9736,701,0,112,15,0
2021-05-09,107774,16605,0,24221,5514,564,0,93,8,0
2021-05-10,66642,16288,0,16034,4847,463,0,51,19,0
2021-05-11,182139,42225,0,38588,9909,511,0,64,16,0
2021-05-12,289020,37255,0,32683,14308,635,0,103,19,0
2021-05-13,236169,39614,0,36726,10898,715,0,148,13,0
2021-05-14,222317,40138,0,37675,12548,747,0,107,13,0
2021-05-15,188417,37803,0,38697,10972,68,0,129,15,0
2021-05-16,125500,17520,0,24670,7212,610,0,109,4,0
2021-05-17,75561,16686,0,14887,3814,619,0,77,17,0
2021-05-18,188298,41704,0,35463,10431,528,0,59,10,0
2021-05-19,249479,33640,0,33580,7392,654,0,110,6,0
2021-05-20,100180,18714,0,17640,5708,646,0,129,18,0
2021-05-21,213167,39750,0,38622,13325,561,0,62,16,0
2021-05-22,243448,33858,0,39572,6214,666,0,116,26,0
2021-05-23,100554,15333,0,24120,5799,585,0,82,22,0
2021-05-24,73338,17314,0,14365,6007,538,0,64,17,0
2021-05-25,211414,39114,0,40387,8278,516,0,63,13,0
2021-05-26,231144,36731,0,36059,11394,707,0,135,16,0
2021-05-27,180312,36235,0,34463,11976,629,0,125,13,0
2021-05-28,227033,36763,0,31699,12068,587,0,97,14,0
2021-05-29,184238,31135,0,33285,5627,533,0,95,9,0
2021-05-30,87617,14024,0,21732,4046,480,0,82,7,0
2021-05-31,72513,13544,0,11796,3071,430,0,65,9,0
2021-06-01,203902,37244,0,36094,6458,459,0,67,14,0
2021-06-02,242899,35948,0,34615,9780,677,0,125,14,0
2021-06-03,198975,37974,0,34377,7304,681,0,103,9,0
2021-06-04,159828,39000,0,33961,2852,695,0,110,9,0
2021-06-05,158248,34630,0,39270,3281,744,0,139,11,0
2021-06-06,99041,13743,0,24664,3956,556,0,90,7,0
2021-06-07,69846,12600,0,13476,4450,485,0,79,14,0
2021-06-08,203561,36287,0,37157,6886,454,0,47,8,0
2021-06-09,169822,36200,0,31567,5443,602,0,87,4,0
2021-06-10,164748,32079,0,30910,9656,511,0,95,12,0
2021-06-11,156857,34202,0,30641,6624,556,0,81,18,0
2021-06-12,145014,29471,0,37044,2999,565,0,68,4,0
2021-06-13,83323,12372,0,20057,3959,452,0,74,1,0
2021-06-14,65388,12590,0,12198,2818,399,0,73,6,0
2021-06-15,182741,30972,0,33489,6314,373,0,47,8,0
2021-06-16,187783,32915,0,29182,6359,545,0,87,7,0
2021-06-17,180517,28452,0,30113,8167,540,0,101,16,0
2021-06-18,156982,36212,0,28975,7187,507,0,74,4,0
2021-06-19,140626,29106,0,33645,3911,482,0,100,2,0
2021-06-20,82709,12480,0,20601,3151,429,0,59,3,0
2021-06-21,66612,10413,0,11497,3571,397,0,54,6,0
2021-06-22,165298,33996,0,32423,6233,394,0,30,16,0
2021-06-23,192335,29906,0,29579,8426,645,0,105,17,0
2021-06-24,171060,28833,0,28624,7025,610,0,114,4,0
2021-06-25,158285,27763,0,29118,6031,634,0,92,6,0
2021-06-26,144470,28971,0,34036,3443,668,0,100,5,0
2021-06-27,111195,13162,0,22705,3027,614,0,93,9,0
2021-06-28,66801,12251,0,14663,4493,501,0,89,11,0
2021-06-29,164957,34812,0,37102,8408,595,0,85,15,0
2021-06-30,205151,2331,0,35303,6786,794,0,183,12,0
2021-07-01,188415,35245,0,39170,10968,762,0,152,9,0
2021-07-02,161887,27286,0,41976,4709,826,0,175,21,0
2021-07-03,177665,29015,0,43840,4616,764,0,132,9,0
2021-07-04,110026,14508,0,27888,2942,743,0,130,5,0
2021-07-05,81585,15009,0,16342,2105,711,0,137,2,0
2021-07-06,186357,35582,0,50891,4762,746,0,98,10,0
2021-07-07,222986,30786,0,52341,6372,1212,0,605,8,0
2021-07-08,249505,36280,0,74755,11799,1275,0,254,15,0
2021-07-09,239018,41435,0,69797,5838,1316,0,293,4,0
2021-07-10,221803,37423,0,79928,8373,1378,0,297,23,0
2021-07-11,144497,20638,0,50510,6350,1324,0,258,17,0
2021-07-12,128736,17620,0,32572,6946,1100,0,191,29,0
2021-07-13,282958,44401,0,83305,12291,1150,0,138,39,0
2021-07-14,242184,44560,0,80837,12224,1615,0,352,33,0
2021-07-15,259357,51597,0,79256,10801,1599,0,345,20,0
2021-07-16,261185,48128,0,85964,10947,1536,0,338,17,0
2021-07-17,197498,40643,0,85005,12440,1452,0,325,32,0
2021-07-18,148665,26755,0,56165,5764,1454,0,286,13,0
2021-07-19,128169,26453,0,36713,6834,1252,0,271,18,0
2021-07-20,289009,49553,0,87679,11826,1278,0,206,28,0
2021-07-21,280282,46687,0,84190,12480,1781,0,365,19,0
2021-07-22,272968,45245,0,76462,13328,1842,0,355,30,0
2021-07-23,253720,44387,0,78457,14651,1630,0,297,43,0
2021-07-24,200874,42220,0,85292,9004,1629,0,318,19,0
2021-07-25,179784,22822,0,58077,11453,1487,0,319,50,0
2021-07-26,134619,18999,0,35384,12633,1318,0,246,36,0
2021-07-27,269930,56263,0,85517,15014,1365,0,207,84,0
2021-07-28,248992,57005,0,68623,15511,1895,0,413,72,0
2021-07-29,236582,51893,0,66946,17782,1674,0,401,64,0
2021-07-30,204634,45462,0,75326,17654,1710,0,387,66,0
2021-07-31,207143,45853,0,83283,15613,1539,0,282,89,0
2021-08-01,146590,22965,0,54597,12136,1442,0,308,49,0
2021-08-02,126285,20819,0,32974,12018,1218,0,247,60,0
2021-08-03,257491,47412,0,87359,13523,1200,0,157,68,0
2021-08-04,229309,44229,0,78831,17267,1725,0,346,91,0
2021-08-05,249982,44191,0,78676,15784,1776,0,352,97,0
2021-08-06,219832,43216,0,74557,18612,1704,0,326,66,0
2021-08-07,242873,44277,0,83656,19301,1823,0,380,95,0
2021-08-08,218842,31515,0,60457,16849,1729,0,374,115,0
2021-08-09,147952,30388,0,33996,18670,1492,0,286,103,0
2021-08-10,260255,54255,0,86904,22018,1537,0,232,143,0
2021-08-11,274481,44113,0,77483,20569,2222,0,538,102,0
2021-08-12,298960,50843,0,74537,24977,1987,0,424,85,0
2021-08-13,303820,50925,0,84286,26116,1990,0,386,106,0
2021-08-14,273269,51314,0,96726,20277,1930,0,395,52,0
2021-08-15,173039,35438,0,64427,20175,1816,0,366,63,0
2021-08-16,156560,28059,0,43189,17165,1556,0,290,56,0
2021-08-17,215080,32200,0,60062,20336,1372,0,217,91,0
2021-08-18,219857,56709,0,98995,16195,1805,0,400,84,0
2021-08-19,299208,57019,0,88645,22581,2152,0,479,67,0
2021-08-20,349798,48305,0,94189,21956,2052,0,480,67,0
2021-08-21,333313,65592,0,101333,20683,1880,0,390,540,0
2021-08-22,176070,31742,0,64948,13899,1628,0,393,52,0
2021-08-23,145438,29687,0,39619,17336,1418,0,273,65,0
2021-08-24,170705,29686,0,39619,19521,1417,0,273,99,0
2021-08-25,377056,56857,0,80984,19092,2154,0,557,94,0
2021-08-26,382829,60189,0,91084,21860,1992,0,427,92,0
2021-08-27,352742,60993,0,97374,26043,1841,0,415,65,0
2021-08-28,269459,55697,0,103894,20883,1793,0,436,39,0
2021-08-29,231662,32435,0,74314,16684,1619,0,401,77,0
2021-08-30,159176,33757,0,46482,15470,1486,0,309,80,0
2021-08-31,276198,45035,0,107783,24560,1371,0,261,69,0
2021-09-01,303741,57429,0,96261,21914,2024,0,432,101,0
2021-09-02,303741,71372,0,98854,24581,1961,0,287,98,0
2021-09-03,284142,63166,0,97512,26322,1708,0,351,104,0
2021-09-04,232821,63680,0,101384,22066,1804,0,350,62,0
2021-09-05,183021,32377,0,74221,15049,1490,0,281,73,0
2021-09-06,161981,34010,0,44702,16504,1375,0,262,78,0
2021-09-07,249085,51669,0,97803,23787,1597,0,195,78,0
2021-09-08,322711,51255,0,77987,21903,2048,0,579,93,0
2021-09-09,339735,49203,0,80371,24420,2049,0,518,106,0
2021-09-10,309356,46185,0,79964,22714,1892,0,481,66,0
2021-09-11,308361,50405,0,90762,17370,1865,0,424,44,0
2021-09-12,156541,38713,0,61810,14800,1755,0,394,65,0
2021-09-13,147195,31567,0,43529,14063,1433,0,352,52,0
2021-09-14,242179,54488,0,95269,16886,1497,0,257,69,0
2021-09-15,315914,48862,0,85069,13334,2079,0,526,39,0
2021-09-16,251624,51413,0,84636,18129,1943,0,504,54,0
2021-09-17,274465,48456,0,85739,16820,2008,0,445,36,0
2021-09-18,250369,47660,0,88988,12546,2087,0,539,83,0
2021-09-19,144234,33883,0,51224,11188,1910,0,463,41,0
2021-09-20,146038,30476,0,35601,9155,1604,0,359,40,0
2021-09-21,182435,30310,0,51347,10776,1729,0,340,66,0
2021-09-22,235288,31151,0,63437,16604,1720,0,340,66,0
2021-09-23,246140,38634,0,103188,34979,1715,0,347,76,0
2021-09-24,388891,70616,0,152338,29222,2431,0,468,78,0
2021-09-25,362897,63656,0,140572,22623,3272,0,786,65,0
2021-09-26,298644,40597,0,109156,19803,2770,0,606,88,0
2021-09-27,257054,39998,0,76445,23948,2383,0,503,119,0
2021-09-28,392600,59638,0,133289,24849,2289,0,410,73,0
2021-09-29,377319,59689,0,109038,21777,2885,0,934,61,0
2021-09-30,358647,58997,0,105579,21687,2563,0,793,75,0
2021-10-01,342330,51967,0,97969,21803,2486,0,732,59,0
2021-10-02,322777,48474,0,98965,14011,2248,0,613,45,0
2021-10-03,174694,30430,0,65197,11680,2085,0,492,39,0
2021-10-04,171309,26098,0,50345,11587,1673,0,333,43,0
2021-10-05,219137,30416,0,69558,15842,1575,0,309,70,0
2021-10-06,327353,49312,0,98227,17445,2028,0,536,79,0
2021-10-07,308189,53027,0,92296,15166,2425,0,749,52,0
2021-10-08,317513,48224,0,92408,18309,2175,0,621,73,0
2021-10-09,293287,43677,0,89121,11849,1953,0,548,39,0
2021-10-10,163048,25783,0,62260,10196,1594,0,417,42,0
2021-10-11,182831,25761,0,46858,9264,1297,0,281,28,0
2021-10-12,218425,30165,0,65569,15998,1347,0,288,63,0
2021-10-13,356322,54840,0,91139,14187,1583,0,464,44,0
2021-10-14,336832,43949,0,75275,13210,1939,0,667,41,0
2021-10-15,320038,46161,0,72887,13380,1684,0,548,38,0
2021-10-16,251958,45666,0,76985,10667,1617,0,492,43,0
2021-10-17,167848,22677,0,59112,10028,1420,0,362,37,0
2021-10-18,134934,25482,0,37671,10036,1050,0,285,18,0
2021-10-19,284020,50484,0,75717,13837,1073,0,216,23,0
2021-10-20,292775,47899,0,70402,13487,1571,0,493,31,0
2021-10-21,272773,47275,0,68589,12731,1441,0,459,22,0
2021-10-22,267657,45379,0,74171,11900,1439,0,461,17,0
2021-10-23,255477,44087,0,75837,9336,1508,0,444,26,0
2021-10-24,170988,23512,0,55128,9477,1423,0,390,22,0
2021-10-25,127609,25493,0,41338,8935,1190,0,357,23,0
2021-10-26,281504,48952,0,82142,12584,1266,0,284,29,0
2021-10-27,310417,48883,0,77500,11144,1952,0,601,36,0
2021-10-28,296405,49879,0,78331,1286,2111,0,653,35,0
2021-10-29,312377,52599,0,86341,13483,2124,0,634,29,0
2021-10-30,289824,44915,0,87636,11127,2104,0,595,23,0
2021-10-31,205220,28365,77594,0,0,2061,532,0,0,0
2021-11-01,163686,45239,57480,0,0,1685,597,0,0,0
2021-11-02,308577,55885,113301,0,0,1589,475,0,0,0
2021-11-03,328734,48340,96762,0,0,2667,882,0,0,0
2021-11-04,311807,47705,120347,0,0,2482,615,0,0,0
2021-11-05,297399,50437,99960,0,0,2344,761,0,0,0
2021-11-06,301677,47520,106344,0,0,2248,773,0,0,0
2021-11-07,206155,31686,77125,0,0,2224,666,0,0,0
2021-11-08,155603,29960,52005,0,0,1758,586,0,0,0
2021-11-09,305065,52040,105435,0,0,1715,441,0,0,0
2021-11-10,344865,49007,100891,0,0,2425,933,0,0,0
2021-11-11,354582,50896,104630,0,0,2520,855,0,0,0
2021-11-12,300454,48257,99560,0,0,2368,728,0,0,0
2021-11-13,310253,47569,103190,0,0,2324,751,0,0,0
2021-11-14,148889,31829,75586,0,0,2419,801,0,0,0
2021-11-15,167204,30544,56562,0,0,2006,657,0,0,0
2021-11-16,342549,54418,122572,0,0,2124,517,0,0,0
2021-11-17,388504,50492,111339,0,0,3187,1128,0,0,0
2021-11-18,376832,55391,114458,0,0,3292,1192,0,0,0
2021-11-19,407387,52896,116457,0,0,3034,993,0,0,0
2021-11-20,481550,55954,130566,0,0,3206,1071,0,0,0
2021-11-21,280786,37558,92865,0,0,3120,1050,0,0,0
2021-11-22,204735,38937,69599,0,0,2827,866,0,0,0
2021-11-23,416622,62340,142039,0,0,2699,701,0,0,0
2021-11-24,385335,60970,132988,0,0,4115,1510,0,0,0
2021-11-25,413138,58811,139830,0,0,3938,1415,0,0,0
2021-11-26,389599,57274,152317,0,0,3900,1329,0,0,0
2021-11-27,509897,59751,147544,0,0,4068,1381,0,0,0
2021-11-28,294276,42781,94972,0,0,3925,1315,0,0,0
2021-11-29,252827,41791,75583,0,0,3309,974,0,0,0
2021-11-30,512455,64933,164729,0,0,3032,787,0,0,2.5
2021-12-01,413990,64035,147077,0,0,5123,1925,0,0,2.2
2021-12-02,438558,62135,156796,0,0,5265,1833,0,0,2.5
2021-12-03,423850,66053,172427,0,0,4944,1863,0,0,2.3
2021-12-04,492316,69528,190013,0,0,5352,1850,0,0,2.2
2021-12-05,378976,50555,126809,0,0,5127,1900,0,0,2
2021-12-06,316480,50648,103338,0,0,4325,1484,0,0,2.4
2021-12-07,620656,81295,205093,0,0,4954,1325,0,0,3.2
2021-12-08,643640,78144,195529,0,0,7174,2628,0,0,2.5
2021-12-09,558961,83166,199428,0,0,7102,2533,0,0,2.6
2021-12-10,619560,79900,202249,0,0,7022,2315,0,0,2.5
2021-12-11,466420,73682,210221,0,0,6977,2551,0,0,2.5
2021-12-12,408117,60187,137247,0,0,6689,2436,0,0,2.4
2021-12-13,351816,55983,111632,0,0,5817,1784,0,0,3
2021-12-14,538486,84169,201588,0,0,5567,1377,0,0,3.3
2021-12-15,613648,73938,199930,0,0,7850,2856,0,0,2.7
2021-12-16,484314,82894,206838,0,0,7622,2672,0,0,2.8
2021-12-17,600435,78994,211049,0,0,7434,2465,0,0,2.6
2021-12-18,606263,78446,203161,0,0,7313,2617,0,0,2.5
2021-12-19,392517,54156,140908,0,0,6236,2155,0,0,2.2
2021-12-20,360364,52693,112008,0,0,5318,1552,0,0,2.7
2021-12-21,544463,72946,200077,0,0,5202,1319,0,0,3.2
2021-12-22,620621,67546,187844,0,0,7456,2635,0,0,2.7
2021-12-23,537922,72945,190056,0,0,6918,2329,0,0,2.7
2021-12-24,555241,69873,196740,0,0,6233,2139,0,0,2.4
2021-12-25,455261,65662,195325,0,0,5842,1904,0,0,2.2
2021-12-26,294634,45374,117330,0,0,5419,1894,0,0,2.1
2021-12-27,303696,41940,87164,0,0,4206,1220,0,0,2.5
2021-12-28,523470,59349,163825,0,0,3865,1058,0,0,3
2021-12-29,458143,55258,148700,0,0,5408,1829,0,0,2.4
2021-12-30,478195,54429,141172,0,0,5035,1707,0,0,2.5
2021-12-31,479270,57910,151891,0,0,4875,1556,0,0,2.5
2022-01-01,506447,55049,167040,0,0,4415,1397,0,0,2
2022-01-02,298223,92780,97957,0,0,3832,1268,0,0,1.7
2022-01-03,220034,89985,90070,0,0,3126,998,0,0,1.6
2022-01-04,439300,125000,164770,0,0,3024,821,0,0,1.7
2022-01-05,396689,106944,129910,0,0,4443,1595,0,0,1.6
2022-01-06,410316,96226,126577,0,0,4125,1373,0,0,1.7
2022-01-07,414436,72728,129675,0,0,3716,1151,0,0,1.9
2022-01-08,408847,74511,139236,0,0,3510,1044,0,0,1.7
2022-01-09,243807,53647,98372,0,0,3373,1106,0,0,1.6
2022-01-10,228614,48607,74659,0,0,3005,897,0,0,2
2022-01-11,420043,66831,133637,0,0,3095,819,0,0,2.5
2022-01-12,381381,62052,114215,0,0,4385,1295,0,0,2.2
2022-01-13,375770,52361,102510,0,0,4166,1329,0,0,2.4
2022-01-14,433763,59439,129221,0,0,4539,1113,0,0,2.8
2022-01-15,442659,56949,145740,0,0,4421,1232,0,0,2.3
2022-01-16,291607,42926,96875,0,0,4193,1247,0,0,2.1
2022-01-17,244457,38699,84445,0,0,3858,1102,0,0,2.7
2022-01-18,391332,60760,135882,0,0,4071,1141,0,0,3.3
2022-01-19,435733,61043,119030,0,0,5805,1936,0,0,3
2022-01-20,409487,60049,133615,0,0,6602,2325,0,0,3.7
2022-01-21,558331,56360,161975,0,0,6767,2193,0,0,3.3
2022-01-22,530214,72573,164020,0,0,7008,2393,0,0,3.2
2022-01-23,339519,54039,123207,0,0,7629,2501,0,0,3.2
2022-01-24,335458,51100,117396,0,0,7512,2661,0,0,4
2022-01-25,515235,82713,193625,0,0,8571,2956,0,0,5.1
2022-01-26,650101,84297,193474,0,0,13010,4964,0,0,4.7
2022-01-27,645526,85716,206473,0,0,14515,5450,0,0,5.2
2022-01-28,660184,72959,199335,0,0,16095,5523,0,0,5.5
2022-01-29,733218,108072,228018,0,0,17526,5877,0,0,6.2
2022-01-30,396532,70724,147992,0,0,17529,6646,0,0,5.1
2022-01-31,388944,69968,127227,0,0,17079,5913,0,0,7.8
2022-02-01,356384,77776,148759,0,0,18342,6262,0,0,9.3
2022-02-02,478884,58394,152023,0,0,20269,7889,0,0,9
2022-02-03,673671,79765,206711,0,0,22907,8133,0,0,10.7
2022-02-04,673671,94010,100405,0,0,27443,9887,0,0,9.6
2022-02-05,526807,110012,76002,0,0,36347,10090,0,0,18.7
2022-02-06,315517,68865,66670,0,0,38689,9890,0,0,20.8
2022-02-07,272577,0,0,0,0,35286,0,0,0,10
2022-02-08,570982,0,0,0,0,36719,0,0,0,12.9
2022-02-09,530620,0,0,0,0,49567,0,0,0,11.6
2022-02-10,440741,0,0,0,0,54122,0,0,0,13.3
2022-02-11,541424,0,0,0,0,53926,0,0,0,11.2
2022-02-12,496928,0,0,0,0,54941,0,0,0,10.1
2022-02-13,298037,0,0,0,0,56431,0,0,0,10.5
2022-02-14,266260,0,0,0,0,54619,0,0,0,17.1
2022-02-15,650812,0,0,0,0,57175,0,0,0,20.4
2022-02-16,600077,0,0,0,0,90443,0,0,0,13.2
2022-02-17,562645,0,0,0,0,93134,0,0,0,14
2022-02-18,642529,0,0,0,0,109831,0,0,0,19.1
2022-02-19,669346,0,0,0,0,102211,0,0,0,14.7
2022-02-20,458162,0,0,0,0,104827,0,0,0,15.4
2022-02-21,387819,0,0,0,0,95361,0,0,0,20.6
2022-02-22,83651,0,0,0,0,99573,0,0,0,25.4
2022-02-23,771386,0,0,0,0,171451,0,0,0,20.6
2022-02-24,830463,0,0,0,0,170016,0,0,0,20.4
2022-02-25,856289,0,0,0,0,165890,0,0,0,18.4
2022-02-26,804659,0,0,0,0,166207,0,0,0,19.4
2022-02-27,808858,0,0,0,0,163565,0,0,0,20.3
2022-02-28,434940,0,0,0,0,139626,0,0,0,20.1
2022-03-01,1054030,0,0,0,0,138993,0,0,0,30.5
2022-03-02,545924,0,0,0,0,219240,0,0,0,20.6
2022-03-03,841465,0,0,0,0,198803,0,0,0,36.2
2022-03-04,864657,0,0,0,0,266853,0,0,0,31.2
2022-03-05,821672,0,0,0,0,254327,0,0,0,29.7
2022-03-06,555715,0,0,0,0,243626,0,0,0,29.3
2022-03-07,492235,0,0,0,0,210716,0,0,0,37.6
2022-03-08,961249,0,0,0,0,202720,0,0,0,41.1
2022-03-09,767771,0,0,0,0,342438,0,0,0,32.3
2022-03-10,606499,0,0,0,0,327543,0,0,0,33.9
2022-03-11,1018973,0,0,0,0,282983,0,0,0,44.1
2022-03-12,891446,0,0,0,0,383664,0,0,0,33.3
2022-03-13,688765,0,0,0,0,350188,0,0,0,35.7
2022-03-14,554720,0,0,0,0,309784,0,0,0,0
2022-03-15,1014191,0,0,0,0,362329,0,0,0,0
2022-03-16,710471,0,0,0,0,400740,0,0,0,0
2022-03-17,603969,0,0,0,0,621328,0,0,0,0
2022-03-18,668552,0,0,0,0,407016,0,0,0,0
2022-03-19,584554,0,0,0,0,381454,0,0,0,0
2022-03-20,371183,0,0,0,0,334708,0,0,0,0
2022-03-21,387013,0,0,0,0,209165,0,0,0,0
2022-03-22,808765,0,0,0,0,353968,0,0,0,0
2022-03-23,594466,0,0,0,0,490881,0,0,0,0
2022-03-24,516617,0,0,0,0,395597,0,0,0,0
2022-03-25,586374,0,0,0,0,339514,0,0,0,0
2022-03-26,512099,0,0,0,0,335580,0,0,0,0
2022-03-27,334483,0,0,0,0,318130,0,0,0,0
2022-03-28,334128,0,0,0,0,187213,0,0,0,0
2022-03-29,688205,0,0,0,0,347554,0,0,0,0
2022-03-30,479601,0,0,0,0,424641,0,0,0,0
2022-03-31,410288,0,0,0,0,320743,0,0,0,0
2022-04-01,473315,0,0,0,0,280273,0,0,0,0
2022-04-02,352261,0,0,0,0,264171,0,0,0,0
2022-04-03,229629,0,0,0,0,234301,0,0,0,0
2022-04-04,226444,0,0,0,0,127190,0,0,0,0
2022-04-05,537353,0,0,0,0,266135,0,0,0,0
2022-04-06,355228,0,0,0,0,286294,0,0,0,0
2022-04-07,304310,0,0,0,0,224820,0,0,0,0
2022-04-08,365213,0,0,0,0,205333,0,0,0,0
2022-04-09,283882,0,0,0,0,185566,0,0,0,0
2022-04-10,181012,0,0,0,0,122089,0,0,0,0
2022-04-11,175555,0,0,0,0,158618,0,0,0,0
2022-04-12,417454,0,0,0,0,210755,0,0,0,0
2022-04-13,266775,0,0,0,0,195419,0,0,0,0
2022-04-14,210605,0,0,0,0,148443,0,0,0,0
2022-04-15,275916,0,0,0,0,125846,0,0,0,0
2022-04-16,212614,0,0,0,0,107916,0,0,0,0
2022-04-17,107125,0,0,0,0,93001,0,0,0,0
2022-04-18,96982,0,0,0,0,47743,0,0,0,0
2022-04-19,313563,0,0,0,0,118504,0,0,0,0
2022-04-20,201070,0,0,0,0,111319,0,0,0,0
2022-04-21,152518,0,0,0,0,90867,0,0,0,0
2022-04-22,233177,0,0,0,0,81058,0,0,0,0
2022-04-23,172853,0,0,0,0,75449,0,0,0,0
2022-04-24,87718,0,0,0,0,64725,0,0,0,0
2022-04-25,77856,0,0,0,0,34370,0,0,0,0
2022-04-26,266126,0,0,0,0,80361,0,0,0,0
2022-04-27,173825,0,0,0,0,76787,0,0,0,0
2022-04-28,117873,0,0,0,0,57464,0,0,0,0
2022-04-29,197695,0,0,0,0,50568,0,0,0,0
2022-04-30,143899,0,0,0,0,43286,0,0,0,0
2022-05-01,67288,0,0,0,0,37771,0,0,0,0
2022-05-02,55040,0,0,0,0,20084,0,0,0,0
2022-05-03,218386,0,0,0,0,51131,0,0,0,0
2022-05-04,145416,0,0,0,0,49064,0,0,0,0
2022-05-05,123915,0,0,0,0,42296,0,0,0,0
2022-05-06,56691,0,0,0,0,26714,0,0,0,0
2022-05-07,202019,0,0,0,0,39600,0,0,0,0
2022-05-08,67402,0,0,0,0,40064,0,0,0,0
2022-05-09,58371,0,0,0,0,20601,0,0,0,0
2022-05-10,226133,0,0,0,0,49933,0,0,0,0
2022-05-11,158366,0,0,0,0,43925,0,0,0,0
2022-05-12,103375,0,0,0,0,35906,0,0,0,0
2022-05-13,183937,0,0,0,0,32451,0,0,0,0
2022-05-14,133806,0,0,0,0,29581,0,0,0,0
2022-05-15,62480,0,0,0,0,25434,0,0,0,0
2022-05-16,51610,0,0,0,0,13296,0,0,0,0
2022-05-17,211766,0,0,0,0,35117,0,0,0,0
2022-05-18,155846,0,0,0,0,31352,0,0,0,0
2022-05-19,94734,0,0,0,0,28130,0,0,0,0
2022-05-20,183514,0,0,0,0,25125,0,0,0,0
2022-05-21,132024,0,0,0,0,23462,0,0,0,0
2022-05-22,60387,0,0,0,0,19298,0,0,0,0
2022-05-23,49369,0,0,0,0,9975,0,0,0,0
2022-05-24,201814,0,0,0,0,26344,0,0,0,0
2022-05-25,147630,0,0,0,0,23946,0,0,0,0
2022-05-26,80811,0,0,0,0,18816,0,0,0,0
2022-05-27,170940,0,0,0,0,16584,0,0,0,0
2022-05-28,112899,0,0,0,0,14398,0,0,0,0
2022-05-29,49410,0,0,0,0,12654,0,0,0,0
2022-05-30,38576,0,0,0,0,6139,0,0,0,0
2022-05-31,187226,0,0,0,0,17191,0,0,0,0
2022-06-01,136529,0,0,0,0,15797,0,0,0,0
2022-06-02,39305,0,0,0,0,9898,0,0,0,0
2022-06-03,178224,0,0,0,0,12542,0,0,0,0
2022-06-04,117106,0,0,0,0,12048,0,0,0,0
2022-06-05,44561,0,0,0,0,9835,0,0,0,0
2022-06-06,34112,0,0,0,0,5022,0,0,0,0
2022-06-07,54881,0,0,0,0,6172,0,0,0,0
2022-06-08,246233,0,0,0,0,13358,0,0,0,0
2022-06-09,88272,0,0,0,0,12161,0,0,0,0
2022-06-10,192153,0,0,0,0,9315,0,0,0,0
2022-06-11,130019,0,0,0,0,8442,0,0,0,0
2022-06-12,50169,0,0,0,0,7382,0,0,0,0
2022-06-13,36000,0,0,0,0,3828,0,0,0,0
2022-06-14,194082,0,0,0,0,9778,0,0,0,0
2022-06-15,145445,0,0,0,0,9435,0,0,0,0
2022-06-16,73925,0,0,0,0,7994,0,0,0,0
2022-06-17,167191,0,0,0,0,7198,0,0,0,0
2022-06-18,117870,0,0,0,0,6842,0,0,0,0
2022-06-19,46543,0,0,0,0,6071,0,0,0,0
2022-06-20,34087,0,0,0,0,3538,0,0,0,0
2022-06-21,162559,0,0,0,0,9306,0,0,0,0
2022-06-22,114552,0,0,0,0,8992,0,0,0,0
2022-06-23,75556,0,0,0,0,7497,0,0,0,0
2022-06-24,67113,0,0,0,0,7227,0,0,0,0
2022-06-25,68337,0,0,0,0,6790,0,0,0,0
2022-06-26,43983,0,0,0,0,6246,0,0,0,0
2022-06-27,36113,0,0,0,0,3429,0,0,0,0
2022-06-28,133047,0,0,0,0,9896,0,0,0,0
2022-06-29,112341,0,0,0,0,10463,0,0,0,0
2022-06-30,82604,0,0,0,0,9595,0,0,0,0
2022-07-01,72012,0,0,0,0,9528,0,0,0,0
2022-07-02,73154,0,0,0,0,10715,0,0,0,0
2022-07-03,50850,0,0,0,0,10059,0,0,0,0
2022-07-04,38134,0,0,0,0,6253,0,0,0,0
2022-07-05,141904,0,0,0,0,18147,0,0,0,0
2022-07-06,121154,0,0,0,0,19371,0,0,0,0
2022-07-07,89647,0,0,0,0,18511,0,0,0,0
2022-07-08,82007,0,0,0,0,19323,0,0,0,0
2022-07-09,86067,0,0,0,0,20286,0,0,0,0
2022-07-10,52685,0,0,0,0,20410,0,0,0,0
2022-07-11,96346,0,0,0,0,12693,0,0,0,0
2022-07-12,161301,0,0,0,0,37360,0,0,0,0
2022-07-13,137158,0,0,0,0,40266,0,0,0,0
2022-07-14,103930,0,0,0,0,39196,0,0,0,0
2022-07-15,105062,0,0,0,0,38882,0,0,0,0
2022-07-16,105009,0,0,0,0,41310,0,0,0,0
2022-07-17,70324,0,0,0,0,40342,0,0,0,0
2022-07-18,60626,0,0,0,0,26299,0,0,0,0
2022-07-19,191260,0,0,0,0,73582,0,0,0,0
2022-07-20,164701,0,0,0,0,76402,0,0,0,0
2022-07-21,135174,0,0,0,0,71170,0,0,0,0
2022-07-22,128964,0,0,0,0,68632,0,0,0,0
2022-07-23,132777,0,0,0,0,68551,0,0,0,0
2022-07-24,85133,0,0,0,0,65433,0,0,0,0
2022-07-25,79500,0,0,0,0,35883,0,0,0,0
2022-07-26,291864,0,0,0,0,99327,0,0,0,0
2022-07-27,251357,0,0,0,0,100285,0,0,0,0
2022-07-28,185183,0,0,0,0,88384,0,0,0,0
2022-07-29,183798,0,0,0,0,85320,0,0,0,0
2022-07-30,183798,0,0,0,0,82002,0,0,0,0
2022-07-31,103455,0,0,0,0,73589,0,0,0,0
2022-08-01,97495,0,0,0,0,44689,0,0,0,0
2022-08-02,308969,0,0,0,0,111789,0,0,0,0
2022-08-03,258092,0,0,0,0,119922,0,0,0,0
2022-08-04,209490,0,0,0,0,107894,0,0,0,0
2022-08-05,207721,0,0,0,0,112901,0,0,0,0
2022-08-06,177308,0,0,0,0,110666,0,0,0,0
2022-08-07,116531,0,0,0,0,105507,0,0,0,0
2022-08-08,119305,0,0,0,0,55292,0,0,0,0
2022-08-09,335698,0,0,0,0,149897,0,0,0,0
2022-08-10,264144,0,0,0,0,151792,0,0,0,0
2022-08-11,220997,0,0,0,0,137241,0,0,0,0
2022-08-12,216075,0,0,0,0,128714,0,0,0,0
2022-08-13,187741,0,0,0,0,124592,0,0,0,0
2022-08-14,109603,0,0,0,0,119603,0,0,0,0
2022-08-15,124253,0,0,0,0,62078,0,0,0,0
2022-08-16,160643,0,0,0,0,84128,0,0,0,0
2022-08-17,324331,0,0,0,0,180803,0,0,0,0
2022-08-18,248715,0,0,0,0,178574,0,0,0,0
2022-08-19,230309,0,0,0,0,138812,0,0,0,0
2022-08-20,204630,0,0,0,0,129411,0,0,0,0
2022-08-21,123806,0,0,0,0,110944,0,0,0,0
2022-08-22,114017,0,0,0,0,59046,0,0,0,0
2022-08-23,336760,0,0,0,0,150258,0,0,0,0
2022-08-24,261608,0,0,0,0,139339,0,0,0,0
2022-08-25,206147,0,0,0,0,113371,0,0,0,0
2022-08-26,203187,0,0,0,0,101140,0,0,0,0
2022-08-27,169553,0,0,0,0,95604,0,0,0,0
2022-08-28,106333,0,0,0,0,85295,0,0,0,0
2022-08-29,97199,0,0,0,0,43142,0,0,0,0
2022-08-30,302083,0,0,0,0,115638,0,0,0,0
2022-08-31,236889,0,0,0,0,103961,0,0,0,0
2022-09-01,188190,0,0,0,0,81573,0,0,0,0
2022-09-02,181141,0,0,0,0,89586,0,0,0,0
2022-09-03,143830,0,0,0,0,79746,0,0,0,0
2022-09-04,95603,0,0,0,0,72144,0,0,0,0
2022-09-05,84996,0,0,0,0,37548,0,0,0,0
2022-09-06,265388,0,0,0,0,99837,0,0,0,0
2022-09-07,186843,0,0,0,0,85540,0,0,0,0
2022-09-08,179443,0,0,0,0,72646,0,0,0,0
2022-09-09,159983,0,0,0,0,69410,0,0,0,0
2022-09-10,78554,0,0,0,0,42724,0,0,0,0
2022-09-11,72275,0,0,0,0,28214,0,0,0,0
2022-09-12,95160,0,0,0,0,36938,0,0,0,0
2022-09-13,131021,0,0,0,0,57309,0,0,0,0
2022-09-14,341983,0,0,0,0,93981,0,0,0,0
2022-09-15,183935,0,0,0,0,71471,0,0,0,0
2022-09-16,151966,0,0,0,0,51874,0,0,0,0
2022-09-17,120958,0,0,0,0,43457,0,0,0,0
2022-09-18,75619,0,0,0,0,34764,0,0,0,0
2022-09-19,72458,0,0,0,0,19407,0,0,0,0
2022-09-20,227358,0,0,0,0,47917,0,0,0,0
2022-09-21,196506,0,0,0,0,41286,0,0,0,0
2022-09-22,141542,0,0,0,0,33009,0,0,0,0
2022-09-23,132071,0,0,0,0,29108,0,0,0,0
2022-09-24,106044,0,0,0,0,29353,0,0,0,0
2022-09-25,73182,0,0,0,0,25792,0,0,0,0
2022-09-26,62165,0,0,0,0,14168,0,0,0,0
