tDate,YesterdaySum,YesterdayPositivityConfirmed,YesterdayPositivityQuarantineRelease,YesterdayPositivityInQuarantine,YesterdayPositivityDead,YesterdayInspection,YesterdayNegative,TodaySum,TodayPositivityConfirmed,TodayPositivityQuarantineRelease,TodayPositivityInQuarantine,TodayPositivityDead,TodayInspection,TodayNegative,VarianceSum,VariancePositivityConfirmed,VariancePositivityQuarantineRelease,VariancePositivityInQuarantine,VariancePositivityDead,VarianceInspection,VarianceNegative
2020-03-02,98921,3736,30,3688,18,33360,61825,109591,4212,31,4159,22,105379,33799,10670,476,1,471,4,439,9755
2020-03-03,109591,4212,31,4159,22,33799,71580,125851,4812,34,4750,28,35555,85484,16260,600,3,591,6,1756,13904
2020-03-04,125851,4812,34,4750,28,35555,85484,136707,5328,41,5255,32,28414,102965,10856,516,7,505,4,-7141,17481
2020-03-05,136707,5328,41,5255,32,28414,102965,146541,5766,88,5643,35,21810,118965,9834,438,47,388,3,-6604,16000
2020-03-06,146541,5766,88,5643,35,21810,118965,164740,6284,108,6134,42,21832,136624,18199,518,20,491,7,22,17659
2020-03-07,164740,6284,108,6134,42,21832,136624,178189,6767,118,6605,44,19620,151802,13449,483,10,471,2,-2212,15178
2020-03-08,178189,6767,118,6605,44,19620,151802,188518,7134,130,6954,50,19376,162008,10329,367,12,349,6,-244,10206
2020-03-09,188518,7134,130,6954,50,19376,162008,196618,7382,166,7165,51,17458,171778,8100,248,36,211,1,-1918,9770
2020-03-10,196618,7382,166,7165,51,17458,171778,210144,7513,247,7212,54,18452,184179,13526,131,81,47,3,994,12401
2020-03-11,210144,7513,247,7212,54,18452,184179,222395,7755,288,7407,60,18540,196100,12251,242,41,195,6,88,11921
2020-03-12,222395,7755,288,7407,60,18540,196100,234998,7869,333,7470,66,17727,209402,12603,114,45,63,6,-813,13302
2020-03-13,234998,7869,333,7470,66,17727,209402,248647,7979,510,7402,67,17940,222728,13649,110,177,-68,1,213,13326
2020-03-14,248647,7979,510,7402,67,17940,222728,261335,8086,714,7300,72,17634,235615,12688,107,204,-102,5,-306,12887
2020-03-15,261335,8086,714,7300,72,17634,235615,268212,8162,834,7253,75,16272,243778,6877,76,120,-47,3,-1362,8163
2020-03-16,268212,8162,834,7253,75,16272,243778,274504,8236,1137,7024,75,14971,251297,6292,74,303,-229,0,-1301,7519
2020-03-17,274504,8236,1137,7024,75,14971,251297,286716,8320,1401,6838,81,17291,261105,12212,84,264,-186,6,2320,9808
2020-03-18,286716,8320,1401,6838,81,17291,261105,295647,8413,1540,6789,84,16346,270888,8931,93,139,-49,3,-945,9783
2020-03-19,295647,8413,1540,6789,84,16346,270888,307024,8565,1947,6527,91,15904,282555,11377,152,407,-262,7,-442,11667
2020-03-20,307024,8565,1947,6527,91,15904,282555,316664,8652,2233,6325,94,15525,292487,9640,87,286,-202,3,-379,9932
2020-03-21,316664,8652,2233,6325,94,15525,292487,327509,8799,2612,6085,102,15704,303006,10845,147,379,-240,8,179,10519
2020-03-22,327509,8799,2612,6085,102,15704,303006,331780,8897,2909,5884,104,14540,308343,4271,98,297,-201,2,-1164,5337
2020-03-23,331780,8897,2909,5884,104,14540,308343,338036,8961,3166,5684,111,13628,315447,6256,64,257,-200,7,-912,7104
2020-03-24,338036,8961,3166,5684,111,13628,315447,348582,9037,3507,5410,120,15440,324105,10546,76,341,-274,9,1812,8658
2020-03-25,348582,9037,3507,5410,120,15440,324105,357896,9137,3730,5281,126,14278,334481,9314,100,223,-129,6,-1162,10376
2020-03-26,357896,9137,3730,5281,126,14278,334481,364942,9241,4144,4966,131,14369,341332,7046,104,414,-315,5,91,6851
2020-03-27,364942,9241,4144,4966,131,14369,341332,376961,9332,4528,4665,139,15219,352410,12019,91,384,-301,8,850,11078
2020-03-28,376961,9332,4528,4665,139,15219,352410,387925,9478,4811,4523,144,16564,361883,10964,146,283,-142,5,1345,9473
2020-03-29,387925,9478,4811,4523,144,16564,361883,394141,9583,5033,4398,152,15028,369530,6216,105,222,-125,8,-1536,7647
2020-03-30,394141,9583,5033,4398,152,15028,369530,395194,9661,5228,4275,158,13531,372002,1053,78,195,-123,6,-1497,2472
2020-03-31,395194,9661,5228,4275,158,13531,372002,410564,9786,5408,4216,162,16892,383886,15370,125,180,-59,4,3361,11884
2020-04-01,410564,9786,5408,4216,162,16892,383886,421547,9887,5567,4155,165,16585,395075,10983,101,159,-61,3,-307,11189
2020-04-02,421547,9887,5567,4155,165,16585,395075,431743,9976,5828,3979,169,17885,403882,10196,89,261,-176,4,1300,8807
2020-04-03,431743,9976,5828,3979,169,17885,403882,443273,10062,6021,3867,174,18908,414303,11530,86,193,-112,5,1023,10421
2020-04-04,443273,10062,6021,3867,174,18908,414303,455032,10156,6325,3654,177,20144,424732,11759,94,304,-213,3,1236,10429
2020-04-05,455032,10156,6325,3654,177,20144,424732,461233,10237,6463,3591,183,19571,431425,6201,81,138,-63,6,-573,6693
2020-04-06,461233,10237,6463,3591,183,19571,431425,466804,10284,6598,3500,186,19295,437225,5571,47,135,-91,3,-276,5800
2020-04-07,466804,10284,6598,3500,186,19295,437225,477304,10331,6694,3445,192,20650,446323,10500,47,96,-55,6,1355,9098
2020-04-08,477304,10331,6694,3445,192,20650,446323,486003,10384,6776,3408,200,17858,457761,8699,53,82,-37,8,-2792,11438
2020-04-09,486003,10384,6776,3408,200,17858,457761,494711,10423,6973,3246,204,15509,468779,8708,39,197,-162,4,-2349,11018
2020-04-10,494711,10423,6973,3246,204,15509,468779,503051,10450,7117,3125,208,15298,477303,8340,27,144,-121,4,-211,8524
2020-04-11,503051,10450,7117,3125,208,15298,477303,510479,10480,7243,3026,211,14070,485929,7428,30,126,-99,3,-1228,8626
2020-04-12,510479,10480,7243,3026,211,14070,485929,514621,10512,7368,2930,214,13788,490321,4142,32,125,-96,3,-282,4392
2020-04-13,514621,10512,7368,2930,214,13788,490321,518743,10537,7447,2873,217,13391,494815,4122,25,79,-57,3,-397,4494
2020-04-14,518743,10537,7447,2873,217,13391,494815,527438,10564,7534,2808,222,14651,502223,8695,27,87,-65,5,1260,7408
2020-04-15,527438,10564,7534,2808,222,14651,502223,534552,10591,7616,2750,225,15026,508935,7114,27,82,-58,3,375,6712
2020-04-16,534552,10591,7616,2750,225,15026,508935,538775,10613,7757,2627,229,14268,513894,4223,22,141,-123,4,-758,4959
2020-04-17,538775,10613,7757,2627,229,14268,513894,546463,10635,7829,2576,230,14186,521642,7688,22,72,-51,1,-82,7748
2020-04-18,546463,10635,7829,2576,230,14186,521642,554834,10653,7937,2484,232,13550,530631,8371,18,108,-92,2,-636,8989
2020-04-19,554834,10653,7937,2484,232,13550,530631,559109,10661,8042,2385,234,12243,536205,4275,8,105,-99,2,-1307,5574
2020-04-20,559109,10661,8042,2385,234,12243,536205,563035,10674,8114,2324,236,11981,540380,3926,13,72,-61,2,-262,4175
2020-04-21,563035,10674,8114,2324,236,11981,540380,571014,10683,8213,2233,237,12721,547610,7979,9,99,-91,1,740,7230
2020-04-22,571014,10683,8213,2233,237,12721,547610,577959,10694,8277,2179,238,12121,555144,6945,11,64,-54,1,-600,7534
2020-04-23,577959,10694,8277,2179,238,12121,555144,583971,10702,8411,2051,240,10139,563130,6012,8,134,-128,2,-1982,7986
2020-04-24,583971,10702,8411,2051,240,10139,563130,589520,10708,8501,1967,240,9600,569212,5549,6,90,-84,0,-539,6082
2020-04-25,589520,10708,8501,1967,240,9600,569212,595161,10718,8635,1843,240,9259,575184,5641,10,134,-124,0,-341,5972
2020-04-26,595161,10718,8635,1843,240,9259,575184,598285,10728,8717,1769,242,8999,578558,3124,10,82,-74,2,-260,3374
2020-04-27,598285,10728,8717,1769,242,8999,578558,601660,10738,8764,1731,243,8895,582027,3375,10,47,-38,1,-104,3469
2020-04-28,601660,10738,8764,1731,243,8895,582027,608514,10752,8854,1654,244,9203,588559,6854,14,90,-77,1,308,6532
2020-04-29,608514,10752,8854,1654,244,9203,588559,614197,10761,8922,1593,246,8307,595129,5683,9,68,-61,2,-896,6570
2020-04-30,614197,10761,8922,1593,246,8307,595129,619881,10765,9059,1459,247,8634,600482,5684,4,137,-134,1,327,5353
2020-05-01,619881,10765,9059,1459,247,8634,600482,623069,10774,9072,1454,248,8685,603610,3188,9,13,-5,1,51,3128
2020-05-02,623069,10774,9072,1454,248,8685,603610,627562,10780,9123,1407,250,8496,608286,4493,6,51,-47,2,-189,4676
2020-05-03,627562,10780,9123,1407,250,8496,608286,630973,10793,9183,1360,250,8588,611592,3411,13,60,-47,0,92,3306
2020-05-04,630973,10793,9183,1360,250,8588,611592,633921,10801,9217,1332,252,8176,614944,2948,8,34,-28,2,-412,3352
2020-05-05,633921,10801,9217,1332,252,8176,614944,640237,10804,9283,1267,254,8858,620575,6316,3,66,-65,2,682,5631
2020-05-06,640237,10804,9283,1267,254,8858,620575,643095,10806,9333,1218,255,8009,624280,2858,2,50,-49,1,-849,3705
2020-05-07,643095,10806,9333,1218,255,8009,624280,649388,10810,9419,1135,256,8429,630149,6293,4,86,-83,1,420,5869
2020-05-08,649388,10810,9419,1135,256,8429,630149,654863,10822,9484,1082,256,8867,635174,5475,12,65,-53,0,438,5025
2020-05-09,654863,10822,9484,1082,256,8867,635174,660030,10840,9568,1016,256,9153,640037,5167,18,84,-66,0,286,4863
2020-05-10,660030,10840,9568,1016,256,9153,640037,663886,10874,9610,1008,256,10128,642884,3856,34,42,-8,0,975,2847
2020-05-11,663886,10874,9610,1008,256,10128,642884,668492,10909,9632,1021,256,10922,646661,4606,35,22,13,0,794,3777
2020-05-12,668492,10909,9632,1021,256,10922,646661,680890,10936,9670,1008,258,16330,653624,12398,27,38,-13,2,5408,6963
2020-05-13,680890,10936,9670,1008,258,16330,653624,695920,10962,9695,1008,259,19579,665379,15030,26,25,0,1,3249,11755
2020-05-14,695920,10962,9695,1008,259,19579,665379,711484,10991,9762,969,260,20722,679771,15564,29,67,-39,1,1143,14392
2020-05-15,711484,10991,9762,969,260,20722,679771,726747,11018,9821,937,260,19875,695854,15263,27,59,-32,0,-847,16083
2020-05-16,726747,11018,9821,937,260,19875,695854,740645,11037,9851,924,262,18343,711265,13898,19,30,-13,2,-1532,15411
2020-05-17,740645,11037,9851,924,262,18343,711265,747653,11050,9888,900,262,17660,718943,7008,13,37,-24,0,-683,7678
2020-05-18,747653,11050,9888,900,262,17660,718943,753211,11065,9904,898,263,16093,726053,5558,15,16,-2,1,-1567,7110
2020-05-19,753211,11065,9904,898,263,16093,726053,765574,11078,9938,877,263,16925,737571,12363,13,34,-21,0,832,11518
2020-05-20,765574,11078,9938,877,263,16925,737571,776433,11110,10066,781,263,16351,748972,10859,32,128,-96,0,-574,11401
2020-05-21,776433,11110,10066,781,263,16351,748972,788684,11122,10135,723,264,18089,759473,12251,12,69,-58,1,1738,10501
2020-05-22,788684,11122,10135,723,264,18089,759473,802418,11142,10162,716,264,20286,770990,13734,20,27,-7,0,2197,11517
2020-05-23,802418,11142,10162,716,264,20286,770990,814420,11165,10194,705,266,21569,781686,12002,23,32,-11,2,1283,10696
2020-05-24,814420,11165,10194,705,266,21569,781686,820289,11190,10213,711,266,20333,788766,5869,25,19,6,0,-1236,7080
2020-05-25,820289,11190,10213,711,266,20333,788766,826437,11206,10226,713,267,19089,796142,6148,16,13,2,1,-1244,7376
2020-05-26,826437,11206,10226,713,267,19089,796142,839475,11225,10275,681,269,22044,806206,13038,19,49,-32,2,2955,10064
2020-05-27,839475,11225,10275,681,269,22044,806206,852876,11265,10295,701,269,21061,820550,13401,40,20,20,0,-983,14344
2020-05-28,852876,11265,10295,701,269,21061,820550,868666,11344,10340,735,269,22370,834952,15790,79,45,34,0,1309,14402
2020-05-29,868666,11344,10340,735,269,22370,834952,885120,11402,10363,770,269,24557,849161,16454,58,23,35,0,2187,14209
2020-05-30,885120,11402,10363,770,269,24557,849161,902901,11441,10398,774,269,26298,865162,17781,39,35,4,0,1741,16001
2020-05-31,902901,11441,10398,774,269,26298,865162,910822,11468,10405,793,270,23294,876060,7921,27,7,19,1,-3004,10898
2020-06-01,910822,11468,10405,793,270,23294,876060,921391,11503,10422,810,271,24058,885830,10569,35,17,17,1,764,9770
2020-06-02,921391,11503,10422,810,271,24058,885830,939851,11541,10446,823,272,28922,899388,18460,38,24,13,1,4864,13558
2020-06-03,939851,11541,10446,823,272,28922,899388,956852,11590,10467,850,273,27865,917397,17001,49,21,27,1,-1057,18009
2020-06-04,956852,11590,10467,850,273,27865,917397,973858,11629,10499,857,273,28199,934030,17006,39,32,7,0,334,16633
2020-06-05,973858,11629,10499,857,273,28199,934030,990960,11668,10506,889,273,28766,950526,17102,39,7,32,0,567,16496
2020-06-06,990960,11668,10506,889,273,28766,950526,1005305,11719,10531,915,273,27954,965632,14345,51,25,26,0,-812,15106
2020-06-07,1005305,11719,10531,915,273,27954,965632,1012769,11776,10552,951,273,26481,974512,7464,57,21,36,0,-1473,8880
2020-06-08,1012769,11776,10552,951,273,26481,974512,1018214,11814,10563,978,273,24374,982026,5445,38,11,27,0,-2107,7514
2020-06-09,1018214,11814,10563,978,273,24374,982026,1035997,11852,10589,989,274,27459,996686,17783,38,26,11,1,3085,14660
2020-06-10,1035997,11852,10589,989,274,27459,996686,1051972,11902,10611,1015,276,26223,1013847,15975,50,22,26,2,-1236,17161
2020-06-11,1051972,11902,10611,1015,276,26223,1013847,1066888,11947,10654,1017,276,25494,1029447,14916,45,43,2,0,-729,15600
2020-06-12,1066888,11947,10654,1017,276,25494,1029447,1081487,12003,10669,1057,277,24244,1045240,14599,56,15,40,1,-1250,15793
2020-06-13,1081486,12002,10669,1056,277,24244,1045240,1094704,12051,10691,1083,277,23352,1059301,13218,49,22,27,0,-892,14061
2020-06-14,1094704,12051,10691,1083,277,23352,1059301,1100328,12085,10718,1090,277,21356,1066887,5624,34,27,7,0,-1996,7586
2020-06-15,1100327,12084,10718,1089,277,21356,1066887,1105719,12121,10730,1114,277,20793,1072805,5392,37,12,25,0,-563,5918
2020-06-16,1105719,12121,10730,1114,277,20793,1072805,1119767,12155,10760,1117,278,22632,1084980,14048,34,30,3,1,1839,12175
2020-06-17,1119767,12155,10760,1117,278,22632,1084980,1132823,12198,10774,1145,279,21489,1099136,13056,43,14,28,1,-1143,14156
2020-06-18,1132823,12198,10774,1145,279,21489,1099136,1145712,12257,10800,1177,280,21714,1111741,12889,59,26,32,1,225,12605
2020-06-19,1145712,12257,10800,1177,280,21714,1111741,1158063,12306,10835,1191,280,21190,1124567,12351,49,35,14,0,-524,12826
2020-06-20,1158063,12306,10835,1191,280,21190,1124567,1170901,12373,10856,1237,280,21470,1137058,12838,67,21,46,0,280,12491
2020-06-21,1170901,12373,10856,1237,280,21470,1137058,1176463,12421,10868,1273,280,20071,1143971,5562,48,12,36,0,-1399,6913
2020-06-22,1176463,12421,10868,1273,280,20071,1143971,1182066,12438,10881,1277,280,19403,1150225,5603,17,13,4,0,-668,6254
2020-06-23,1182066,12438,10881,1277,280,19403,1150225,1196012,12484,10908,1295,281,22278,1161250,13946,46,27,18,1,2875,11025
2020-06-24,1196012,12484,10908,1295,281,22278,1161250,1208597,12535,10930,1324,281,20245,1175817,12585,51,22,29,0,-2033,14567
2020-06-25,1208597,12535,10930,1324,281,20245,1175817,1220478,12563,10974,1307,282,18900,1189015,11881,28,44,-17,1,-1345,13198
2020-06-26,1220478,12563,10974,1307,282,18900,1189015,1232315,12602,11172,1148,282,18828,1200885,11837,39,198,-159,0,-72,11870
2020-06-27,1232315,12602,11172,1148,282,18828,1200885,1243780,12653,11317,1054,282,19866,1211261,11465,51,145,-94,0,1038,10376
2020-06-28,1243780,12653,11317,1054,282,19866,1211261,1251695,12715,11364,1069,282,19005,1219975,7915,62,47,15,0,-861,8714
2020-06-29,1251695,12715,11364,1069,282,19005,1219975,1259954,12757,11429,1046,282,18499,1228698,8259,42,65,-23,0,-506,8723
2020-06-30,1259954,12757,11429,1046,282,18499,1228698,1273766,12800,11537,981,282,20809,1240157,13812,43,108,-65,0,2310,11459
2020-07-01,1273765,12799,11537,980,282,20809,1240157,1285231,12850,11613,955,282,19526,1252855,11466,51,76,-25,0,-1283,12698
2020-07-02,1285231,12850,11613,955,282,19526,1252855,1295962,12904,11684,938,282,19782,1263276,10731,54,71,-17,0,256,10421
2020-07-03,1295962,12904,11684,938,282,19782,1263276,1307761,12967,11759,926,282,21560,1273234,11799,63,75,-12,0,1778,9958
2020-07-04,1307761,12967,11759,926,282,21560,1273234,1319523,13030,11811,936,283,22321,1284172,11762,63,52,10,1,761,10938
2020-07-05,1319523,13030,11811,936,283,22321,1284172,1326055,13091,11832,976,283,21649,1291315,6532,61,21,40,0,-672,7143
2020-07-06,1326055,13089,11832,974,283,21649,1291317,1331796,13137,11848,1005,284,21292,1297367,5741,48,16,31,1,-357,6050
2020-07-07,1331796,13137,11848,1005,284,21292,1297367,1346194,13181,11914,982,285,23675,1309338,14398,44,66,-23,1,2383,11971
2020-07-08,1346194,13181,11914,982,285,23675,1309338,1359735,13244,11970,989,285,24012,1322479,13541,63,56,7,0,337,13141
2020-07-09,1359734,13243,11970,988,285,24012,1322479,1371771,13293,12019,987,287,23912,1334566,12037,50,49,-1,2,-100,12087
2020-07-10,1371771,13293,12019,987,287,23912,1334566,1384890,13338,12065,985,288,23527,1348025,13119,45,46,-2,1,-385,13459
2020-07-11,1384890,13338,12065,985,288,23527,1348025,1396941,13373,12144,941,288,22950,1360618,12051,35,79,-44,0,-577,12593
2020-07-12,1396941,13373,12144,941,288,22950,1360618,1402144,13417,12178,950,289,21830,1366897,5203,44,34,9,1,-1120,6279
2020-07-13,1402144,13417,12178,950,289,21830,1366897,1408312,13479,12204,986,289,21845,1372988,6168,62,26,36,0,15,6091
2020-07-14,1408312,13479,12204,986,289,21845,1372988,1420616,13512,12282,941,289,24289,1382815,12304,33,78,-45,0,2444,9827
2020-07-15,1420616,13512,12282,941,289,24289,1382815,1431316,13551,12348,914,289,23297,1394468,10700,39,66,-27,0,-992,11653
2020-07-16,1431316,13551,12348,914,289,23297,1394468,1441348,13612,12396,925,291,23404,1404332,10032,61,48,11,2,107,9864
2020-07-17,1441348,13612,12396,925,291,23404,1404332,1451017,13672,12460,919,293,23110,1414235,9669,60,64,-6,2,-294,9903
2020-07-18,1451017,13672,12460,919,293,23110,1414235,1460204,13711,12519,898,294,22923,1423570,9187,39,59,-21,1,-187,9335
2020-07-19,1460204,13711,12519,898,294,22923,1423570,1465299,13745,12556,894,295,21953,1429601,5095,34,37,-4,1,-970,6031
2020-07-20,1465299,13745,12556,894,295,21953,1429601,1470193,13771,12572,903,296,21302,1435120,4894,26,16,9,1,-651,5519
2020-07-21,1470193,13771,12572,903,296,21302,1435120,1482390,13816,12643,877,296,23864,1444710,12197,45,71,-26,0,2562,9590
2020-07-22,1482390,13816,12643,877,296,23864,1444710,1492071,13879,12698,884,297,21751,1456441,9681,63,55,7,1,-2113,11731
2020-07-23,1492071,13879,12698,884,297,21751,1456441,1500854,13938,12758,883,297,21418,1465498,8783,59,60,-1,0,-333,9057
2020-07-24,1500854,13938,12758,883,297,21418,1465498,1510327,13979,12817,864,298,20559,1475789,9437,41,59,-19,1,-859,10291
2020-07-25,1510327,13979,12817,864,298,20559,1475789,1518634,14092,12866,928,298,19681,1484861,8307,113,49,64,0,-878,9072
2020-07-26,1518634,14092,12866,928,298,19681,1484861,1522926,14150,12890,962,298,19214,1489562,4292,58,24,34,0,-467,4701
2020-07-27,1522926,14150,12890,962,298,19214,1489562,1526974,14175,12905,971,299,18770,1494029,4048,25,15,9,1,-444,4467
2020-07-28,1526974,14175,12905,971,299,18770,1494029,1537704,14203,13007,896,300,20444,1503057,10730,28,102,-75,1,1674,9028
2020-07-29,1537704,14203,13007,896,300,20444,1503057,1547307,14251,13069,882,300,19326,1513730,9603,48,62,-14,0,-1118,10673
2020-07-30,1547307,14251,13069,882,300,19326,1513730,1556215,14269,13132,837,300,19018,1522928,8908,18,63,-45,0,-308,9198
2020-07-31,1556215,14269,13132,837,300,19018,1522928,1563796,14305,13183,821,301,18330,1531161,7581,36,51,-16,1,-688,8233
2020-08-01,1563796,14305,13183,821,301,18330,1531161,1571830,14336,13233,802,301,18278,1539216,8034,31,50,-19,0,-52,8055
2020-08-02,1571830,14336,13233,802,301,18278,1539216,1576246,14366,13259,806,301,17768,1544112,4416,30,26,4,0,-510,4896
2020-08-03,1576246,14366,13259,806,301,17768,1544112,1579757,14389,13280,808,301,17401,1547967,3511,23,21,2,0,-367,3855
2020-08-04,1579757,14389,13280,808,301,17401,1547967,1589780,14423,13352,770,301,18724,1556633,10023,34,72,-38,0,1323,8666
2020-08-05,1589780,14423,13352,770,301,18724,1556633,1598187,14456,13406,748,302,18490,1565241,8407,33,54,-22,1,-234,8608
2020-08-06,1598187,14456,13406,748,302,18490,1565241,1606487,14499,13501,696,302,18031,1573957,8300,43,95,-52,0,-459,8716
2020-08-07,1606487,14499,13501,696,302,18031,1573957,1613652,14519,13543,673,303,17068,1582065,7165,20,42,-23,1,-963,8108
2020-08-08,1613652,14519,13543,673,303,17068,1582065,1620514,14562,13629,629,304,16105,1589847,6862,43,86,-44,1,-963,7782
2020-08-09,1620514,14562,13629,629,304,16105,1589847,1624650,14598,13642,651,305,16803,1593249,4136,36,13,22,1,698,3402
2020-08-10,1624650,14598,13642,651,305,16803,1593249,1628303,14626,13658,663,305,16396,1597281,3653,28,16,12,0,-407,4032
2020-08-11,1628303,14626,13658,663,305,16396,1597281,1637844,14660,13729,626,305,17489,1605695,9541,34,71,-37,0,1093,8414
2020-08-12,1637844,14660,13729,626,305,17489,1605695,1646652,14714,13786,623,305,17375,1614563,8808,54,57,-3,0,-114,8868
2020-08-13,1646652,14714,13786,623,305,17375,1614563,1654898,14770,13817,648,305,17798,1622330,8246,56,31,25,0,423,7767
2020-08-14,1654898,14770,13817,648,305,17798,1622330,1665084,14873,13863,705,305,20132,1630079,10186,103,46,57,0,2334,7749
2020-08-15,1665084,14873,13863,705,305,20132,1630079,1675296,15039,13901,833,305,21618,1638639,10212,166,38,128,0,1486,8560
2020-08-16,1675296,15039,13901,833,305,21618,1638639,1681787,15318,13910,1103,305,22005,1644464,6491,279,9,270,0,387,5825
2020-08-17,1681787,15318,13910,1103,305,22005,1644464,1688470,15515,13917,1293,305,22964,1649991,6683,197,7,190,0,959,5527
2020-08-18,1688470,15515,13917,1293,305,22964,1649991,1697042,15761,13934,1521,306,25219,1656062,8572,246,17,228,1,2255,6071
2020-08-19,1697042,15761,13934,1521,306,25219,1656062,1715064,16058,14006,1746,306,31022,1667984,18022,297,72,225,0,5803,11922
2020-08-20,1715064,16058,14006,1746,306,31022,1667984,1734083,16346,14063,1976,307,34998,1682739,19019,288,57,230,1,3976,14755
2020-08-21,1734083,16346,14063,1976,307,34998,1682739,1754123,16670,14120,2241,309,38045,1699408,20040,324,57,265,2,3047,16669
2020-08-22,1754123,16670,14120,2241,309,38045,1699408,1775800,17002,14169,2524,309,42427,1716371,21677,332,49,283,0,4382,16963
2020-08-23,1775800,17002,14169,2524,309,42427,1716371,1791186,17399,14200,2890,309,47564,1726223,15386,397,31,366,0,5137,9852
2020-08-24,1791186,17399,14200,2890,309,47564,1726223,1804422,17665,14219,3137,309,47995,1738762,13236,266,19,247,0,431,12539
2020-08-25,1804422,17665,14219,3137,309,47995,1738762,1825837,17945,14286,3349,310,50362,1757530,21415,280,67,212,1,2367,18768
2020-08-26,1825837,17945,14286,3349,310,50362,1757530,1849506,18265,14368,3585,312,52795,1778446,23669,320,82,236,2,2433,20916
2020-08-27,1849506,18265,14368,3585,312,52795,1778446,1869579,18706,14461,3932,313,52041,1798832,20073,441,93,347,1,-754,20386
2020-08-28,1869579,18706,14461,3932,313,52041,1798832,1887717,19077,14551,4210,316,50711,1817929,18138,371,90,278,3,-1330,19097
2020-08-29,1887717,19077,14551,4210,316,50711,1817929,1909329,19400,14765,4314,321,54046,1835883,21612,323,214,104,5,3335,17954
2020-08-30,1909329,19400,14765,4314,321,54046,1835883,1924170,19699,14903,4473,323,58021,1846450,14841,299,138,159,2,3975,10567
2020-08-31,1924170,19699,14903,4473,323,58021,1846450,1937689,19947,14973,4650,324,57876,1859866,13519,248,70,177,1,-145,13416
2020-09-01,1937689,19947,14973,4650,324,57876,1859866,1959080,20182,15198,4660,324,56743,1882155,21391,235,225,10,0,-1133,22289
2020-09-02,1959080,20182,15198,4660,324,56743,1882155,1980295,20449,15356,4767,326,56748,1903098,21215,267,158,107,2,5,20943
2020-09-03,1980295,20449,15356,4767,326,56748,1903098,2000552,20644,15529,4786,329,55524,1924384,20257,195,173,19,3,-1224,21286
2020-09-04,2000552,20644,15529,4786,329,55524,1924384,2018906,20842,15783,4728,331,52266,1945798,18354,198,254,-58,2,-3258,21414
2020-09-05,2018906,20842,15783,4728,331,52266,1945798,2037045,21010,16009,4668,333,52077,1963958,18139,168,226,-60,2,-189,18160
2020-09-06,2037045,21010,16009,4668,333,52077,1963958,2045935,21177,16146,4697,334,49621,1975137,8890,167,137,29,1,-2456,11179
2020-09-07,2045935,21177,16146,4697,334,49621,1975137,2051297,21296,16297,4663,336,47109,1982892,5362,119,151,-34,2,-2512,7755
2020-09-08,2051297,21296,16297,4663,336,47109,1982892,2066078,21432,16636,4455,341,43370,2001276,14781,136,339,-208,5,-3739,18384
2020-09-09,2066078,21432,16636,4455,341,43370,2001276,2082234,21588,17023,4221,344,36533,2024113,16156,156,387,-234,3,-6837,22837
2020-09-10,2082234,21588,17023,4221,344,36533,2024113,2099591,21743,17360,4037,346,33018,2044830,17357,155,337,-184,2,-3515,20717
2020-09-11,2099591,21743,17360,4037,346,33018,2044830,2119211,21919,17616,3953,350,29423,2067869,19620,176,256,-84,4,-3595,23039
2020-09-12,2119211,21919,17616,3953,350,29423,2067869,2135457,22055,18029,3671,355,27826,2085576,16246,136,413,-282,5,-1597,17707
2020-09-13,2135457,22055,18029,3671,355,27826,2085576,2143270,22176,18226,3592,358,27705,2093389,7813,121,197,-79,3,-121,7813
2020-09-14,2143270,22176,18226,3592,358,27705,2093389,2151002,22285,18489,3433,363,27476,2101241,7732,109,263,-159,5,-229,7852
2020-09-15,2151002,22285,18489,3433,363,27476,2101241,2164578,22391,18878,3146,367,27310,2114877,13576,106,389,-287,4,-166,13636
2020-09-16,2164578,22391,18878,3146,367,27310,2114877,2178832,22504,19310,2827,367,25842,2130486,14254,113,432,-319,0,-1468,15609
2020-09-17,2178832,22504,19310,2827,367,25842,2130486,2191892,22657,19543,2742,372,25508,2143727,13060,153,233,-85,5,-334,13241
2020-09-18,2191892,22657,19543,2742,372,25508,2143727,2206365,22783,19771,2635,377,25403,2158179,14473,126,228,-107,5,-105,14452
2020-09-19,2206365,22783,19771,2635,377,25403,2158179,2219162,22893,19970,2545,378,24705,2171564,12797,110,199,-90,1,-698,13385
2020-09-20,2219162,22893,19970,2545,378,24705,2171564,2226701,22975,20158,2434,383,24274,2179452,7539,82,188,-111,5,-431,7888
2020-09-21,2226701,22975,20158,2434,383,24274,2179452,2231589,23045,20248,2412,385,22536,2186008,4888,70,90,-22,2,-1738,6556
2020-09-22,2231589,23045,20248,2412,385,22536,2186008,2245112,23106,20441,2277,388,23222,2198784,13523,61,193,-135,3,686,12776
2020-09-23,2245112,23106,20441,2277,388,23222,2198784,2256899,23216,20650,2178,388,20527,2213156,11787,110,209,-99,0,-2695,14372
2020-09-24,2256899,23216,20650,2178,388,20527,2213156,2268999,23341,20832,2116,393,20782,2224876,12100,125,182,-62,5,255,11720
2020-09-25,2268999,23341,20832,2116,393,20782,2224876,2280276,23455,20978,2082,395,19575,2237246,11277,114,146,-34,2,-1207,12370
2020-09-26,2280276,23455,20977,2083,395,19575,2237246,2290345,23516,21166,1951,399,18508,2248321,10069,61,189,-132,4,-1067,11075
2020-09-27,2290345,23516,21166,1951,399,18508,2248321,2296517,23611,21248,1962,401,18878,2254028,6172,95,82,11,2,370,5707
2020-09-28,2296517,23611,21248,1962,401,18878,2254028,2301303,23661,21292,1963,406,18587,2259055,4786,50,44,1,5,-291,5027
2020-09-29,2301303,23661,21292,1963,406,18587,2259055,2313044,23699,21470,1822,407,20056,2269289,11741,38,178,-141,1,1469,10234
2020-09-30,2313044,23699,21470,1822,407,20056,2269289,2322999,23812,21591,1808,413,20596,2278591,9955,113,121,-14,6,540,9302
2020-10-01,2322999,23812,21591,1808,413,20596,2278591,2328435,23889,21666,1808,415,20029,2284517,5436,77,75,0,2,-567,5926
2020-10-02,2328435,23889,21666,1808,415,20029,2284517,2333777,23952,21733,1803,416,19995,2289830,5342,63,67,-5,1,-34,5313
2020-10-03,2333777,23952,21733,1803,416,19995,2289830,2339859,24027,21787,1820,420,21287,2294545,6082,75,54,17,4,1292,4715
2020-10-04,2339859,24027,21787,1820,420,21287,2294545,2346345,24091,21845,1825,421,22116,2300138,6486,64,58,5,1,829,5593
2020-10-05,2346345,24091,21845,1825,421,22116,2300138,2352378,24164,21886,1856,422,22447,2305767,6033,73,41,31,1,331,5629
2020-10-06,2352378,24164,21886,1856,422,22447,2305767,2365433,24239,22083,1734,422,22737,2318457,13055,75,197,-122,0,290,12690
2020-10-07,2365433,24239,22083,1734,422,22737,2318457,2378073,24353,22334,1594,425,22138,2331582,12640,114,251,-140,3,-599,13125
2020-10-08,2378073,24353,22334,1594,425,22138,2331582,2388844,24422,22463,1532,427,20978,2343444,10771,69,129,-62,2,-1160,11862
2020-10-09,2388844,24422,22463,1532,427,20978,2343444,2400233,24476,22569,1479,428,20699,2355058,11389,54,106,-53,1,-279,11614
2020-10-10,2400233,24476,22569,1479,428,20699,2355058,2404684,24548,22624,1494,430,18982,2361154,4451,72,55,15,2,-1717,6096
2020-10-11,2404684,24548,22624,1494,430,18982,2361154,2410483,24606,22693,1481,432,19303,2366574,5799,58,69,-13,2,321,5420
2020-10-12,2410483,24605,22692,1481,432,19303,2366575,2415610,24703,22728,1542,433,19192,2371715,5127,98,36,61,1,-111,5140
2020-10-13,2415610,24703,22728,1542,433,19192,2371715,2428771,24805,22863,1508,434,20124,2383842,13161,102,135,-34,1,932,12127
2020-10-14,2428771,24805,22863,1508,434,20124,2383842,2441454,24889,23030,1421,438,18396,2398169,12683,84,167,-87,4,-1728,14327
2020-10-15,2441443,24878,23030,1410,438,18396,2398169,2450739,24988,23082,1467,439,18262,2407489,9296,110,52,57,1,-134,9320
2020-10-16,2450739,24988,23082,1467,439,18262,2407489,2459426,25035,23180,1414,441,17355,2417036,8687,47,98,-53,2,-907,9547
2020-10-17,2459426,25035,23180,1414,441,17355,2417036,2468527,25108,23258,1407,443,17318,2426101,9101,73,78,-7,2,-37,9065
2020-10-18,2468527,25108,23258,1407,443,17318,2426101,2474529,25199,23312,1443,444,17781,2431549,6002,91,54,36,1,463,5448
2020-10-19,2474529,25199,23312,1443,444,17781,2431549,2479226,25275,23368,1463,444,16763,2437188,4697,76,56,20,0,-1018,5639
2020-10-20,2479226,25275,23368,1463,444,16763,2437188,2491311,25333,23466,1420,447,19379,2446599,12085,58,98,-43,3,2616,9411
2020-10-21,2491311,25333,23466,1420,447,19379,2446599,2503491,25424,23584,1390,450,19493,2458574,12180,91,118,-30,3,114,11975
2020-10-22,2503489,25422,23584,1388,450,19493,2458574,2515325,25543,23647,1443,453,19813,2469969,11836,121,63,55,3,320,11395
2020-10-23,2515325,25543,23647,1443,453,19813,2469969,2528621,25698,23717,1526,455,20430,2482493,13296,155,70,83,2,617,12524
2020-10-24,2528621,25698,23717,1526,455,20430,2482493,2540679,25775,23834,1484,457,21888,2493016,12058,77,117,-42,2,1458,10523
2020-10-25,2540679,25775,23834,1484,457,21888,2493016,2546146,25836,23869,1510,457,21682,2498628,5467,61,35,26,0,-206,5612
2020-10-26,2546146,25836,23869,1510,457,21682,2498628,2552264,25955,23905,1593,457,20763,2505546,6118,119,36,83,0,-919,6918
2020-10-27,2552264,25955,23905,1593,457,20763,2505546,2567587,26043,23981,1602,460,23003,2518541,15323,88,76,9,3,2240,12995
2020-10-28,2567587,26043,23981,1602,460,23003,2518541,2582960,26146,24073,1612,461,22904,2533910,15373,103,92,10,1,-99,15369
2020-10-29,2582960,26146,24073,1612,461,22904,2533910,2597978,26271,24168,1641,462,26148,2545559,15018,125,95,29,1,3244,11649
2020-10-30,2597978,26271,24168,1641,462,26148,2545559,2612231,26385,24227,1695,463,26373,2559473,14253,114,59,54,1,225,13914
2020-10-31,2612231,26384,24227,1694,463,26373,2559474,2624492,26511,24311,1736,464,25678,2572303,12261,127,84,42,1,-695,12829
2020-11-01,2624492,26511,24311,1736,464,25678,2572303,2630630,26635,24357,1812,466,24838,2579157,6138,124,46,76,2,-840,6854
2020-11-02,2630630,26635,24357,1812,466,24838,2579157,2636650,26732,24395,1869,468,25524,2584394,6020,97,38,57,2,686,5237
2020-11-03,2636650,26732,24395,1869,468,25524,2584394,2649859,26807,24510,1825,472,25815,2597237,13209,75,115,-44,4,291,12843
2020-11-04,2649859,26807,24510,1825,472,25815,2597237,2662260,26925,24616,1835,474,24255,2611080,12401,118,106,10,2,-1560,13843
2020-11-05,2662260,26925,24616,1835,474,24255,2611080,2673706,27050,24735,1840,475,25062,2621594,11446,125,119,5,1,807,10514
2020-11-06,2673706,27050,24735,1840,475,25062,2621594,2686314,27195,24821,1898,476,25629,2633490,12608,145,86,58,1,567,11896
2020-11-07,2686314,27195,24821,1898,476,25629,2633490,2697249,27284,24910,1897,477,26217,2643748,10935,89,89,-1,1,588,10258
2020-11-08,2697249,27284,24910,1897,477,26217,2643748,2702880,27427,24968,1981,478,25648,2649805,5631,143,58,84,1,-569,6057
2020-11-09,2702880,27427,24968,1981,478,25648,2649805,2709199,27553,25029,2044,480,25802,2655844,6319,126,61,63,2,154,6039
2020-11-10,2709199,27553,25029,2044,480,25802,2655844,2723960,27653,25160,2008,485,27855,2668452,14761,100,131,-36,5,2053,12608
2020-11-11,2723960,27653,25160,2008,485,27855,2668452,2736534,27799,25266,2046,487,28688,2680047,12574,146,106,38,2,833,11595
2020-11-12,2736534,27799,25266,2046,487,28688,2680047,2749772,27942,25404,2051,487,29284,2692546,13238,143,138,5,0,596,12499
2020-11-13,2749772,27942,25404,2051,487,29284,2692546,2761411,28133,25537,2108,488,30119,2703159,11639,191,133,57,1,835,10613
2020-11-14,2761411,28133,25537,2108,488,30119,2703159,2777289,28338,25636,2210,492,34692,2714259,15878,205,99,102,4,4573,11100
2020-11-15,2777289,28338,25636,2210,492,34692,2714259,2786878,28546,25691,2362,493,36378,2721954,9589,208,55,152,1,1686,7695
2020-11-16,2786878,28546,25691,2362,493,36378,2721954,2797691,28769,25759,2516,494,38314,2730608,10813,223,68,154,1,1936,8654
2020-11-17,2797691,28768,25759,2515,494,38314,2730609,2815755,28998,25860,2644,494,41202,2745555,18064,230,101,129,0,2888,14946
2020-11-18,2815755,28998,25860,2644,494,41202,2745555,2834362,29311,25973,2842,496,42688,2762363,18607,313,113,198,2,1486,16808
2020-11-19,2834362,29311,25973,2842,496,42688,2762363,2853843,29654,26098,3058,498,45525,2778664,19481,343,125,216,2,2837,16301
2020-11-20,2853843,29654,26098,3058,498,45525,2778664,2873443,30017,26263,3253,501,48143,2795283,19600,363,165,195,3,2618,16619
2020-11-21,2873443,30017,26263,3253,501,48143,2795283,2896746,30403,26365,3535,503,51345,2814998,23303,386,102,282,2,3202,19715
2020-11-22,2896746,30403,26365,3535,503,51345,2814998,2908890,30733,26466,3762,505,54029,2824128,12144,330,101,227,2,2684,9130
2020-11-23,2908890,30733,26466,3762,505,54029,2824128,2922135,31004,26539,3956,509,56455,2834676,13245,271,73,194,4,2426,10548
2020-11-24,2922135,31004,26539,3956,509,56455,2834676,2946399,31353,26722,4121,510,57769,2857277,24264,349,183,165,1,1314,22601
2020-11-25,2946399,31353,26722,4121,510,57769,2857277,2966405,31735,26825,4397,513,55838,2878832,20006,382,103,276,3,-1931,21555
2020-11-26,2966405,31735,26825,4397,513,55838,2878832,2988046,32318,26950,4853,515,55361,2900367,21641,583,125,456,2,-477,21535
2020-11-27,2988046,32318,26950,4853,515,55361,2900367,3009577,32887,27103,5268,516,56637,2920053,21531,569,153,415,1,1276,19686
2020-11-28,3009562,32871,27103,5252,516,56637,2920054,3032004,33375,27349,5504,522,58794,2939835,22442,504,246,252,6,2157,19781
2020-11-29,3032003,33374,27349,5503,522,58794,2939835,3046971,33824,27542,5759,523,62829,2950318,14968,450,193,256,1,4035,10483
2020-11-30,3046910,33763,27542,5698,523,62829,2950318,3061172,34201,27625,6050,526,63365,2963606,14262,438,83,352,3,536,13288
2020-12-01,3061172,34201,27625,6050,526,63365,2963606,3083997,34652,27885,6241,526,64892,2984453,22825,451,260,191,0,1527,20847
2020-12-02,3083997,34652,27885,6241,526,64892,2984453,3106970,35163,28065,6572,526,65154,3006653,22973,511,180,331,0,262,22200
2020-12-03,3106970,35163,28065,6572,526,65154,3006653,3131886,35703,28352,6822,529,65788,3030395,24916,540,287,250,3,634,23742
2020-12-04,3131886,35703,28352,6822,529,65788,3030395,3157410,36332,28611,7185,536,64017,3057061,25524,629,259,363,7,-1771,26666
2020-12-05,3157410,36332,28611,7185,536,64017,3057061,3180496,36915,28917,7458,540,66267,3077314,23086,583,306,273,4,2250,20253
2020-12-06,3180496,36915,28917,7458,540,66267,3077314,3194867,37546,29128,7873,545,67716,3089605,14371,631,211,415,5,1449,12291
2020-12-07,3194867,37546,29128,7873,545,67716,3089605,3209376,38161,29301,8311,549,68010,3103205,14509,615,173,438,4,294,13600
2020-12-08,3209376,38161,29301,8311,549,68010,3103205,3221325,38755,29650,8553,552,71274,3111296,11949,594,349,242,3,3264,8091
2020-12-09,3221317,38746,29650,8544,552,71274,3111297,3253236,39432,30177,8699,556,75080,3138724,31919,686,527,155,4,3806,27427
2020-12-10,3253220,39416,30177,8683,556,75080,3138724,3277947,40098,30637,8897,564,72764,3165085,24727,682,460,214,8,-2316,26361
2020-12-11,3277948,40097,30637,8896,564,72764,3165087,3311213,40786,31157,9057,572,77688,3192739,33265,689,520,161,8,4924,27652
2020-12-12,3311213,40786,31157,9057,572,77688,3192739,3349864,41736,31493,9665,578,86742,3221386,38651,950,336,608,6,9054,28647
2020-12-13,3349864,41736,31493,9665,578,86742,3221386,3374595,42766,31814,10372,580,90129,3241700,24731,1030,321,707,2,3387,20314
2020-12-14,3374595,42766,31814,10372,580,90129,3241700,3397039,43484,32102,10795,587,89247,3264308,22444,718,288,423,7,-882,22608
2020-12-15,3397039,43484,32102,10795,587,89247,3264308,3441220,44364,32559,11205,600,93473,3303383,44181,880,457,410,13,4226,39075
2020-12-16,3441220,44364,32559,11205,600,93473,3303383,3488769,45442,32947,11883,612,94784,3348543,47549,1078,388,678,12,1311,45160
2020-12-17,3488769,45439,32947,11880,612,94784,3348546,3538840,46453,33610,12209,634,99258,3393129,50071,1014,663,329,22,4474,44583
2020-12-18,3538840,46453,33610,12209,634,99258,3393129,3589795,47515,33982,12888,645,110618,3431662,50955,1062,372,679,11,11360,38533
2020-12-19,3589797,47517,33982,12890,645,110618,3431662,3646247,48570,34334,13577,659,126233,3471444,56450,1053,352,687,14,15615,39782
2020-12-20,3646247,48568,34334,13575,659,126233,3471446,3683094,49665,34722,14269,674,139475,3493954,36847,1097,388,694,15,13242,22508
2020-12-21,3683094,49665,34722,14269,674,139475,3493954,3713861,50591,35155,14738,698,146438,3516832,30767,926,433,469,24,6963,22878
2020-12-22,3713861,50591,35155,14738,698,146438,3516832,3772432,51460,35928,14810,722,151129,3569843,58571,869,773,72,24,4691,53011
2020-12-23,3772430,51458,35928,14808,722,151129,3569843,3826571,52550,36726,15085,739,153109,3620912,54141,1092,798,277,17,1980,51069
2020-12-24,3826570,52548,36726,15083,739,153109,3620913,3882210,53533,37425,15352,756,150533,3678144,55640,985,699,269,17,-2576,57231
2020-12-25,3882210,53529,37425,15348,756,150533,3678148,3939357,54770,38048,15949,773,156789,3727798,57147,1241,623,601,17,6256,49650
2020-12-26,3939357,54770,38048,15949,773,156789,3727798,3969415,55902,38532,16577,793,157012,3756501,30058,1132,484,628,20,223,28703
2020-12-27,3969415,55902,38532,16577,793,157012,3756501,4006412,56872,39040,17024,808,166976,3782564,36997,970,508,447,15,9964,26063
2020-12-28,4006412,56872,39040,17024,808,166976,3782564,4038307,57680,39268,17593,819,169878,3810749,31895,808,228,569,11,2902,28185
2020-12-29,4038307,57679,39268,17592,819,169878,3810750,4098181,58725,40703,17163,859,170962,3868494,59874,1046,1435,-429,40,1084,57744
2020-12-30,4098179,58723,40703,17161,859,170962,3868494,4159522,59773,41435,17459,879,171771,3927978,61343,1050,732,298,20,809,59484
2020-12-31,4159522,59773,41435,17459,879,171771,3927978,4213880,60740,42271,17569,900,170338,3982802,54358,967,836,110,21,-1433,54824
2021-01-01,4213880,60740,42271,17569,900,170338,3982802,4269318,61769,42953,17899,917,176927,4030622,55438,1029,682,330,17,6589,47820
2021-01-02,4269318,61769,42953,17899,917,176927,4030622,4302799,62593,43578,18073,942,179387,4060819,33481,824,625,174,25,2460,30197
2021-01-03,4302798,62587,43578,18067,942,179387,4060824,4340838,63244,44507,17775,962,186472,4091122,38040,657,929,-292,20,7085,30298
2021-01-04,4340838,63244,44507,17775,962,186472,4091122,4376608,64264,45240,18043,981,190732,4121612,35770,1020,733,268,19,4260,30490
2021-01-05,4376608,64264,45240,18043,981,190732,4121612,4439361,64979,46172,17800,1007,193751,4180631,62753,715,932,-243,26,3019,59019
2021-01-06,4439360,64978,46172,17799,1007,193751,4180631,4504868,65818,46995,17796,1027,192082,4246968,65508,840,823,-3,20,-1669,66337
2021-01-07,4504866,65816,46995,17794,1027,192082,4246968,4569809,66686,47649,17991,1046,191762,4311361,64943,870,654,197,19,-320,64393
2021-01-08,4569808,66684,47649,17989,1046,191762,4311362,4630004,67358,48369,17908,1081,190452,4372194,60196,674,720,-81,35,-1310,60832
2021-01-09,4630004,67358,48369,17908,1081,190452,4372194,4689616,67999,49324,17575,1100,185923,4435694,59612,641,955,-333,19,-4529,63500
2021-01-10,4689616,67999,49324,17575,1100,185923,4435694,4723464,68664,50409,17130,1125,191454,4463346,33848,665,1085,-445,25,5531,27652
2021-01-11,4723463,68663,50409,17129,1125,191454,4463346,4751685,69114,52552,15422,1140,189763,4492808,28222,451,2143,-1707,15,-1691,29462
2021-01-12,4751685,69114,52552,15422,1140,189763,4492808,4814085,69651,53569,14917,1165,186770,4557664,62400,537,1017,-505,25,-2993,64856
2021-01-13,4814085,69650,53569,14916,1165,186770,4557665,4872312,70212,54636,14391,1185,182914,4619186,58227,562,1067,-525,20,-3856,61521
2021-01-14,4872312,70204,54636,14383,1185,182914,4619194,4925359,70728,55772,13761,1195,169742,4684889,53047,524,1136,-622,10,-13172,65695
2021-01-15,4925359,70728,55772,13761,1195,169742,4684889,4978075,71241,56536,13488,1217,162323,4744511,52716,513,764,-273,22,-7419,59622
2021-01-16,4978074,71240,56536,13487,1217,162323,4744511,5032270,71820,57554,13030,1236,155639,4804811,54196,580,1018,-457,19,-6684,60300
2021-01-17,5032270,71820,57554,13030,1236,155639,4804811,5061290,72340,58253,12838,1249,159385,4829565,29020,520,699,-192,13,3746,24754
2021-01-18,5061290,72340,58253,12838,1249,159385,4829565,5087220,72729,58723,12742,1264,158035,4856456,25930,389,470,-96,15,-1350,26891
2021-01-19,5087220,72729,58723,12742,1264,158035,4856456,5140326,73115,59468,12364,1283,154345,4912866,53106,386,745,-378,19,-3690,56410
2021-01-20,5140325,73114,59468,12363,1283,154345,4912866,5192129,73518,60180,12038,1300,148141,4970470,51804,404,712,-325,17,-6204,57604
2021-01-21,5192128,73517,60180,12037,1300,148141,4970470,5237608,73918,60846,11756,1316,141070,5022620,45480,401,666,-281,16,-7071,52150
2021-01-22,5237606,73916,60846,11754,1316,141070,5022620,5282224,74262,61415,11519,1328,133132,5074830,44618,346,569,-235,12,-7938,52210
2021-01-23,5282223,74261,61415,11518,1328,133132,5074830,5329707,74692,62044,11311,1337,136629,5118386,47484,431,629,-207,9,3497,43556
2021-01-24,5329707,74692,62044,11311,1337,136629,5118386,5354349,75084,62530,11205,1349,135765,5143500,24642,392,486,-106,12,-864,25114
2021-01-25,5354349,75084,62530,11205,1349,135765,5143500,5376086,75521,62956,11205,1360,134549,5166016,21737,437,426,0,11,-1216,22516
2021-01-26,5376086,75521,62956,11205,1360,134549,5166016,5422768,75875,64793,9711,1371,138624,5208269,46682,354,1837,-1494,11,4075,42253
2021-01-27,5422763,75870,64793,9706,1371,138624,5208269,5469247,76429,65478,9573,1378,138427,5254391,46484,559,685,-133,7,-197,46122
2021-01-28,5469247,76429,65478,9573,1378,138427,5254391,5522189,76926,66016,9524,1386,139424,5305839,52942,497,538,-49,8,997,51448
2021-01-29,5522189,76926,66016,9524,1386,139424,5305839,5569264,77395,66503,9493,1399,142753,5349116,47075,469,487,-31,13,3329,43277
2021-01-30,5569262,77392,66503,9400,1399,142753,5349117,5616530,77850,67121,9315,1414,145795,5392885,47268,458,618,-85,15,3042,43768
2021-01-31,5616530,77850,67121,9315,1414,145795,5392885,5640820,78205,67878,8907,1420,149550,5413065,24290,355,757,-408,6,3755,20180
2021-02-01,5640818,78203,67857,8926,1420,149550,5413065,5661842,78508,68309,8774,1425,149456,5433878,21024,305,452,-152,5,-94,20813
2021-02-02,5661842,78508,68309,8774,1425,149456,5433878,5711413,78844,68775,8634,1435,154265,5478304,49571,336,466,-140,10,4809,44426
2021-02-03,5711413,78844,68775,8634,1435,154265,5478304,5756714,79311,69299,8571,1441,138849,5538554,45301,467,524,-63,6,-15416,60250
2021-02-04,5756714,79311,69299,8571,1441,138849,5538554,5803095,79762,69704,8610,1448,120538,5602795,46381,451,405,39,7,-18311,64241
2021-02-05,5803095,79761,69704,8609,1448,120538,5602796,5847178,80131,70117,8555,1459,107457,5659590,44083,370,413,-54,11,-13081,56794
2021-02-06,5847178,80131,70117,8555,1459,107457,5659590,5893353,80524,70505,8555,1464,97677,5715152,46175,393,388,0,5,-9780,55562
2021-02-07,5893353,80524,70505,8555,1464,97677,5715152,5916975,80896,70865,8560,1471,90751,5745328,23622,372,360,5,7,-6926,30176
2021-02-08,5916975,80896,70865,8560,1471,90751,5745328,5938197,81185,71218,8493,1474,84843,5772169,21222,289,353,-67,3,-5908,26841
2021-02-09,5938197,81184,71218,8492,1474,84843,5772170,5987406,81487,71676,8329,1482,82630,5823289,49209,303,458,-163,8,-2213,51119
2021-02-10,5987405,81486,71676,8328,1482,82630,5823289,6030023,81930,72226,8218,1486,80076,5868017,42618,444,550,-110,4,-2554,44728
2021-02-11,6030023,81930,72226,8218,1486,80076,5868017,6070008,82434,72638,8300,1496,81614,5905960,39985,504,412,82,10,1538,37943
2021-02-12,6070008,82434,72638,8300,1496,81614,5905960,6093369,82837,72936,8394,1507,80861,5929671,23361,403,298,94,11,-753,23711
2021-02-13,6093369,82837,72936,8394,1507,80861,5929671,6115337,83199,73227,8458,1514,70251,5961887,21968,362,291,64,7,-10610,32216
2021-02-14,6115337,83199,73227,8458,1514,70251,5961887,6140086,83525,73559,8444,1522,78200,5978361,24749,326,332,-14,8,7949,16474
2021-02-15,6140086,83525,73559,8444,1522,78200,5978361,6162860,83869,73794,8548,1527,80146,5998845,22774,344,235,104,5,1946,20484
2021-02-16,6162860,83868,73794,8547,1527,80146,5998846,6213490,84325,74551,8240,1534,76897,6052268,50630,457,757,-307,7,-3249,53422
2021-02-17,6213490,84325,74551,8240,1534,76897,6052268,6260567,84946,75360,8048,1538,72410,6103211,47077,621,809,-192,4,-4487,50943
2021-02-18,6260567,84946,75360,8048,1538,72410,6103211,6303214,85567,75896,8127,1544,70720,6146927,42647,621,536,79,6,-1690,43716
2021-02-19,6303214,85567,75896,8127,1544,70720,6146927,6345992,86128,76513,8065,1550,71116,6188748,42778,561,614,-62,6,396,41821
2021-02-20,6345992,86128,76513,8065,1550,71116,6188748,6390629,86574,77083,7938,1553,76137,6227918,44637,446,570,-127,3,5021,39170
2021-02-21,6390631,86576,77083,7940,1553,76137,6227918,6411340,86992,77516,7919,1557,73356,6250992,20709,416,433,-21,4,-2781,23074
2021-02-22,6411340,86992,77516,7919,1557,73356,6250992,6429144,87324,77887,7875,1562,72461,6269359,17804,332,371,-44,5,-895,18367
2021-02-23,6429144,87324,77887,7875,1562,72461,6269359,6472679,87681,78394,7714,1573,74065,6310933,43535,357,507,-161,11,1604,41574
2021-02-24,6472679,87680,78394,7713,1573,74065,6310934,6510988,88120,79050,7494,1576,74988,6347880,38309,440,656,-219,3,923,36946
2021-02-25,6510988,88120,79050,7494,1576,74988,6347880,6551214,88516,79487,7448,1581,68672,6394026,40226,396,437,-46,5,-6316,46146
2021-02-26,6551214,88516,79487,7448,1581,68672,6394026,6590066,88922,79880,7457,1585,68942,6432202,38852,406,393,9,4,270,38176
2021-02-27,6590066,88906,79880,7441,1585,68942,6432218,6627215,89321,80333,7393,1595,68989,6468905,37149,415,453,-48,10,47,36687
2021-02-28,6627215,89320,80333,7392,1595,68989,6468906,6649006,89676,80697,7376,1603,72889,6486441,21791,356,364,-16,8,3900,17535
2021-03-01,6649006,89674,80697,7374,1603,72889,6486443,6665755,90029,81070,7354,1605,73745,6501981,16749,355,373,-20,2,856,15538
2021-03-02,6665755,90028,81070,7353,1605,73745,6501982,6681976,90372,81338,7428,1606,73432,6518172,16221,344,268,75,1,-313,16190
2021-03-03,6681976,90372,81338,7428,1606,73432,6518172,6716203,90816,81700,7504,1612,65867,6559520,34227,444,362,76,6,-7565,41348
2021-03-04,6716203,90816,81700,7504,1612,65867,6559520,6751900,91240,82162,7459,1619,60089,6600571,35697,424,462,-45,7,-5778,41051
2021-03-05,6751900,91240,82162,7459,1619,60089,6600571,6789011,91638,82560,7451,1627,63707,6633666,37111,398,398,-8,8,3618,33095
2021-03-06,6789011,91637,82560,7450,1627,63707,6633667,6821943,92055,82913,7510,1632,65171,6664717,32932,418,353,60,5,1464,31050
2021-03-07,6821943,92055,82913,7510,1632,65171,6664717,6843126,92471,83220,7617,1634,66396,6684259,21183,416,307,107,2,1225,19542
2021-03-08,6843126,92471,83220,7617,1634,66396,6684259,6861809,92817,83474,7701,1642,67394,6701598,18683,346,254,84,8,998,17339
2021-03-09,6861809,92817,83474,7701,1642,67394,6701598,6902984,93263,83900,7718,1645,70501,6739220,41175,446,426,17,3,3107,37622
2021-03-10,6902984,93263,83900,7718,1645,70501,6739220,6938884,93733,84312,7773,1648,70278,6774873,35900,470,412,55,3,-223,35653
2021-03-11,6938884,93733,84312,7773,1648,70278,6774873,6976985,94198,84675,7871,1652,68248,6814539,38101,465,363,98,4,-2030,39666
2021-03-12,6976985,94198,84675,7871,1652,68248,6814539,7012664,94686,85743,7281,1662,68738,6849240,35679,488,1068,-590,10,490,34701
2021-03-13,7012664,94686,85743,7281,1662,68738,6849240,7046782,95176,86625,6884,1667,67874,6883732,34118,490,882,-397,5,-864,34492
2021-03-14,7046782,95176,86625,6884,1667,67874,6883732,7066401,95635,87408,6558,1669,69843,6900923,19619,459,783,-326,2,1969,17191
2021-03-15,7066401,95635,87408,6558,1669,69843,6900923,7084940,96017,87754,6588,1675,71590,6917333,18539,382,346,30,6,1747,16410
2021-03-16,7084940,96017,87754,6588,1675,71590,6917333,7126077,96380,88255,6447,1678,78044,6951653,41137,363,501,-141,3,6454,34320
2021-03-17,7126077,96380,88255,6447,1678,78044,6951653,7171510,96849,88814,6349,1686,83462,6991199,45433,469,559,-98,8,5418,39546
2021-03-18,7171510,96849,88814,6349,1686,83462,6991199,7218087,97294,89178,6428,1688,89722,7031071,46577,445,364,79,2,6260,39872
2021-03-19,7218087,97294,89178,6428,1688,89722,7031071,7264941,97757,89523,6544,1690,88341,7078843,46854,463,345,116,2,-1381,47772
2021-03-20,7264941,97757,89523,6544,1690,88341,7078843,7308950,98209,89949,6567,1693,93018,7117723,44009,452,426,23,3,4677,38880
2021-03-21,7308950,98209,89949,6567,1693,93018,7117723,7332714,98665,90328,6641,1696,98308,7135741,23764,456,379,74,3,5290,18018
2021-03-22,7332714,98660,90328,6636,1696,98308,7135746,7355964,99075,90611,6767,1697,103132,7153757,23250,415,283,131,1,4824,18011
2021-03-23,7355964,99075,90611,6767,1697,103132,7153757,7400990,99421,91079,6638,1704,100172,7201397,45026,346,468,-129,7,-2960,47640
2021-03-24,7400990,99418,91079,6635,1704,100172,7201400,7441210,99846,91560,6579,1707,94326,7247038,40220,428,481,-56,3,-5846,45638
2021-03-25,7441210,99846,91560,6579,1707,94326,7247038,7485859,100276,92068,6499,1709,86983,7298600,44649,430,508,-80,2,-7343,51562
2021-03-26,7485859,100276,92068,6499,1709,86983,7298600,7529403,100770,92630,6424,1716,77409,7351224,43544,494,562,-75,7,-9574,52624
2021-03-27,7529403,100770,92630,6424,1716,77409,7351224,7572568,101275,93475,6079,1721,75174,7396119,43165,505,845,-345,5,-2235,44895
2021-03-28,7572568,101275,93475,6079,1721,75174,7396119,7595596,101757,93855,6180,1722,78605,7415234,23028,482,380,101,1,3431,19115
2021-03-29,7595596,101757,93855,6180,1722,78605,7415234,7616331,102141,94124,6291,1726,78938,7435252,20735,384,269,111,4,333,20018
2021-03-30,7616330,102135,94124,6285,1726,78938,7435257,7663999,102582,94563,6290,1729,78424,7482993,47669,447,439,5,3,-514,47736
2021-03-31,7663999,102582,94563,6290,1729,78424,7482993,7707800,103088,95030,6327,1731,71302,7533410,43801,506,467,37,2,-7122,50417
2021-04-01,7707800,103088,95030,6327,1731,71302,7533410,7747303,103639,95439,6465,1735,68659,7575005,39503,551,409,138,4,-2643,41595
2021-04-02,7747303,103636,95439,6462,1735,68659,7575008,7788295,104194,95861,6596,1737,70752,7613349,40992,558,422,134,2,2093,38341
2021-04-03,7788295,104193,95861,6595,1737,70752,7613350,7829601,104736,96196,6800,1740,75288,7649577,41306,543,335,205,3,4536,36227
2021-04-04,7829601,104736,96196,6800,1740,75288,7649577,7849476,105279,96589,6946,1744,79799,7664398,19875,543,393,146,4,4511,14821
2021-04-05,7849476,105279,96589,6946,1744,79799,7664398,7868820,105752,96900,7104,1748,80497,7682571,19344,473,311,158,4,698,18173
2021-04-06,7868820,105752,96900,7104,1748,80497,7682571,7921290,106230,97363,7115,1752,79155,7735905,52470,478,463,11,4,-1342,53334
2021-04-07,7921290,106230,97363,7115,1752,79155,7735905,7966167,106898,97928,7214,1756,74642,7784627,44877,668,565,99,4,-4513,48722
2021-04-08,7966167,106898,97928,7214,1756,74642,7784627,8012421,107598,98360,7480,1758,77994,7826829,46254,700,432,266,2,3352,42202
2021-04-09,8012421,107598,98360,7480,1758,77994,7826829,8059113,108269,98786,7719,1764,81912,7868932,46692,671,426,239,6,3918,42103
2021-04-10,8059113,108268,98786,7718,1764,81912,7868933,8106630,108945,99301,7879,1765,90014,7907671,47517,677,515,161,1,8102,38738
2021-04-11,8106630,108945,99301,7879,1765,90014,7907671,8129532,109559,100109,7682,1768,91909,7928064,22902,614,808,-197,3,1895,20393
2021-04-12,8129532,109559,100109,7682,1768,91909,7928064,8152783,110146,100804,7572,1770,95248,7947389,23251,587,695,-110,2,3339,19325
2021-04-13,8152783,110146,100804,7572,1770,95248,7947389,8200519,110688,101332,7581,1775,85584,8004247,47736,542,528,9,5,-9664,56858
2021-04-14,8200519,110688,101332,7581,1775,85584,8004247,8245388,111419,101983,7654,1782,74627,8059342,44869,731,651,73,7,-10957,55095
2021-04-15,8245388,111419,101983,7654,1782,74627,8059342,8291126,112117,102513,7816,1788,70221,8108788,45738,698,530,162,6,-4406,49446
2021-04-16,8291125,112116,102513,7815,1788,70221,8108788,8333332,112789,103062,7937,1790,70883,8149660,42207,673,549,122,2,662,40872
2021-04-17,8333332,112786,103062,7934,1790,70883,8149663,8377779,113444,103594,8056,1794,71039,8193296,44447,658,532,122,4,156,43633
2021-04-18,8377779,113443,103594,8055,1794,71039,8193297,8396067,114115,104006,8312,1797,72191,8209761,18288,672,412,257,3,1152,16464
2021-04-19,8396066,114114,104006,8311,1797,72191,8209761,8414821,114646,104474,8371,1801,70763,8229412,18755,532,468,60,4,-1428,19651
2021-04-20,8414821,114646,104474,8371,1801,70763,8229412,8458592,115195,105227,8166,1802,66590,8276807,43771,549,753,-205,1,-4173,47395
2021-04-21,8458592,115195,105227,8166,1802,66590,8276807,8497594,115926,105877,8243,1806,67211,8314457,39002,731,650,77,4,621,37650
2021-04-22,8497594,115926,105877,8243,1806,67211,8314457,8537505,116661,106459,8394,1808,67139,8353705,39911,735,582,151,2,-72,39248
2021-04-23,8537505,116661,106459,8394,1808,67139,8353705,8583530,117458,107071,8576,1811,69939,8396133,46025,797,612,182,3,2800,42428
2021-04-24,8583530,117458,107071,8576,1811,69939,8396133,8632923,118243,107781,8650,1812,78269,8436411,49393,785,710,74,1,8330,40278
2021-04-25,8632923,118243,107781,8650,1812,78269,8436411,8654791,118887,108475,8599,1813,77560,8458344,21868,644,694,-51,1,-709,21933
2021-04-26,8654791,118887,108475,8599,1813,77560,8458344,8672979,119387,108850,8720,1817,78084,8475508,18188,500,375,121,4,524,17164
2021-04-27,8672978,119386,108850,8719,1817,78084,8475508,8721609,119898,109695,8383,1820,76508,8525203,48631,512,845,-336,3,-1576,49695
2021-04-28,8721609,119898,109695,8383,1820,76508,8525203,8766498,120673,110248,8604,1821,77166,8568659,44889,775,553,221,1,658,43456
2021-04-29,8766497,120671,110248,8602,1821,77166,8568660,8805779,121351,110787,8739,1825,80392,8604036,39282,680,539,137,4,3226,35376
2021-04-30,8805779,121346,110787,8734,1825,80392,8604041,8848292,122007,111422,8757,1828,82511,8643774,42513,661,635,23,3,2119,39733
2021-05-01,8848292,122007,111422,8757,1828,82511,8643774,8883388,122634,112337,8466,1831,85212,8675542,35096,627,915,-291,3,2701,31768
2021-05-02,8883388,122634,112337,8466,1831,85212,8675542,8898234,123240,112865,8542,1833,86607,8688387,14846,606,528,76,2,1395,12845
2021-05-03,8898234,123240,112865,8542,1833,86607,8688387,8915326,123728,113356,8538,1834,89022,8702576,17092,488,491,-4,1,2415,14189
2021-05-04,8915326,123728,113356,8538,1834,89022,8702576,8957155,124269,114128,8301,1840,78096,8754790,41829,541,772,-237,6,-10926,52214
2021-05-05,8957155,124269,114128,8301,1840,78096,8754790,8994069,124945,114944,8154,1847,78995,8790129,36914,676,816,-147,7,899,35339
2021-05-06,8994069,124945,114944,8154,1847,78995,8790129,9010992,125519,115491,8177,1851,77055,8808418,16923,574,547,23,4,-1940,18289
2021-05-07,9010992,125519,115491,8177,1851,77055,8808418,9051354,126044,116022,8162,1860,78896,8846414,40362,525,531,-15,9,1841,37996
2021-05-08,9051354,126044,116022,8162,1860,78896,8846414,9089166,126745,116881,7999,1865,78259,8884162,37812,701,859,-163,5,-637,37748
2021-05-09,9089166,126745,116881,7999,1865,78259,8884162,9105771,127309,117423,8012,1874,81280,8897182,16605,564,542,13,9,3021,13020
2021-05-10,9105771,127309,117423,8012,1874,81280,8897182,9122059,127772,117844,8053,1875,83398,8910889,16288,463,421,41,1,2118,13707
2021-05-11,9122059,127772,117844,8053,1875,83398,8910889,9164284,128283,118717,7687,1879,84628,8951373,42225,511,873,-366,4,1230,40484
2021-05-12,9164284,128283,118717,7687,1879,84628,8951373,9201539,128918,119373,7661,1884,84279,8988342,37255,635,656,-26,5,-349,36969
2021-05-13,9201539,128918,119373,7661,1884,84279,8988342,9241153,129633,119906,7836,1891,87517,9024003,39614,715,533,175,7,3238,35661
2021-05-14,9241153,129633,119906,7836,1891,87517,9024003,9281291,130380,120395,8092,1893,95208,9055703,40138,747,489,256,2,7691,31700
2021-05-15,9281291,130380,120395,8092,1893,95208,9055703,9319094,131061,121282,7883,1896,99216,9088817,37803,681,887,-209,3,4008,33114
2021-05-16,9319094,131061,121282,7883,1896,99216,9088817,9336614,131671,121764,8007,1900,101663,9103280,17520,610,482,124,4,2447,14463
2021-05-17,9336614,131671,121764,8007,1900,101663,9103280,9353300,132290,122163,8224,1903,101804,9119206,16686,619,399,217,3,141,15926
2021-05-18,9353300,132290,122163,8224,1903,101804,9119206,9395004,132818,122631,8283,1904,103413,9158773,41704,528,468,59,1,1609,39567
2021-05-19,9395004,132817,122631,8282,1904,103413,9158774,9428644,133471,123237,8322,1912,104494,9190679,33640,654,606,40,8,1081,31905
2021-05-20,9428644,133471,123237,8322,1912,104494,9190679,9447358,134117,123659,8542,1916,108873,9204368,18714,646,422,220,4,4379,13689
2021-05-21,9447358,134117,123659,8542,1916,108873,9204368,9487108,134678,124158,8598,1922,114144,9238286,39750,561,499,56,6,5271,33918
2021-05-22,9487108,134678,124158,8598,1922,114144,9238286,9520966,135344,125032,8386,1926,117558,9268064,33858,666,874,-212,4,3414,29778
2021-05-23,9520966,135344,125032,8386,1926,117558,9268064,9536299,135929,125881,8117,1931,122235,9278135,15333,585,849,-269,5,4677,10071
2021-05-24,9536299,135929,125881,8117,1931,122235,9278135,9553613,136467,126427,8106,1934,120704,9296442,17314,538,546,-11,3,-1531,18307
2021-05-25,9553613,136467,126427,8106,1934,120704,9296442,9592727,136983,126993,8052,1938,117098,9338646,39114,516,566,-54,4,-3606,42204
2021-05-26,9592727,136975,126993,8044,1938,117098,9338654,9629458,137682,127582,8160,1940,121069,9370707,36731,707,589,116,2,3971,32053
2021-05-27,9629458,137682,127574,8160,1940,121069,9370707,9665693,138311,128180,8188,1943,122659,9404723,36235,629,606,28,3,1590,34016
2021-05-28,9665693,138311,128180,8188,1943,122659,9404723,9702456,138898,128761,8191,1946,122872,9440686,36763,587,581,3,3,213,35963
2021-05-29,9702456,138898,128759,8193,1946,122872,9440686,9733591,139431,129739,7741,1951,123790,9470370,31135,533,980,-452,5,918,29684
2021-05-30,9733590,139430,129739,7740,1951,123790,9470370,9747614,139910,130381,7572,1957,126493,9481211,14024,480,642,-168,6,2703,10841
2021-05-31,9747614,139910,130381,7572,1957,126493,9481211,9761158,140340,130823,7558,1959,127953,9492865,13544,430,442,-14,2,1460,11654
2021-06-01,9761158,140340,130823,7558,1959,127953,9492865,9798402,140799,131463,7373,1963,127612,9529991,37244,459,640,-185,4,-341,37126
2021-06-02,9798402,140799,131463,7373,1963,127612,9529991,9834350,141476,132068,7443,1965,128917,9563957,35948,677,605,70,2,1305,33966
2021-06-03,9834350,141476,132068,7443,1965,128917,9563957,9872324,142157,132699,7490,1968,129822,9600345,37974,681,631,47,3,905,36388
2021-06-04,9872324,142157,132699,7490,1968,129822,9600345,9911324,142852,133289,7594,1969,133844,9634628,39000,695,590,104,1,4022,34283
2021-06-05,9911324,142852,133289,7594,1969,133844,9634628,9945954,143596,133763,7862,1971,137164,9665194,34630,744,474,268,2,3320,30566
2021-06-06,9945954,143596,133763,7862,1971,137164,9665194,9959697,144152,134262,7917,1973,136465,9679080,13743,556,499,55,2,-699,13886
2021-06-07,9959697,144152,134262,7917,1973,136465,9679080,9972297,144637,134861,7802,1974,136526,9691134,12600,485,599,-115,1,61,12054
2021-06-08,9972297,144637,134861,7802,1974,136526,9691134,10008584,145091,135412,7704,1975,139260,9724233,36287,454,551,-98,1,2734,33099
2021-06-09,10008583,145090,135412,7703,1975,139260,9724233,10044783,145692,136174,7541,1977,131424,9767667,36200,602,762,-162,2,-7836,43434
2021-06-10,10044783,145692,136174,7541,1977,131424,9767667,10076862,146303,136713,7611,1979,130327,9800232,32079,611,539,70,2,-1097,32565
2021-06-11,10076862,146303,136713,7611,1979,130327,9800232,10111064,146859,137224,7654,1981,133753,9830452,34202,556,511,43,2,3426,30220
2021-06-12,10111064,146857,137224,7652,1981,133753,9830454,10140535,147422,138037,7403,1982,122200,9870913,29471,565,813,-249,1,-11553,40459
2021-06-13,10140535,147422,138037,7403,1982,122200,9870913,10152907,147874,138581,7308,1985,124517,9880516,12372,452,544,-95,3,2317,9603
2021-06-14,10152907,147874,138581,7308,1985,124517,9880516,10165497,148273,139022,7263,1988,123424,9893800,12590,399,441,-45,3,-1093,13284
2021-06-15,10165497,148273,139022,7263,1988,123424,9893800,10196470,148647,139733,6922,1992,123664,9924159,30973,374,711,-341,4,240,30359
2021-06-16,10196469,148646,139733,6921,1992,123664,9924159,10229384,149191,140438,6760,1993,118764,9961429,32915,545,705,-161,1,-4900,37270
2021-06-17,10229384,149191,140438,6760,1993,118764,9961429,10257836,149731,141029,6708,1994,121319,9986786,28452,540,591,-52,1,2555,25357
2021-06-18,10257836,149731,141029,6708,1994,121319,9986786,10294048,150238,141816,6426,1996,125837,10017973,36212,507,787,-282,2,4518,31187
2021-06-19,10294048,150238,141816,6426,1996,125837,10017973,10323154,150720,142385,6338,1997,128721,10043713,29106,482,569,-88,1,2884,25740
2021-06-20,10323154,150720,142385,6338,1997,128721,10043713,10335634,151149,142899,6248,2002,131062,10053423,12480,429,514,-90,5,2341,9710
2021-06-21,10335634,151149,142899,6248,2002,131062,10053423,10346047,151506,143268,6234,2004,128433,10066108,10413,357,369,-14,2,-2629,12685
2021-06-22,10346047,151506,143268,6234,2004,128433,10066108,10380043,151901,143817,6078,2006,127127,10101015,33996,395,549,-156,2,-1306,34907
2021-06-23,10380043,151900,143817,6077,2006,127127,10101016,10409949,152545,144379,6159,2007,129791,10127613,29906,645,562,82,1,2664,26597
2021-06-24,10409949,152545,144379,6159,2007,129791,10127613,10438782,153155,144788,6359,2008,120971,10164656,28833,610,409,200,1,-8820,37043
2021-06-25,10438782,153155,144788,6359,2008,120971,10164656,10466545,153789,145389,6391,2009,122188,10190568,27763,634,601,32,1,1217,25912
2021-06-26,10466545,153789,145389,6391,2009,122188,10190568,10495516,154457,145989,6456,2012,114573,10226486,28971,668,600,65,3,-7615,35918
2021-06-27,10495516,154457,145989,6456,2012,114573,10226486,10508678,155071,146340,6718,2013,116376,10237231,13162,614,351,262,1,1803,10745
2021-06-28,10508678,155071,146340,6718,2013,116376,10237231,10520929,155572,146675,6882,2015,114843,10250514,12251,501,335,164,2,-1533,13283
2021-06-29,10520929,155572,146675,6882,2015,114843,10250514,10555741,156167,147077,7073,2017,116858,10282716,34812,595,402,191,2,2015,32202
2021-06-30,10555741,156167,147077,7073,2017,116858,10282716,10579072,156961,147693,7250,2018,114110,10308001,23331,794,616,177,1,-2748,25285
2021-07-01,10579072,156961,147693,7250,2018,114110,10308001,10614317,157723,148024,7678,2021,124925,10331669,35245,762,331,428,3,10815,23668
2021-07-02,10614317,157723,148024,7678,2021,124925,10331669,10641603,158549,148319,8206,2024,130666,10352388,27286,826,295,528,3,5741,20719
2021-07-03,10641602,158548,148319,8205,2024,130666,10352388,10670617,159342,149132,8185,2025,133909,10377366,29015,794,813,-20,1,3243,24978
2021-07-04,10670617,159341,149132,8184,2025,133909,10377367,10685125,160084,149614,8444,2026,136297,10388744,14508,743,482,260,1,2388,11377
2021-07-05,10685125,160084,149614,8444,2026,136297,10388744,10700134,160795,150044,8723,2028,134893,10404446,15009,711,430,279,2,-1404,15702
2021-07-06,10700134,160795,150044,8723,2028,134893,10404446,10735716,161541,150760,8749,2032,141699,10432476,35582,746,716,26,4,6806,28030
2021-07-07,10735716,161541,150760,8749,2032,141699,10432476,10766502,162753,151500,9220,2033,142748,10461001,30786,1212,740,471,1,1049,28525
2021-07-08,10766502,162753,151500,9220,2033,142748,10461001,10802782,164028,151923,10071,2034,151158,10487596,36280,1275,423,851,1,8410,26595
2021-07-09,10802782,164028,151923,10071,2034,151158,10487596,10844217,165344,152498,10810,2036,160468,10518405,41435,1316,575,739,2,9310,30809
2021-07-10,10844217,165344,152498,10810,2036,160468,10518405,10881640,166722,153153,11531,2038,169719,10545199,37423,1378,655,721,2,9251,26794
2021-07-11,10881640,166722,153153,11531,2038,169719,10545199,10902278,168046,153760,12243,2043,176062,10558170,20638,1324,607,712,5,6343,12971
2021-07-12,10902278,168046,153760,12243,2043,176062,10558170,10919898,169146,154187,12915,2044,174671,10576081,17620,1100,427,672,1,-1391,17911
2021-07-13,10919898,169146,154187,12915,2044,174671,10576081,10964299,170296,154752,13498,2046,179130,10614873,44401,1150,565,583,2,4459,38792
2021-07-14,10964299,170296,154752,13498,2046,179130,10614873,11008859,171911,155491,14372,2048,181905,10655043,44560,1615,739,874,2,2775,40170
2021-07-15,11008859,171911,155491,14372,2048,181905,10655043,11060456,173511,156509,14952,2050,204479,10682466,51597,1600,1018,580,2,22574,27423
2021-07-16,11060455,173510,156509,14951,2050,204479,10682467,11108584,175046,157113,15882,2051,218192,10715346,48128,1536,604,931,1,13713,32879
2021-07-17,11108584,175045,157113,15881,2051,218192,10715347,11149226,176500,157960,16485,2055,227636,10745090,40642,1455,847,604,4,9444,29743
2021-07-18,11149226,176497,157960,16482,2055,227636,10745093,11175981,177951,158953,16941,2057,235438,10762592,26755,1454,993,459,2,7802,17499
2021-07-19,11175981,177951,158953,16941,2057,235438,10762592,11202434,179203,159630,17515,2058,240689,10782542,26453,1252,677,574,1,5251,19950
2021-07-20,11202434,179203,159630,17515,2058,240689,10782542,11251987,180481,160347,18075,2059,244671,10826835,49553,1278,717,560,1,3982,44293
2021-07-21,11251987,180481,160347,18075,2059,244671,10826835,11298677,182265,161634,18571,2060,252187,10864225,46690,1784,1287,496,1,7516,37390
2021-07-22,11298673,182261,161634,18567,2060,252187,10864225,11343918,184103,163073,18967,2063,269496,10890319,45245,1842,1439,400,3,17309,26094
2021-07-23,11343918,184103,163073,18967,2063,269496,10890319,11388305,185733,164206,19461,2066,278011,10924561,44387,1630,1133,494,3,8515,34242
2021-07-24,11388305,185733,164206,19461,2066,278011,10924561,11430525,187362,165246,20048,2068,274697,10968466,42220,1629,1040,587,2,-3314,43905
2021-07-25,11430525,187361,165246,20047,2068,274697,10968467,11453347,188848,166375,20400,2073,274761,10989738,22822,1487,1129,353,5,64,21271
2021-07-26,11453347,188848,166375,20400,2073,274761,10989738,11472346,190166,167365,20724,2077,281003,11001177,18999,1318,990,324,4,6242,11439
2021-07-27,11472346,190166,167365,20724,2077,281003,11001177,11528609,191531,168629,20823,2079,309414,11027664,56263,1365,1264,99,2,28411,26487
2021-07-28,11528609,191531,168629,20823,2079,309414,11027664,11585615,193427,170494,20850,2083,323954,11068234,57006,1896,1865,27,4,14540,40570
2021-07-29,11585613,193425,170494,20848,2083,323954,11068234,11637506,195099,171559,21455,2085,342326,11100081,51893,1674,1065,607,2,18372,31847
2021-07-30,11637506,195096,171559,21452,2085,342326,11100084,11681261,196806,172757,21960,2089,357215,11128947,43755,1710,1198,508,4,14889,28863
2021-07-31,11682968,196806,172757,21960,2089,357215,11128947,11728821,198345,174177,22073,2095,369201,11161275,45853,1539,1420,113,6,11986,32328
2021-08-01,11728821,198345,174177,22073,2095,369201,11161275,11751786,199787,175674,22015,2098,378600,11173399,22965,1442,1497,-58,3,9399,12124
2021-08-02,11751785,199783,175674,22011,2098,378600,11173402,11772605,201002,176605,22298,2099,387170,11184433,20820,1219,931,287,1,8570,11031
2021-08-03,11772604,201001,176605,22297,2099,387170,11184433,11820016,202203,177909,22190,2104,398300,11219513,47412,1202,1304,-107,5,11130,35080
2021-08-04,11820016,202201,177909,22188,2104,398300,11219515,11864245,203926,179123,22697,2106,397889,11262430,44229,1725,1214,509,2,-411,42915
2021-08-05,11864245,203926,179123,22697,2106,397889,11262430,11908436,205702,180719,22874,2109,415489,11287245,44191,1776,1596,177,3,17600,24815
2021-08-06,11908436,205702,180719,22874,2109,415489,11287245,11951652,207406,182052,23241,2113,427050,11317196,43216,1704,1333,367,4,11561,29951
2021-08-07,11951651,207405,182052,23240,2113,427050,11317196,11995928,209228,183789,23323,2116,444937,11341763,44277,1823,1737,83,3,17887,24567
2021-08-08,11995928,209227,183789,23322,2116,444937,11341764,12027443,210956,185003,23832,2121,466279,11350208,31515,1729,1214,510,5,21342,8444
2021-08-09,12027443,210956,185003,23832,2121,466279,11350208,12057831,212448,186242,24081,2125,467508,11377875,30388,1492,1239,249,4,1229,27667
2021-08-10,12057831,212447,186242,24080,2125,467508,11377876,12112086,213987,187523,24330,2134,465922,11432177,54255,1540,1281,250,9,-1586,54301
2021-08-11,12112086,213983,187523,24326,2134,465922,11432181,12156200,216206,189506,24565,2135,488067,11451927,44114,2223,1983,239,1,22145,19746
2021-08-12,12156199,216205,189506,24564,2135,488067,11451927,12207042,218192,190535,25519,2138,510096,11478754,50843,1987,1029,955,3,22029,26827
2021-08-13,12207042,218192,190535,25519,2138,510096,11478754,12257967,220182,192248,25790,2144,539535,11498250,50925,1990,1713,271,6,29439,19496
2021-08-14,12257966,220181,192248,25789,2144,539535,11498250,12309280,222111,193778,26185,2148,562705,11524464,51314,1930,1530,396,4,23170,26214
2021-08-15,12309280,222111,193778,26185,2148,562705,11524464,12344718,223928,195103,26669,2156,585131,11535659,35438,1817,1325,484,8,22426,11195
2021-08-16,12344718,223925,195103,26666,2156,585131,11535662,12372777,225481,196198,27116,2167,595225,11552071,28059,1556,1095,450,11,10094,16409
2021-08-17,12372777,225481,196198,27116,2167,595225,11552071,12404977,226854,197224,27457,2173,620680,11557443,32200,1373,1026,341,6,25455,5372
2021-08-18,12404976,226852,197224,27455,2173,620680,11557444,12461685,228657,199582,26897,2178,634727,11598301,56709,1805,2358,-558,5,14047,40857
2021-08-19,12461685,228656,199582,26896,2178,634727,11598302,12518704,230808,201235,27382,2191,652740,11635156,57019,2152,1653,486,13,18013,36854
2021-08-20,12518704,230807,201235,27381,2191,652740,11635157,12567009,232859,202775,27887,2197,659590,11674560,48305,2052,1540,506,6,6850,39403
2021-08-21,12567009,232859,202775,27887,2197,659590,11674560,12632601,234739,204518,28019,2202,667998,11729864,65592,1880,1743,132,5,8408,55304
2021-08-22,12632601,234738,204518,28018,2202,667998,11729865,12664343,236366,206276,27875,2215,678447,11749530,31742,1628,1758,-143,13,10449,19665
2021-08-23,12664342,236364,206276,27873,2215,678447,11749531,12694029,237782,207601,27959,2222,689243,11767004,29687,1418,1325,86,7,10796,17473
2021-08-24,12694025,237778,207601,27955,2222,689243,11767004,12749758,239287,209193,27866,2228,688192,11822279,55733,1509,1592,-89,6,-1051,55275
2021-08-25,12749756,239284,209193,27866,2228,688192,11822280,12806613,241439,211177,28025,2237,697586,11867588,56857,2155,1984,162,9,9394,45308
2021-08-26,12806613,241435,211177,28021,2237,697586,11867592,12866802,243317,212871,28189,2257,710599,11912886,60189,1882,1694,168,20,13013,45294
2021-08-27,12866802,243317,212871,28189,2257,710599,11912886,12927795,245158,214673,28220,2265,718479,11964158,60993,1841,1802,31,8,7880,51272
2021-08-28,12927795,245158,214673,28220,2265,718479,11964158,12983492,246951,216989,27686,2276,743177,11993364,55697,1793,2316,-534,11,24698,29206
2021-08-29,12983492,246949,216989,27684,2276,743177,11993366,13015927,248568,218726,27563,2279,762594,12004765,32435,1619,1737,-121,3,19417,11399
2021-08-30,13015927,248564,218726,27559,2279,762594,12004769,13049684,250051,220358,27409,2284,766807,12032826,33757,1487,1632,-150,5,4213,28057
2021-08-31,13049683,250049,220358,27407,2284,766807,12032827,13094718,251421,221701,27435,2285,751241,12092056,45035,1372,1343,28,1,-15566,59229
2021-09-01,13094717,251420,221701,27434,2285,751241,12092056,13152146,253445,224319,26834,2292,780979,12117722,57429,2025,2618,-600,7,29738,25666
2021-09-02,13152143,253440,224319,26829,2292,780979,12117724,13223515,255401,226222,26876,2303,819939,12148175,71372,1961,1903,47,11,38960,30451
2021-09-03,13223515,255401,226222,26876,2303,819939,12148175,13286682,257110,228618,26184,2308,825198,12204374,63167,1709,2396,-692,5,5259,56199
2021-09-04,13286681,257109,228618,26183,2308,825198,12204374,13350361,258913,230405,26193,2315,850535,12240913,63680,1804,1787,10,7,25337,36539
2021-09-05,13350361,258913,230405,26193,2315,850535,12240913,13382738,260403,232334,25748,2321,874694,12247641,32377,1490,1929,-445,6,24159,6728
2021-09-06,13382738,260403,232334,25748,2321,874694,12247641,13416748,261778,233695,25756,2327,891318,12263652,34010,1375,1361,8,6,16624,16011
2021-09-07,13416747,261777,233695,25755,2327,891318,12263652,13468416,263374,235225,25819,2330,886983,12318059,51669,1597,1530,64,3,-4335,54407
2021-09-08,13468415,263373,235225,25818,2330,886983,12318059,13519670,265423,237286,25803,2334,898494,12355753,51255,2050,2061,-15,4,11511,37694
2021-09-09,13519670,265421,237286,25801,2334,898496,12355753,13568873,267470,238920,26207,2343,897924,12403479,49203,2049,1634,406,9,-572,47726
2021-09-10,13568873,267470,238920,26207,2343,897924,12403479,13615058,269362,240733,26281,2348,888674,12457022,46185,1892,1813,74,5,-9250,53543
2021-09-11,13615058,269362,240733,26281,2348,888674,12457022,13665463,271227,242960,25909,2358,895077,12499159,50405,1865,2227,-372,10,6403,42137
2021-09-12,13665463,271227,242960,25909,2358,895077,12499159,13704176,272982,244459,26164,2359,910419,12520775,38713,1755,1499,255,1,15342,21616
2021-09-13,13704176,272982,244459,26164,2359,910419,12520775,13735743,274415,245505,26550,2360,925739,12535589,31567,1433,1046,386,1,15320,14814
2021-09-14,13735741,274413,245505,26548,2360,925739,12535589,13790229,275910,247647,25896,2367,914400,12599919,54488,1497,2142,-652,7,-11339,64330
2021-09-15,13790228,275909,247647,25895,2367,914400,12599919,13839091,277989,249833,25776,2380,914120,12646982,48863,2080,2186,-119,13,-280,47063
2021-09-16,13839090,277987,249833,25774,2380,914120,12646983,13890503,279930,252038,25506,2386,920101,12690472,51413,1943,2205,-268,6,5981,43489
2021-09-17,13890503,279930,252038,25506,2386,920101,12690472,13938959,281938,254094,25455,2389,921233,12735788,48456,2008,2056,-51,3,1132,45316
2021-09-18,13938956,281935,254094,25452,2389,921233,12735788,13986616,284022,256029,25599,2394,917857,12784737,47660,2087,1935,147,5,-3376,48949
2021-09-19,13986615,284021,256029,25598,2394,917857,12784737,14020498,285931,257449,26078,2404,932234,12802333,33883,1910,1420,480,10,14377,17596
2021-09-20,14020498,285931,257449,26078,2404,932234,12802333,14050975,287536,259011,26116,2409,953532,12809907,30477,1605,1562,38,5,21298,7574
2021-09-21,14050974,287534,259011,26114,2409,953532,12809908,14081284,289263,260090,26760,2413,965875,12826146,30310,1729,1079,646,4,12343,16238
2021-09-22,14081284,289263,260090,26760,2413,965875,12826146,14112435,290983,261812,26752,2419,997996,12823456,31151,1720,1722,-8,6,32121,-2690
2021-09-23,14112435,290983,261812,26752,2419,997996,12823456,14151069,292699,262842,27430,2427,1034720,12823650,38634,1716,1030,678,8,36724,194
2021-09-24,14151069,292698,262842,27429,2427,1034720,12823651,14221685,295132,264492,28206,2434,1030500,12896053,70616,2434,1650,777,7,-4220,72402
2021-09-25,14221682,295129,264492,28203,2434,1030500,12896053,14285340,298402,266414,29547,2441,1056223,12930715,63658,3273,1922,1344,7,25723,34662
2021-09-26,14285340,298401,266414,29546,2441,1056223,12930716,14325938,301172,268140,30582,2450,1096862,12927904,40598,2771,1726,1036,9,40639,-2812
2021-09-27,14325937,301170,268140,30580,2450,1096862,12927905,14365935,303553,269132,31965,2456,1120111,12942271,39998,2383,992,1385,6,23249,14366
2021-09-28,14365935,303553,269132,31965,2456,1120111,12942271,14425573,305842,270928,32450,2464,1135394,12984337,59638,2289,1796,485,8,15283,42066
2021-09-29,14425571,305840,270928,32448,2464,1135394,12984337,14485260,308725,272724,33527,2474,1137617,13038918,59689,2885,1796,1079,10,2223,54581
2021-09-30,14485260,308725,272724,33527,2474,1137617,13038918,14544258,311289,274205,34603,2481,1149658,13083311,58998,2564,1481,1076,7,12041,44393
2021-10-01,14544257,311287,274205,34601,2481,1149658,13083312,14596224,313773,275576,35700,2497,1169025,13113426,51967,2486,1371,1099,16,19367,30114
2021-10-02,14596223,313772,275576,35699,2497,1169025,13113426,14644697,316020,277092,36424,2504,1179529,13149148,48474,2248,1516,725,7,10504,35722
2021-10-03,14644696,316019,277092,36423,2504,1179529,13149148,14675127,318105,278847,36751,2507,1202878,13154144,30431,2086,1755,328,3,23349,4996
2021-10-04,14675126,318104,278847,36750,2507,1202878,13154144,14701224,319777,282669,34595,2513,1216193,13165254,26098,1673,3822,-2155,6,13315,11110
2021-10-05,14701224,319777,282669,34595,2513,1216193,13165254,14731640,321352,284197,34631,2524,1228509,13181779,30416,1575,1528,36,11,12316,16525
2021-10-06,14731639,321351,284197,34630,2524,1228509,13181779,14780951,323379,287040,33803,2536,1219801,13237771,49312,2028,2843,-827,12,-8708,55992
2021-10-07,14780950,323377,287040,33801,2536,1219801,13237772,14833978,325804,288822,34438,2544,1239741,13268433,53028,2427,1782,637,8,19940,30661
2021-10-08,14833976,325800,288822,34434,2544,1239741,13268435,14882201,327976,292091,33331,2554,1232857,13321368,48225,2176,3269,-1103,10,-6884,52933
2021-10-09,14882198,327972,292091,33327,2554,1232857,13321369,14925875,329925,294929,32436,2560,1247124,13348826,43677,1953,2838,-891,6,14267,27457
2021-10-10,14925875,329925,294929,32436,2560,1247124,13348826,14951658,331519,296708,32236,2575,1261712,13358427,25783,1594,1779,-200,15,14588,9601
2021-10-11,14951658,331519,296708,32236,2575,1261712,13358427,14977419,332816,298022,32211,2583,1255745,13388858,25761,1297,1314,-25,8,-5967,30431
2021-10-12,14977419,332816,298022,32211,2583,1255745,13388858,15007584,334163,299260,32309,2594,1276809,13396612,30165,1347,1238,98,11,21064,7754
2021-10-13,15007579,334158,299260,32304,2594,1276809,13396612,15062420,335742,302066,31071,2605,1285868,13440810,54841,1584,2806,-1233,11,9059,44198
2021-10-14,15062417,335739,302066,31068,2605,1285868,13440810,15106366,337679,303719,31342,2618,1296534,13472153,43949,1940,1653,274,13,10666,31343
2021-10-15,15106366,337677,303719,31340,2618,1296534,13472153,15152526,339361,305851,30884,2626,1309168,13503997,46160,1684,2132,-456,8,12634,31844
2021-10-16,15152525,339360,305851,30883,2626,1309168,13503997,15198192,340978,308187,30147,2644,1293233,13563981,45667,1618,2336,-736,18,-15935,59984
2021-10-17,15198191,340976,308187,30145,2644,1293233,13563982,15220868,342396,310344,29392,2660,1312433,13566039,22677,1420,2157,-753,16,19200,2057
2021-10-18,15220868,342395,310344,29391,2660,1312433,13566040,15246350,343445,311781,28996,2668,1320566,13582339,25482,1050,1437,-395,8,8133,16299
2021-10-19,15246350,343445,311781,28996,2668,1320566,13582339,15296834,344518,313432,28397,2689,1323771,13628545,50484,1073,1651,-599,21,3205,46206
2021-10-20,15296833,344517,313432,28396,2689,1323771,13628545,15344732,346088,316607,26783,2698,1325132,13673512,47899,1571,3175,-1613,9,1361,44967
2021-10-21,15344732,346088,316607,26783,2698,1325132,13673512,15392007,347529,317755,27065,2709,1334586,13709892,47275,1441,1148,282,11,9454,36380
2021-10-22,15392007,347529,317755,27065,2709,1334586,13709892,15437387,348969,320317,25927,2725,1327170,13761248,45380,1440,2562,-1138,16,-7416,51356
2021-10-23,15437386,348968,320317,25926,2725,1327170,13761248,15481473,350476,322536,25195,2745,1339287,13791710,44087,1508,2219,-731,20,12117,30462
2021-10-24,15481473,350476,322536,25195,2745,1339287,13791710,15504985,351899,323393,25740,2766,1354359,13798727,23512,1423,857,545,21,15072,7017
2021-10-25,15504985,351899,323393,25740,2766,1354359,13798727,15530478,353089,324448,25868,2773,1368282,13809107,25493,1190,1055,128,7,13923,10380
2021-10-26,15530478,353089,324448,25868,2773,1368282,13809107,15579430,354355,327592,23975,2788,1366840,13858235,48952,1266,3144,-1893,15,-1442,49128
2021-10-27,15579428,354353,327592,23973,2788,1366840,13858235,15628311,356305,329658,23850,2797,1387186,13884820,48883,1952,2066,-123,9,20346,26585
2021-10-28,15628308,356301,329658,23846,2797,1387186,13884821,15678187,358412,330853,24751,2808,1389130,13930645,49879,2111,1195,905,11,1944,45824
2021-10-29,15678187,358412,330853,24751,2808,1389130,13930645,15730786,360536,332995,24724,2817,1358692,14011558,52599,2124,2142,-27,9,-30438,80913
2021-10-30,15730785,360535,332995,24723,2817,1358692,14011558,15775700,362639,334581,25228,2830,1366434,14046627,44915,2104,1586,505,13,7742,35069
2021-10-31,15775700,362639,334581,25228,2830,1366434,14046627,15804065,364700,336548,25303,2849,1386962,14052403,28365,2061,1967,75,19,20528,5776
2021-11-01,0,0,0,0,0,0,0,0,0,0,0,0,0,0,0,0,0,0,0,0,0
2021-11-02,0,0,0,0,0,0,0,0,0,0,0,0,0,0,0,0,0,0,0,0,0
2021-11-03,0,0,0,0,0,0,0,0,0,0,0,0,0,0,0,0,0,0,0,0,0
2021-11-04,0,0,0,0,0,0,0,0,0,0,0,0,0,0,0,0,0,0,0,0,0
2021-11-05,0,0,0,0,0,0,0,0,0,0,0,0,0,0,0,0,0,0,0,0,0
2021-11-06,0,0,0,0,0,0,0,0,0,0,0,0,0,0,0,0,0,0,0,0,0
2021-11-07,0,0,0,0,0,0,0,0,0,0,0,0,0,0,0,0,0,0,0,0,0
2021-11-08,0,0,0,0,0,0,0,0,0,0,0,0,0,0,0,0,0,0,0,0,0
2021-11-09,0,0,0,0,0,0,0,0,0,0,0,0,0,0,0,0,0,0,0,0,0
2021-11-10,0,0,0,0,0,0,0,0,0,0,0,0,0,0,0,0,0,0,0,0,0
2021-11-11,0,0,0,0,0,0,0,0,0,0,0,0,0,0,0,0,0,0,0,0,0
2021-11-12,0,0,0,0,0,0,0,0,0,0,0,0,0,0,0,0,0,0,0,0,0
2021-11-13,0,0,0,0,0,0,0,0,0,0,0,0,0,0,0,0,0,0,0,0,0
2021-11-14,0,0,0,0,0,0,0,0,0,0,0,0,0,0,0,0,0,0,0,0,0
2021-11-15,0,0,0,0,0,0,0,0,0,0,0,0,0,0,0,0,0,0,0,0,0
2021-11-16,0,0,0,0,0,0,0,0,0,0,0,0,0,0,0,0,0,0,0,0,0
2021-11-17,0,0,0,0,0,0,0,0,0,0,0,0,0,0,0,0,0,0,0,0,0
2021-11-18,0,0,0,0,0,0,0,0,0,0,0,0,0,0,0,0,0,0,0,0,0
2021-11-19,0,0,0,0,0,0,0,0,0,0,0,0,0,0,0,0,0,0,0,0,0
2021-11-20,0,0,0,0,0,0,0,0,0,0,0,0,0,0,0,0,0,0,0,0,0
2021-11-21,0,0,0,0,0,0,0,0,0,0,0,0,0,0,0,0,0,0,0,0,0
2021-11-22,0,0,0,0,0,0,0,0,0,0,0,0,0,0,0,0,0,0,0,0,0
2021-11-23,0,0,0,0,0,0,0,0,0,0,0,0,0,0,0,0,0,0,0,0,0
2021-11-24,0,0,0,0,0,0,0,0,0,0,0,0,0,0,0,0,0,0,0,0,0
2021-11-25,0,0,0,0,0,0,0,0,0,0,0,0,0,0,0,0,0,0,0,0,0
2021-11-26,0,0,0,0,0,0,0,0,0,0,0,0,0,0,0,0,0,0,0,0,0
2021-11-27,0,0,0,0,0,0,0,0,0,0,0,0,0,0,0,0,0,0,0,0,0
2021-11-28,0,0,0,0,0,0,0,0,0,0,0,0,0,0,0,0,0,0,0,0,0
2021-11-29,0,0,0,0,0,0,0,0,0,0,0,0,0,0,0,0,0,0,0,0,0
2021-11-30,0,0,0,0,0,0,0,0,0,0,0,0,0,0,0,0,0,0,0,0,0
2021-12-01,0,0,0,0,0,0,0,0,0,0,0,0,0,0,0,0,0,0,0,0,0
2021-12-02,0,0,0,0,0,0,0,0,0,0,0,0,0,0,0,0,0,0,0,0,0
2021-12-03,0,0,0,0,0,0,0,0,0,0,0,0,0,0,0,0,0,0,0,0,0
2021-12-04,0,0,0,0,0,0,0,0,0,0,0,0,0,0,0,0,0,0,0,0,0
2021-12-05,0,0,0,0,0,0,0,0,0,0,0,0,0,0,0,0,0,0,0,0,0
2021-12-06,0,0,0,0,0,0,0,0,0,0,0,0,0,0,0,0,0,0,0,0,0
2021-12-07,0,0,0,0,0,0,0,0,0,0,0,0,0,0,0,0,0,0,0,0,0
2021-12-08,0,0,0,0,0,0,0,0,0,0,0,0,0,0,0,0,0,0,0,0,0
2021-12-09,0,0,0,0,0,0,0,0,0,0,0,0,0,0,0,0,0,0,0,0,0
2021-12-10,0,0,0,0,0,0,0,0,0,0,0,0,0,0,0,0,0,0,0,0,0
2021-12-11,0,0,0,0,0,0,0,0,0,0,0,0,0,0,0,0,0,0,0,0,0
2021-12-12,0,0,0,0,0,0,0,0,0,0,0,0,0,0,0,0,0,0,0,0,0
2021-12-13,0,0,0,0,0,0,0,0,0,0,0,0,0,0,0,0,0,0,0,0,0
2021-12-14,0,0,0,0,0,0,0,0,0,0,0,0,0,0,0,0,0,0,0,0,0
2021-12-15,0,0,0,0,0,0,0,0,0,0,0,0,0,0,0,0,0,0,0,0,0
2021-12-16,0,0,0,0,0,0,0,0,0,0,0,0,0,0,0,0,0,0,0,0,0
2021-12-17,0,0,0,0,0,0,0,0,0,0,0,0,0,0,0,0,0,0,0,0,0
2021-12-18,0,0,0,0,0,0,0,0,0,0,0,0,0,0,0,0,0,0,0,0,0
2021-12-19,0,0,0,0,0,0,0,0,0,0,0,0,0,0,0,0,0,0,0,0,0
2021-12-20,0,0,0,0,0,0,0,0,0,0,0,0,0,0,0,0,0,0,0,0,0
2021-12-21,0,0,0,0,0,0,0,0,0,0,0,0,0,0,0,0,0,0,0,0,0
2021-12-22,0,0,0,0,0,0,0,0,0,0,0,0,0,0,0,0,0,0,0,0,0
2021-12-23,0,0,0,0,0,0,0,0,0,0,0,0,0,0,0,0,0,0,0,0,0
2021-12-24,0,0,0,0,0,0,0,0,0,0,0,0,0,0,0,0,0,0,0,0,0
2021-12-25,0,0,0,0,0,0,0,0,0,0,0,0,0,0,0,0,0,0,0,0,0
2021-12-26,0,0,0,0,0,0,0,0,0,0,0,0,0,0,0,0,0,0,0,0,0
2021-12-27,0,0,0,0,0,0,0,0,0,0,0,0,0,0,0,0,0,0,0,0,0
2021-12-28,0,0,0,0,0,0,0,0,0,0,0,0,0,0,0,0,0,0,0,0,0
2021-12-29,0,0,0,0,0,0,0,0,0,0,0,0,0,0,0,0,0,0,0,0,0
2021-12-30,0,0,0,0,0,0,0,0,0,0,0,0,0,0,0,0,0,0,0,0,0
2021-12-31,0,0,0,0,0,0,0,0,0,0,0,0,0,0,0,0,0,0,0,0,0
2022-01-01,0,0,0,0,0,0,0,0,0,0,0,0,0,0,0,0,0,0,0,0,0
2022-01-02,0,0,0,0,0,0,0,0,0,0,0,0,0,0,0,0,0,0,0,0,0
2022-01-03,0,0,0,0,0,0,0,0,0,0,0,0,0,0,0,0,0,0,0,0,0
2022-01-04,0,0,0,0,0,0,0,0,0,0,0,0,0,0,0,0,0,0,0,0,0
2022-01-05,0,0,0,0,0,0,0,0,0,0,0,0,0,0,0,0,0,0,0,0,0
2022-01-06,0,0,0,0,0,0,0,0,0,0,0,0,0,0,0,0,0,0,0,0,0
2022-01-07,0,0,0,0,0,0,0,0,0,0,0,0,0,0,0,0,0,0,0,0,0
2022-01-08,0,0,0,0,0,0,0,0,0,0,0,0,0,0,0,0,0,0,0,0,0
2022-01-09,0,0,0,0,0,0,0,0,0,0,0,0,0,0,0,0,0,0,0,0,0
2022-01-10,0,0,0,0,0,0,0,0,0,0,0,0,0,0,0,0,0,0,0,0,0
2022-01-11,0,0,0,0,0,0,0,0,0,0,0,0,0,0,0,0,0,0,0,0,0
2022-01-12,0,0,0,0,0,0,0,0,0,0,0,0,0,0,0,0,0,0,0,0,0
2022-01-13,0,0,0,0,0,0,0,0,0,0,0,0,0,0,0,0,0,0,0,0,0
2022-01-14,0,0,0,0,0,0,0,0,0,0,0,0,0,0,0,0,0,0,0,0,0
2022-01-15,0,0,0,0,0,0,0,0,0,0,0,0,0,0,0,0,0,0,0,0,0
2022-01-16,0,0,0,0,0,0,0,0,0,0,0,0,0,0,0,0,0,0,0,0,0
2022-01-17,0,0,0,0,0,0,0,0,0,0,0,0,0,0,0,0,0,0,0,0,0
2022-01-18,0,0,0,0,0,0,0,0,0,0,0,0,0,0,0,0,0,0,0,0,0
2022-01-19,0,0,0,0,0,0,0,0,0,0,0,0,0,0,0,0,0,0,0,0,0
2022-01-20,0,0,0,0,0,0,0,0,0,0,0,0,0,0,0,0,0,0,0,0,0
2022-01-21,0,0,0,0,0,0,0,0,0,0,0,0,0,0,0,0,0,0,0,0,0
2022-01-22,0,0,0,0,0,0,0,0,0,0,0,0,0,0,0,0,0,0,0,0,0
2022-01-23,0,0,0,0,0,0,0,0,0,0,0,0,0,0,0,0,0,0,0,0,0
2022-01-24,0,0,0,0,0,0,0,0,0,0,0,0,0,0,0,0,0,0,0,0,0
2022-01-25,0,0,0,0,0,0,0,0,0,0,0,0,0,0,0,0,0,0,0,0,0
2022-01-26,0,0,0,0,0,0,0,0,0,0,0,0,0,0,0,0,0,0,0,0,0
2022-01-27,0,0,0,0,0,0,0,0,0,0,0,0,0,0,0,0,0,0,0,0,0
2022-01-28,0,0,0,0,0,0,0,0,0,0,0,0,0,0,0,0,0,0,0,0,0
2022-01-29,0,0,0,0,0,0,0,0,0,0,0,0,0,0,0,0,0,0,0,0,0
2022-01-30,0,0,0,0,0,0,0,0,0,0,0,0,0,0,0,0,0,0,0,0,0
2022-01-31,0,0,0,0,0,0,0,0,0,0,0,0,0,0,0,0,0,0,0,0,0
2022-02-01,0,0,0,0,0,0,0,0,0,0,0,0,0,0,0,0,0,0,0,0,0
2022-02-02,0,0,0,0,0,0,0,0,0,0,0,0,0,0,0,0,0,0,0,0,0
2022-02-03,0,0,0,0,0,0,0,0,0,0,0,0,0,0,0,0,0,0,0,0,0
2022-02-04,0,0,0,0,0,0,0,0,0,0,0,0,0,0,0,0,0,0,0,0,0
2022-02-05,0,0,0,0,0,0,0,0,0,0,0,0,0,0,0,0,0,0,0,0,0
2022-02-06,0,0,0,0,0,0,0,0,0,0,0,0,0,0,0,0,0,0,0,0,0
2022-02-07,0,0,0,0,0,0,0,0,0,0,0,0,0,0,0,0,0,0,0,0,0
2022-02-08,0,0,0,0,0,0,0,0,0,0,0,0,0,0,0,0,0,0,0,0,0
2022-02-09,0,0,0,0,0,0,0,0,0,0,0,0,0,0,0,0,0,0,0,0,0
2022-02-10,0,0,0,0,0,0,0,0,0,0,0,0,0,0,0,0,0,0,0,0,0
2022-02-11,0,0,0,0,0,0,0,0,0,0,0,0,0,0,0,0,0,0,0,0,0
2022-02-12,0,0,0,0,0,0,0,0,0,0,0,0,0,0,0,0,0,0,0,0,0
2022-02-13,0,0,0,0,0,0,0,0,0,0,0,0,0,0,0,0,0,0,0,0,0
2022-02-14,0,0,0,0,0,0,0,0,0,0,0,0,0,0,0,0,0,0,0,0,0
2022-02-15,0,0,0,0,0,0,0,0,0,0,0,0,0,0,0,0,0,0,0,0,0
2022-02-16,0,0,0,0,0,0,0,0,0,0,0,0,0,0,0,0,0,0,0,0,0
2022-02-17,0,0,0,0,0,0,0,0,0,0,0,0,0,0,0,0,0,0,0,0,0
2022-02-18,0,0,0,0,0,0,0,0,0,0,0,0,0,0,0,0,0,0,0,0,0
2022-02-19,0,0,0,0,0,0,0,0,0,0,0,0,0,0,0,0,0,0,0,0,0
2022-02-20,0,0,0,0,0,0,0,0,0,0,0,0,0,0,0,0,0,0,0,0,0
2022-02-21,0,0,0,0,0,0,0,0,0,0,0,0,0,0,0,0,0,0,0,0,0
2022-02-22,0,0,0,0,0,0,0,0,0,0,0,0,0,0,0,0,0,0,0,0,0
2022-02-23,0,0,0,0,0,0,0,0,0,0,0,0,0,0,0,0,0,0,0,0,0
2022-02-24,0,0,0,0,0,0,0,0,0,0,0,0,0,0,0,0,0,0,0,0,0
2022-02-25,0,0,0,0,0,0,0,0,0,0,0,0,0,0,0,0,0,0,0,0,0
2022-02-26,0,0,0,0,0,0,0,0,0,0,0,0,0,0,0,0,0,0,0,0,0
2022-02-27,0,0,0,0,0,0,0,0,0,0,0,0,0,0,0,0,0,0,0,0,0
2022-02-28,0,0,0,0,0,0,0,0,0,0,0,0,0,0,0,0,0,0,0,0,0
2022-03-01,0,0,0,0,0,0,0,0,0,0,0,0,0,0,0,0,0,0,0,0,0
2022-03-02,0,0,0,0,0,0,0,0,0,0,0,0,0,0,0,0,0,0,0,0,0
2022-03-03,0,0,0,0,0,0,0,0,0,0,0,0,0,0,0,0,0,0,0,0,0
2022-03-04,0,0,0,0,0,0,0,0,0,0,0,0,0,0,0,0,0,0,0,0,0
2022-03-05,0,0,0,0,0,0,0,0,0,0,0,0,0,0,0,0,0,0,0,0,0
2022-03-06,0,0,0,0,0,0,0,0,0,0,0,0,0,0,0,0,0,0,0,0,0
2022-03-07,0,0,0,0,0,0,0,0,0,0,0,0,0,0,0,0,0,0,0,0,0
2022-03-08,0,0,0,0,0,0,0,0,0,0,0,0,0,0,0,0,0,0,0,0,0
2022-03-09,0,0,0,0,0,0,0,0,0,0,0,0,0,0,0,0,0,0,0,0,0
2022-03-10,0,0,0,0,0,0,0,0,0,0,0,0,0,0,0,0,0,0,0,0,0
2022-03-11,0,0,0,0,0,0,0,0,0,0,0,0,0,0,0,0,0,0,0,0,0
2022-03-12,0,0,0,0,0,0,0,0,0,0,0,0,0,0,0,0,0,0,0,0,0
2022-03-13,0,0,0,0,0,0,0,0,0,0,0,0,0,0,0,0,0,0,0,0,0
2022-03-14,0,0,0,0,0,0,0,0,0,0,0,0,0,0,0,0,0,0,0,0,0
2022-03-15,0,0,0,0,0,0,0,0,0,0,0,0,0,0,0,0,0,0,0,0,0
2022-03-16,0,0,0,0,0,0,0,0,0,0,0,0,0,0,0,0,0,0,0,0,0
2022-03-17,0,0,0,0,0,0,0,0,0,0,0,0,0,0,0,0,0,0,0,0,0
2022-03-18,0,0,0,0,0,0,0,0,0,0,0,0,0,0,0,0,0,0,0,0,0
2022-03-19,0,0,0,0,0,0,0,0,0,0,0,0,0,0,0,0,0,0,0,0,0
2022-03-20,0,0,0,0,0,0,0,0,0,0,0,0,0,0,0,0,0,0,0,0,0
2022-03-21,0,0,0,0,0,0,0,0,0,0,0,0,0,0,0,0,0,0,0,0,0
2022-03-22,0,0,0,0,0,0,0,0,0,0,0,0,0,0,0,0,0,0,0,0,0
2022-03-23,0,0,0,0,0,0,0,0,0,0,0,0,0,0,0,0,0,0,0,0,0
2022-03-24,0,0,0,0,0,0,0,0,0,0,0,0,0,0,0,0,0,0,0,0,0
2022-03-25,0,0,0,0,0,0,0,0,0,0,0,0,0,0,0,0,0,0,0,0,0
2022-03-26,0,0,0,0,0,0,0,0,0,0,0,0,0,0,0,0,0,0,0,0,0
2022-03-27,0,0,0,0,0,0,0,0,0,0,0,0,0,0,0,0,0,0,0,0,0
2022-03-28,0,0,0,0,0,0,0,0,0,0,0,0,0,0,0,0,0,0,0,0,0
2022-03-29,0,0,0,0,0,0,0,0,0,0,0,0,0,0,0,0,0,0,0,0,0
2022-03-30,0,0,0,0,0,0,0,0,0,0,0,0,0,0,0,0,0,0,0,0,0
2022-03-31,0,0,0,0,0,0,0,0,0,0,0,0,0,0,0,0,0,0,0,0,0
2022-04-01,0,0,0,0,0,0,0,0,0,0,0,0,0,0,0,0,0,0,0,0,0
2022-04-02,0,0,0,0,0,0,0,0,0,0,0,0,0,0,0,0,0,0,0,0,0
2022-04-03,0,0,0,0,0,0,0,0,0,0,0,0,0,0,0,0,0,0,0,0,0
2022-04-04,0,0,0,0,0,0,0,0,0,0,0,0,0,0,0,0,0,0,0,0,0
2022-04-05,0,0,0,0,0,0,0,0,0,0,0,0,0,0,0,0,0,0,0,0,0
2022-04-06,0,0,0,0,0,0,0,0,0,0,0,0,0,0,0,0,0,0,0,0,0
2022-04-07,0,0,0,0,0,0,0,0,0,0,0,0,0,0,0,0,0,0,0,0,0
2022-04-08,0,0,0,0,0,0,0,0,0,0,0,0,0,0,0,0,0,0,0,0,0
2022-04-09,0,0,0,0,0,0,0,0,0,0,0,0,0,0,0,0,0,0,0,0,0
2022-04-10,0,0,0,0,0,0,0,0,0,0,0,0,0,0,0,0,0,0,0,0,0
2022-04-11,0,0,0,0,0,0,0,0,0,0,0,0,0,0,0,0,0,0,0,0,0
2022-04-12,0,0,0,0,0,0,0,0,0,0,0,0,0,0,0,0,0,0,0,0,0
2022-04-13,0,0,0,0,0,0,0,0,0,0,0,0,0,0,0,0,0,0,0,0,0
2022-04-14,0,0,0,0,0,0,0,0,0,0,0,0,0,0,0,0,0,0,0,0,0
2022-04-15,0,0,0,0,0,0,0,0,0,0,0,0,0,0,0,0,0,0,0,0,0
2022-04-16,0,0,0,0,0,0,0,0,0,0,0,0,0,0,0,0,0,0,0,0,0
2022-04-17,0,0,0,0,0,0,0,0,0,0,0,0,0,0,0,0,0,0,0,0,0
2022-04-18,0,0,0,0,0,0,0,0,0,0,0,0,0,0,0,0,0,0,0,0,0
2022-04-19,0,0,0,0,0,0,0,0,0,0,0,0,0,0,0,0,0,0,0,0,0
2022-04-20,0,0,0,0,0,0,0,0,0,0,0,0,0,0,0,0,0,0,0,0,0
2022-04-21,0,0,0,0,0,0,0,0,0,0,0,0,0,0,0,0,0,0,0,0,0
2022-04-22,0,0,0,0,0,0,0,0,0,0,0,0,0,0,0,0,0,0,0,0,0
2022-04-23,0,0,0,0,0,0,0,0,0,0,0,0,0,0,0,0,0,0,0,0,0
2022-04-24,0,0,0,0,0,0,0,0,0,0,0,0,0,0,0,0,0,0,0,0,0
2022-04-25,0,0,0,0,0,0,0,0,0,0,0,0,0,0,0,0,0,0,0,0,0
2022-04-26,0,0,0,0,0,0,0,0,0,0,0,0,0,0,0,0,0,0,0,0,0
2022-04-27,0,0,0,0,0,0,0,0,0,0,0,0,0,0,0,0,0,0,0,0,0
2022-04-28,0,0,0,0,0,0,0,0,0,0,0,0,0,0,0,0,0,0,0,0,0
2022-04-29,0,0,0,0,0,0,0,0,0,0,0,0,0,0,0,0,0,0,0,0,0
2022-04-30,0,0,0,0,0,0,0,0,0,0,0,0,0,0,0,0,0,0,0,0,0
2022-05-01,0,0,0,0,0,0,0,0,0,0,0,0,0,0,0,0,0,0,0,0,0
2022-05-02,0,0,0,0,0,0,0,0,0,0,0,0,0,0,0,0,0,0,0,0,0
2022-05-03,0,0,0,0,0,0,0,0,0,0,0,0,0,0,0,0,0,0,0,0,0
2022-05-04,0,0,0,0,0,0,0,0,0,0,0,0,0,0,0,0,0,0,0,0,0
2022-05-05,0,0,0,0,0,0,0,0,0,0,0,0,0,0,0,0,0,0,0,0,0
2022-05-06,0,0,0,0,0,0,0,0,0,0,0,0,0,0,0,0,0,0,0,0,0
2022-05-07,0,0,0,0,0,0,0,0,0,0,0,0,0,0,0,0,0,0,0,0,0
2022-05-08,0,0,0,0,0,0,0,0,0,0,0,0,0,0,0,0,0,0,0,0,0
2022-05-09,0,0,0,0,0,0,0,0,0,0,0,0,0,0,0,0,0,0,0,0,0
2022-05-10,0,0,0,0,0,0,0,0,0,0,0,0,0,0,0,0,0,0,0,0,0
2022-05-11,0,0,0,0,0,0,0,0,0,0,0,0,0,0,0,0,0,0,0,0,0
2022-05-12,0,0,0,0,0,0,0,0,0,0,0,0,0,0,0,0,0,0,0,0,0
2022-05-13,0,0,0,0,0,0,0,0,0,0,0,0,0,0,0,0,0,0,0,0,0
2022-05-14,0,0,0,0,0,0,0,0,0,0,0,0,0,0,0,0,0,0,0,0,0
2022-05-15,0,0,0,0,0,0,0,0,0,0,0,0,0,0,0,0,0,0,0,0,0
2022-05-16,0,0,0,0,0,0,0,0,0,0,0,0,0,0,0,0,0,0,0,0,0
2022-05-17,0,0,0,0,0,0,0,0,0,0,0,0,0,0,0,0,0,0,0,0,0
2022-05-18,0,0,0,0,0,0,0,0,0,0,0,0,0,0,0,0,0,0,0,0,0
2022-05-19,0,0,0,0,0,0,0,0,0,0,0,0,0,0,0,0,0,0,0,0,0
2022-05-20,0,0,0,0,0,0,0,0,0,0,0,0,0,0,0,0,0,0,0,0,0
2022-05-21,0,0,0,0,0,0,0,0,0,0,0,0,0,0,0,0,0,0,0,0,0
2022-05-22,0,0,0,0,0,0,0,0,0,0,0,0,0,0,0,0,0,0,0,0,0
2022-05-23,0,0,0,0,0,0,0,0,0,0,0,0,0,0,0,0,0,0,0,0,0
2022-05-24,0,0,0,0,0,0,0,0,0,0,0,0,0,0,0,0,0,0,0,0,0
2022-05-25,0,0,0,0,0,0,0,0,0,0,0,0,0,0,0,0,0,0,0,0,0
2022-05-26,0,0,0,0,0,0,0,0,0,0,0,0,0,0,0,0,0,0,0,0,0
2022-05-27,0,0,0,0,0,0,0,0,0,0,0,0,0,0,0,0,0,0,0,0,0
2022-05-28,0,0,0,0,0,0,0,0,0,0,0,0,0,0,0,0,0,0,0,0,0
2022-05-29,0,0,0,0,0,0,0,0,0,0,0,0,0,0,0,0,0,0,0,0,0
2022-05-30,0,0,0,0,0,0,0,0,0,0,0,0,0,0,0,0,0,0,0,0,0
2022-05-31,0,0,0,0,0,0,0,0,0,0,0,0,0,0,0,0,0,0,0,0,0
2022-06-01,0,0,0,0,0,0,0,0,0,0,0,0,0,0,0,0,0,0,0,0,0
2022-06-02,0,0,0,0,0,0,0,0,0,0,0,0,0,0,0,0,0,0,0,0,0
2022-06-03,0,0,0,0,0,0,0,0,0,0,0,0,0,0,0,0,0,0,0,0,0
2022-06-04,0,0,0,0,0,0,0,0,0,0,0,0,0,0,0,0,0,0,0,0,0
2022-06-05,0,0,0,0,0,0,0,0,0,0,0,0,0,0,0,0,0,0,0,0,0
2022-06-06,0,0,0,0,0,0,0,0,0,0,0,0,0,0,0,0,0,0,0,0,0
2022-06-07,0,0,0,0,0,0,0,0,0,0,0,0,0,0,0,0,0,0,0,0,0
2022-06-08,0,0,0,0,0,0,0,0,0,0,0,0,0,0,0,0,0,0,0,0,0
2022-06-09,0,0,0,0,0,0,0,0,0,0,0,0,0,0,0,0,0,0,0,0,0
2022-06-10,0,0,0,0,0,0,0,0,0,0,0,0,0,0,0,0,0,0,0,0,0
2022-06-11,0,0,0,0,0,0,0,0,0,0,0,0,0,0,0,0,0,0,0,0,0
2022-06-12,0,0,0,0,0,0,0,0,0,0,0,0,0,0,0,0,0,0,0,0,0
2022-06-13,0,0,0,0,0,0,0,0,0,0,0,0,0,0,0,0,0,0,0,0,0
2022-06-14,0,0,0,0,0,0,0,0,0,0,0,0,0,0,0,0,0,0,0,0,0
2022-06-15,0,0,0,0,0,0,0,0,0,0,0,0,0,0,0,0,0,0,0,0,0
2022-06-16,0,0,0,0,0,0,0,0,0,0,0,0,0,0,0,0,0,0,0,0,0
2022-06-17,0,0,0,0,0,0,0,0,0,0,0,0,0,0,0,0,0,0,0,0,0
2022-06-18,0,0,0,0,0,0,0,0,0,0,0,0,0,0,0,0,0,0,0,0,0
2022-06-19,0,0,0,0,0,0,0,0,0,0,0,0,0,0,0,0,0,0,0,0,0
2022-06-20,0,0,0,0,0,0,0,0,0,0,0,0,0,0,0,0,0,0,0,0,0
2022-06-21,0,0,0,0,0,0,0,0,0,0,0,0,0,0,0,0,0,0,0,0,0
2022-06-22,0,0,0,0,0,0,0,0,0,0,0,0,0,0,0,0,0,0,0,0,0
2022-06-23,0,0,0,0,0,0,0,0,0,0,0,0,0,0,0,0,0,0,0,0,0
2022-06-24,0,0,0,0,0,0,0,0,0,0,0,0,0,0,0,0,0,0,0,0,0
2022-06-25,0,0,0,0,0,0,0,0,0,0,0,0,0,0,0,0,0,0,0,0,0
2022-06-26,0,0,0,0,0,0,0,0,0,0,0,0,0,0,0,0,0,0,0,0,0
2022-06-27,0,0,0,0,0,0,0,0,0,0,0,0,0,0,0,0,0,0,0,0,0
2022-06-28,0,0,0,0,0,0,0,0,0,0,0,0,0,0,0,0,0,0,0,0,0
2022-06-29,0,0,0,0,0,0,0,0,0,0,0,0,0,0,0,0,0,0,0,0,0
2022-06-30,0,0,0,0,0,0,0,0,0,0,0,0,0,0,0,0,0,0,0,0,0
2022-07-01,0,0,0,0,0,0,0,0,0,0,0,0,0,0,0,0,0,0,0,0,0
2022-07-02,0,0,0,0,0,0,0,0,0,0,0,0,0,0,0,0,0,0,0,0,0
2022-07-03,0,0,0,0,0,0,0,0,0,0,0,0,0,0,0,0,0,0,0,0,0
2022-07-04,0,0,0,0,0,0,0,0,0,0,0,0,0,0,0,0,0,0,0,0,0
2022-07-05,0,0,0,0,0,0,0,0,0,0,0,0,0,0,0,0,0,0,0,0,0
2022-07-06,0,0,0,0,0,0,0,0,0,0,0,0,0,0,0,0,0,0,0,0,0
2022-07-07,0,0,0,0,0,0,0,0,0,0,0,0,0,0,0,0,0,0,0,0,0
2022-07-08,0,0,0,0,0,0,0,0,0,0,0,0,0,0,0,0,0,0,0,0,0
2022-07-09,0,0,0,0,0,0,0,0,0,0,0,0,0,0,0,0,0,0,0,0,0
2022-07-10,0,0,0,0,0,0,0,0,0,0,0,0,0,0,0,0,0,0,0,0,0
2022-07-11,0,0,0,0,0,0,0,0,0,0,0,0,0,0,0,0,0,0,0,0,0
2022-07-12,0,0,0,0,0,0,0,0,0,0,0,0,0,0,0,0,0,0,0,0,0
2022-07-13,0,0,0,0,0,0,0,0,0,0,0,0,0,0,0,0,0,0,0,0,0
2022-07-14,0,0,0,0,0,0,0,0,0,0,0,0,0,0,0,0,0,0,0,0,0
2022-07-15,0,0,0,0,0,0,0,0,0,0,0,0,0,0,0,0,0,0,0,0,0
2022-07-16,0,0,0,0,0,0,0,0,0,0,0,0,0,0,0,0,0,0,0,0,0
2022-07-17,0,0,0,0,0,0,0,0,0,0,0,0,0,0,0,0,0,0,0,0,0
2022-07-18,0,0,0,0,0,0,0,0,0,0,0,0,0,0,0,0,0,0,0,0,0
2022-07-19,0,0,0,0,0,0,0,0,0,0,0,0,0,0,0,0,0,0,0,0,0
2022-07-20,0,0,0,0,0,0,0,0,0,0,0,0,0,0,0,0,0,0,0,0,0
2022-07-21,0,0,0,0,0,0,0,0,0,0,0,0,0,0,0,0,0,0,0,0,0
2022-07-22,0,0,0,0,0,0,0,0,0,0,0,0,0,0,0,0,0,0,0,0,0
2022-07-23,0,0,0,0,0,0,0,0,0,0,0,0,0,0,0,0,0,0,0,0,0
2022-07-24,0,0,0,0,0,0,0,0,0,0,0,0,0,0,0,0,0,0,0,0,0
2022-07-25,0,0,0,0,0,0,0,0,0,0,0,0,0,0,0,0,0,0,0,0,0
2022-07-26,0,0,0,0,0,0,0,0,0,0,0,0,0,0,0,0,0,0,0,0,0
2022-07-27,0,0,0,0,0,0,0,0,0,0,0,0,0,0,0,0,0,0,0,0,0
2022-07-28,0,0,0,0,0,0,0,0,0,0,0,0,0,0,0,0,0,0,0,0,0
2022-07-29,0,0,0,0,0,0,0,0,0,0,0,0,0,0,0,0,0,0,0,0,0
2022-07-30,0,0,0,0,0,0,0,0,0,0,0,0,0,0,0,0,0,0,0,0,0
2022-07-31,0,0,0,0,0,0,0,0,0,0,0,0,0,0,0,0,0,0,0,0,0
2022-08-01,0,0,0,0,0,0,0,0,0,0,0,0,0,0,0,0,0,0,0,0,0
2022-08-02,0,0,0,0,0,0,0,0,0,0,0,0,0,0,0,0,0,0,0,0,0
2022-08-03,0,0,0,0,0,0,0,0,0,0,0,0,0,0,0,0,0,0,0,0,0
2022-08-04,0,0,0,0,0,0,0,0,0,0,0,0,0,0,0,0,0,0,0,0,0
2022-08-05,0,0,0,0,0,0,0,0,0,0,0,0,0,0,0,0,0,0,0,0,0
2022-08-06,0,0,0,0,0,0,0,0,0,0,0,0,0,0,0,0,0,0,0,0,0
2022-08-07,0,0,0,0,0,0,0,0,0,0,0,0,0,0,0,0,0,0,0,0,0
2022-08-08,0,0,0,0,0,0,0,0,0,0,0,0,0,0,0,0,0,0,0,0,0
2022-08-09,0,0,0,0,0,0,0,0,0,0,0,0,0,0,0,0,0,0,0,0,0
2022-08-10,0,0,0,0,0,0,0,0,0,0,0,0,0,0,0,0,0,0,0,0,0
2022-08-11,0,0,0,0,0,0,0,0,0,0,0,0,0,0,0,0,0,0,0,0,0
2022-08-12,0,0,0,0,0,0,0,0,0,0,0,0,0,0,0,0,0,0,0,0,0
2022-08-13,0,0,0,0,0,0,0,0,0,0,0,0,0,0,0,0,0,0,0,0,0
2022-08-14,0,0,0,0,0,0,0,0,0,0,0,0,0,0,0,0,0,0,0,0,0
2022-08-15,0,0,0,0,0,0,0,0,0,0,0,0,0,0,0,0,0,0,0,0,0
2022-08-16,0,0,0,0,0,0,0,0,0,0,0,0,0,0,0,0,0,0,0,0,0
2022-08-17,0,0,0,0,0,0,0,0,0,0,0,0,0,0,0,0,0,0,0,0,0
2022-08-18,0,0,0,0,0,0,0,0,0,0,0,0,0,0,0,0,0,0,0,0,0
2022-08-19,0,0,0,0,0,0,0,0,0,0,0,0,0,0,0,0,0,0,0,0,0
2022-08-20,0,0,0,0,0,0,0,0,0,0,0,0,0,0,0,0,0,0,0,0,0
2022-08-21,0,0,0,0,0,0,0,0,0,0,0,0,0,0,0,0,0,0,0,0,0
2022-08-22,0,0,0,0,0,0,0,0,0,0,0,0,0,0,0,0,0,0,0,0,0
2022-08-23,0,0,0,0,0,0,0,0,0,0,0,0,0,0,0,0,0,0,0,0,0
2022-08-24,0,0,0,0,0,0,0,0,0,0,0,0,0,0,0,0,0,0,0,0,0
2022-08-25,0,0,0,0,0,0,0,0,0,0,0,0,0,0,0,0,0,0,0,0,0
2022-08-26,0,0,0,0,0,0,0,0,0,0,0,0,0,0,0,0,0,0,0,0,0
2022-08-27,0,0,0,0,0,0,0,0,0,0,0,0,0,0,0,0,0,0,0,0,0
2022-08-28,0,0,0,0,0,0,0,0,0,0,0,0,0,0,0,0,0,0,0,0,0
2022-08-29,0,0,0,0,0,0,0,0,0,0,0,0,0,0,0,0,0,0,0,0,0
2022-08-30,0,0,0,0,0,0,0,0,0,0,0,0,0,0,0,0,0,0,0,0,0
2022-08-31,0,0,0,0,0,0,0,0,0,0,0,0,0,0,0,0,0,0,0,0,0
2022-09-01,0,0,0,0,0,0,0,0,0,0,0,0,0,0,0,0,0,0,0,0,0
2022-09-02,0,0,0,0,0,0,0,0,0,0,0,0,0,0,0,0,0,0,0,0,0
2022-09-03,0,0,0,0,0,0,0,0,0,0,0,0,0,0,0,0,0,0,0,0,0
2022-09-04,0,0,0,0,0,0,0,0,0,0,0,0,0,0,0,0,0,0,0,0,0
2022-09-05,0,0,0,0,0,0,0,0,0,0,0,0,0,0,0,0,0,0,0,0,0
2022-09-06,0,0,0,0,0,0,0,0,0,0,0,0,0,0,0,0,0,0,0,0,0
2022-09-07,0,0,0,0,0,0,0,0,0,0,0,0,0,0,0,0,0,0,0,0,0
2022-09-08,0,0,0,0,0,0,0,0,0,0,0,0,0,0,0,0,0,0,0,0,0
2022-09-09,0,0,0,0,0,0,0,0,0,0,0,0,0,0,0,0,0,0,0,0,0
2022-09-10,0,0,0,0,0,0,0,0,0,0,0,0,0,0,0,0,0,0,0,0,0
2022-09-11,0,0,0,0,0,0,0,0,0,0,0,0,0,0,0,0,0,0,0,0,0
2022-09-12,0,0,0,0,0,0,0,0,0,0,0,0,0,0,0,0,0,0,0,0,0
2022-09-13,0,0,0,0,0,0,0,0,0,0,0,0,0,0,0,0,0,0,0,0,0
2022-09-14,0,0,0,0,0,0,0,0,0,0,0,0,0,0,0,0,0,0,0,0,0
2022-09-15,0,0,0,0,0,0,0,0,0,0,0,0,0,0,0,0,0,0,0,0,0
2022-09-16,0,0,0,0,0,0,0,0,0,0,0,0,0,0,0,0,0,0,0,0,0
2022-09-17,0,0,0,0,0,0,0,0,0,0,0,0,0,0,0,0,0,0,0,0,0
2022-09-18,0,0,0,0,0,0,0,0,0,0,0,0,0,0,0,0,0,0,0,0,0
2022-09-19,0,0,0,0,0,0,0,0,0,0,0,0,0,0,0,0,0,0,0,0,0
2022-09-20,0,0,0,0,0,0,0,0,0,0,0,0,0,0,0,0,0,0,0,0,0
2022-09-21,0,0,0,0,0,0,0,0,0,0,0,0,0,0,0,0,0,0,0,0,0
2022-09-22,0,0,0,0,0,0,0,0,0,0,0,0,0,0,0,0,0,0,0,0,0
2022-09-23,0,0,0,0,0,0,0,0,0,0,0,0,0,0,0,0,0,0,0,0,0
2022-09-24,0,0,0,0,0,0,0,0,0,0,0,0,0,0,0,0,0,0,0,0,0
2022-09-25,0,0,0,0,0,0,0,0,0,0,0,0,0,0,0,0,0,0,0,0,0
2022-09-26,0,0,0,0,0,0,0,0,0,0,0,0,0,0,0,0,0,0,0,0,0
