tDate,YesterdayQuarantineRelease,YesterdayQuarantine,YesterdayIllPatient,YesterdayDead,YesterdayPatient,TodayQuarantineRelease,TodayQuarantine,TodayIllPatient,TodayDead,TodayPatient,VarianceQuarantineRelease,VarianceQuarantine,VarianceIllPatient,VarianceDead,VariancePatient
2020-03-02,0,0,0,0,0,0,0,0,0,0,0,0,0,0,0
2020-03-03,0,0,0,0,0,0,0,0,0,0,0,0,0,0,0
2020-03-04,0,0,0,0,0,0,0,0,0,0,0,0,0,0,0
2020-03-05,0,0,0,0,0,0,0,0,0,0,0,0,0,0,0
2020-03-06,0,0,0,0,0,0,0,0,0,0,0,0,0,0,0
2020-03-07,0,0,0,0,0,0,0,0,0,0,0,0,0,0,0
2020-03-08,0,0,0,0,0,0,0,0,0,0,0,0,0,0,0
2020-03-09,0,0,0,0,0,0,0,0,0,0,0,0,0,0,0
2020-03-10,0,0,0,0,0,0,0,0,0,0,0,0,0,0,0
2020-03-11,0,0,0,0,0,0,0,0,0,0,0,0,0,0,0
2020-03-12,0,0,0,0,0,0,0,0,0,0,0,0,0,0,0
2020-03-13,0,0,0,0,0,0,0,0,0,0,0,0,0,0,0
2020-03-14,0,0,0,0,0,0,0,0,0,0,0,0,0,0,0
2020-03-15,0,0,0,0,0,0,0,0,0,0,0,0,0,0,0
2020-03-16,0,0,0,0,0,0,0,0,0,0,0,0,0,0,0
2020-03-17,0,0,0,0,0,0,0,0,0,0,0,0,0,0,0
2020-03-18,0,0,0,0,0,0,0,0,0,0,0,0,0,0,0
2020-03-19,0,0,0,0,0,0,0,0,0,0,0,0,0,0,0
2020-03-20,0,0,0,0,0,0,0,0,0,0,0,0,0,0,0
2020-03-21,0,0,0,0,0,0,0,0,0,0,0,0,0,0,0
2020-03-22,0,0,0,0,0,0,0,0,0,0,0,0,0,0,0
2020-03-23,0,0,0,0,0,0,0,0,0,0,0,0,0,0,0
2020-03-24,0,0,0,0,0,0,0,0,0,0,0,0,0,0,0
2020-03-25,0,0,0,0,0,0,0,0,0,0,0,0,0,0,0
2020-03-26,0,0,0,0,0,0,0,0,0,0,0,0,0,0,0
2020-03-27,0,0,0,0,0,0,0,0,0,0,0,0,0,0,0
2020-03-28,0,0,0,0,0,0,0,0,0,0,0,0,0,0,0
2020-03-29,0,0,0,0,0,0,0,0,0,0,0,0,0,0,0
2020-03-30,0,0,0,0,0,0,0,0,0,0,0,0,0,0,0
2020-03-31,0,0,0,0,0,0,0,0,0,0,0,0,0,0,0
2020-04-01,0,0,0,0,0,0,0,0,0,0,0,0,0,0,0
2020-04-02,0,0,0,0,0,0,0,0,0,0,0,0,0,0,0
2020-04-03,0,0,0,0,0,0,0,0,0,0,0,0,0,0,0
2020-04-04,0,0,0,0,0,0,0,0,0,0,0,0,0,0,0
2020-04-05,0,0,0,0,0,0,0,0,0,0,0,0,0,0,0
2020-04-06,0,0,0,0,0,0,0,0,0,0,0,0,0,0,0
2020-04-07,0,0,0,0,0,0,0,0,0,0,0,0,0,0,0
2020-04-08,0,0,0,0,0,0,0,0,0,0,0,0,0,0,0
2020-04-09,0,0,0,0,0,0,0,0,0,0,0,0,0,0,0
2020-04-10,0,0,0,0,0,0,0,0,0,0,0,0,0,0,0
2020-04-11,0,0,0,0,0,0,0,0,0,0,0,0,0,0,0
2020-04-12,0,0,0,0,0,0,0,0,0,0,0,0,0,0,0
2020-04-13,0,0,0,0,0,0,0,0,0,0,0,0,0,0,0
2020-04-14,0,0,0,0,0,0,0,0,0,0,0,0,0,0,0
2020-04-15,0,0,0,0,0,0,0,0,0,0,0,0,0,0,0
2020-04-16,0,0,0,0,0,0,0,0,0,0,0,0,0,0,0
2020-04-17,0,0,0,0,0,0,0,0,0,0,0,0,0,0,0
2020-04-18,0,0,0,0,0,0,0,0,0,0,0,0,0,0,0
2020-04-19,0,0,0,0,0,0,0,0,0,0,0,0,0,0,0
2020-04-20,0,0,0,0,0,0,0,0,0,0,0,0,0,0,0
2020-04-21,0,0,0,0,0,0,0,0,0,0,0,0,0,0,0
2020-04-22,0,0,0,0,0,0,0,0,0,0,0,0,0,0,0
2020-04-23,0,0,0,0,0,0,0,0,0,0,0,0,0,0,0
2020-04-24,0,0,0,0,0,0,0,0,0,0,0,0,0,0,0
2020-04-25,0,0,0,0,0,0,0,0,0,0,0,0,0,0,0
2020-04-26,0,0,0,0,0,0,0,0,0,0,0,0,0,0,0
2020-04-27,0,0,0,0,0,0,0,0,0,0,0,0,0,0,0
2020-04-28,0,0,0,0,0,0,0,0,0,0,0,0,0,0,0
2020-04-29,0,0,0,0,0,0,0,0,0,0,0,0,0,0,0
2020-04-30,0,0,0,0,0,0,0,0,0,0,0,0,0,0,0
2020-05-01,0,0,0,0,0,0,0,0,0,0,0,0,0,0,0
2020-05-02,0,0,0,0,0,0,0,0,0,0,0,0,0,0,0
2020-05-03,0,0,0,0,0,0,0,0,0,0,0,0,0,0,0
2020-05-04,0,0,0,0,0,0,0,0,0,0,0,0,0,0,0
2020-05-05,0,0,0,0,0,0,0,0,0,0,0,0,0,0,0
2020-05-06,0,0,0,0,0,0,0,0,0,0,0,0,0,0,0
2020-05-07,0,0,0,0,0,0,0,0,0,0,0,0,0,0,0
2020-05-08,0,0,0,0,0,0,0,0,0,0,0,0,0,0,0
2020-05-09,0,0,0,0,0,0,0,0,0,0,0,0,0,0,0
2020-05-10,0,0,0,0,0,0,0,0,0,0,0,0,0,0,0
2020-05-11,0,0,0,0,0,0,0,0,0,0,0,0,0,0,0
2020-05-12,0,0,0,0,0,0,0,0,0,0,0,0,0,0,0
2020-05-13,0,0,0,0,0,0,0,0,0,0,0,0,0,0,0
2020-05-14,0,0,0,0,0,0,0,0,0,0,0,0,0,0,0
2020-05-15,0,0,0,0,0,0,0,0,0,0,0,0,0,0,0
2020-05-16,0,0,0,0,0,0,0,0,0,0,0,0,0,0,0
2020-05-17,0,0,0,0,0,0,0,0,0,0,0,0,0,0,0
2020-05-18,0,0,0,0,0,0,0,0,0,0,0,0,0,0,0
2020-05-19,0,0,0,0,0,0,0,0,0,0,0,0,0,0,0
2020-05-20,0,0,0,0,0,0,0,0,0,0,0,0,0,0,0
2020-05-21,0,0,0,0,0,0,0,0,0,0,0,0,0,0,0
2020-05-22,0,0,0,0,0,0,0,0,0,0,0,0,0,0,0
2020-05-23,0,0,0,0,0,0,0,0,0,0,0,0,0,0,0
2020-05-24,0,0,0,0,0,0,0,0,0,0,0,0,0,0,0
2020-05-25,0,0,0,0,0,0,0,0,0,0,0,0,0,0,0
2020-05-26,0,0,0,0,0,0,0,0,0,0,0,0,0,0,0
2020-05-27,0,0,0,0,0,0,0,0,0,0,0,0,0,0,0
2020-05-28,0,0,0,0,0,0,0,0,0,0,0,0,0,0,0
2020-05-29,0,0,0,0,0,0,0,0,0,0,0,0,0,0,0
2020-05-30,0,0,0,0,0,0,0,0,0,0,0,0,0,0,0
2020-05-31,0,0,0,0,0,0,0,0,0,0,0,0,0,0,0
2020-06-01,0,0,0,0,0,0,0,0,0,0,0,0,0,0,0
2020-06-02,0,0,0,0,0,0,0,0,0,0,0,0,0,0,0
2020-06-03,0,0,0,0,0,0,0,0,0,0,0,0,0,0,0
2020-06-04,0,0,0,0,0,0,0,0,0,0,0,0,0,0,0
2020-06-05,0,0,0,0,0,0,0,0,0,0,0,0,0,0,0
2020-06-06,0,0,0,0,0,0,0,0,0,0,0,0,0,0,0
2020-06-07,0,0,0,0,0,0,0,0,0,0,0,0,0,0,0
2020-06-08,0,0,0,0,0,0,0,0,0,0,0,0,0,0,0
2020-06-09,0,0,0,0,0,0,0,0,0,0,0,0,0,0,0
2020-06-10,0,0,0,0,0,0,0,0,0,0,0,0,0,0,0
2020-06-11,0,0,0,0,0,0,0,0,0,0,0,0,0,0,0
2020-06-12,0,0,0,0,0,0,0,0,0,0,0,0,0,0,0
2020-06-13,0,0,0,0,0,0,0,0,0,0,0,0,0,0,0
2020-06-14,0,0,0,0,0,0,0,0,0,0,0,0,0,0,0
2020-06-15,0,0,0,0,0,0,0,0,0,0,0,0,0,0,0
2020-06-16,0,0,0,0,0,0,0,0,0,0,0,0,0,0,0
2020-06-17,0,0,0,0,0,0,0,0,0,0,0,0,0,0,0
2020-06-18,0,0,0,0,0,0,0,0,0,0,0,0,0,0,0
2020-06-19,0,0,0,0,0,0,0,0,0,0,0,0,0,0,0
2020-06-20,0,0,0,0,0,0,0,0,0,0,0,0,0,0,0
2020-06-21,0,0,0,0,0,0,0,0,0,0,0,0,0,0,0
2020-06-22,0,0,0,0,0,0,0,0,0,0,0,0,0,0,0
2020-06-23,0,0,0,0,0,0,0,0,0,0,0,0,0,0,0
2020-06-24,0,0,0,0,0,0,0,0,0,0,0,0,0,0,0
2020-06-25,0,0,0,0,0,0,0,0,0,0,0,0,0,0,0
2020-06-26,0,0,0,0,0,0,0,0,0,0,0,0,0,0,0
2020-06-27,0,0,0,0,0,0,0,0,0,0,0,0,0,0,0
2020-06-28,0,0,0,0,0,0,0,0,0,0,0,0,0,0,0
2020-06-29,0,0,0,0,0,0,0,0,0,0,0,0,0,0,0
2020-06-30,0,0,0,0,0,0,0,0,0,0,0,0,0,0,0
2020-07-01,0,0,0,0,0,0,0,0,0,0,0,0,0,0,0
2020-07-02,0,0,0,0,0,0,0,0,0,0,0,0,0,0,0
2020-07-03,0,0,0,0,0,0,0,0,0,0,0,0,0,0,0
2020-07-04,0,0,0,0,0,0,0,0,0,0,0,0,0,0,0
2020-07-05,0,0,0,0,0,0,0,0,0,0,0,0,0,0,0
2020-07-06,0,0,0,0,0,0,0,0,0,0,0,0,0,0,0
2020-07-07,0,0,0,0,0,0,0,0,0,0,0,0,0,0,0
2020-07-08,0,0,0,0,0,0,0,0,0,0,0,0,0,0,0
2020-07-09,0,0,0,0,0,0,0,0,0,0,0,0,0,0,0
2020-07-10,0,0,0,0,0,0,0,0,0,0,0,0,0,0,0
2020-07-11,0,0,0,0,0,0,0,0,0,0,0,0,0,0,0
2020-07-12,0,0,0,0,0,0,0,0,0,0,0,0,0,0,0
2020-07-13,0,0,0,0,0,0,0,0,0,0,0,0,0,0,0
2020-07-14,0,0,0,0,0,0,0,0,0,0,0,0,0,0,0
2020-07-15,0,0,0,0,0,0,0,0,0,0,0,0,0,0,0
2020-07-16,0,0,0,0,0,0,0,0,0,0,0,0,0,0,0
2020-07-17,0,0,0,0,0,0,0,0,0,0,0,0,0,0,0
2020-07-18,0,0,0,0,0,0,0,0,0,0,0,0,0,0,0
2020-07-19,0,0,0,0,0,0,0,0,0,0,0,0,0,0,0
2020-07-20,12556,894,19,295,0,12572,903,19,296,0,16,9,0,1,0
2020-07-21,12572,903,19,296,0,12643,877,21,296,0,71,-26,2,0,0
2020-07-22,12643,877,21,296,0,12698,884,21,297,0,55,7,0,1,0
2020-07-23,12698,884,21,297,0,12758,883,18,297,0,60,-1,-3,0,0
2020-07-24,12758,883,18,297,0,12817,864,16,298,0,59,-19,-2,1,0
2020-07-25,12817,864,16,298,0,12866,928,15,289,0,49,64,-1,0,0
2020-07-26,12866,928,15,298,0,12860,962,15,298,0,24,34,0,0,0
2020-07-27,12890,962,15,298,0,12905,971,14,299,0,15,9,-1,1,0
2020-07-28,12905,971,14,299,0,13007,896,12,300,0,102,-75,-2,1,0
2020-07-29,13007,896,12,300,0,13069,882,12,300,0,62,-14,0,0,0
2020-07-30,13069,882,12,300,0,13132,837,13,300,0,63,-45,1,0,0
2020-07-31,13132,837,13,300,0,13183,821,12,301,0,51,-16,-1,1,0
2020-08-01,13183,921,12,301,0,13233,802,13,301,0,50,-19,1,0,0
2020-08-02,13233,802,13,301,0,13259,806,13,301,0,26,4,0,0,0
2020-08-03,13259,806,13,301,0,13280,808,13,301,0,21,2,0,0,0
2020-08-04,13280,808,13,301,0,13352,770,13,301,0,72,-38,0,0,0
2020-08-05,13352,770,13,301,0,13406,748,14,302,0,54,-22,1,1,0
2020-08-06,13406,748,14,302,0,13501,696,18,302,0,95,-52,4,0,0
2020-08-07,13501,696,18,302,0,13543,673,18,303,0,42,-23,0,1,0
2020-08-08,13543,673,18,303,0,13629,629,17,304,0,86,-44,-1,1,0
2020-08-09,13629,629,17,304,0,13642,651,16,305,0,13,22,-1,1,0
2020-08-10,13642,651,16,305,0,13658,663,16,305,0,16,12,0,0,0
2020-08-11,13658,663,16,305,0,13729,626,15,305,0,71,-37,-1,0,0
2020-08-12,13729,626,15,305,0,13786,623,15,305,0,57,-3,0,0,0
2020-08-13,13786,623,15,305,0,13817,648,15,305,0,31,25,0,0,0
2020-08-14,13817,648,15,305,0,13863,705,14,305,0,46,57,-1,0,0
2020-08-15,13863,705,14,305,0,13901,833,14,305,0,38,128,0,0,0
2020-08-16,13901,833,14,305,0,13910,1103,13,305,0,9,270,-1,0,0
2020-08-17,13910,1103,13,305,0,13917,1293,13,305,0,7,190,0,0,0
2020-08-18,13917,1293,13,305,0,13934,1521,9,306,0,17,228,-4,1,0
2020-08-19,13934,1521,9,306,0,14006,1746,12,306,0,72,225,3,0,0
2020-08-20,14006,1746,12,306,0,14063,1976,12,307,0,57,230,0,1,0
2020-08-21,14063,1976,12,307,0,14120,2241,18,309,0,57,265,6,2,0
2020-08-22,14120,2241,18,309,0,14169,2524,25,309,0,49,283,7,0,0
2020-08-23,14169,2524,25,309,0,14200,2890,30,309,0,31,366,5,0,0
2020-08-24,14200,2890,30,309,0,14219,3137,32,309,0,19,247,2,0,0
2020-08-25,14219,3137,32,309,0,14286,3349,38,310,0,67,212,6,1,0
2020-08-26,14286,3349,38,310,0,14368,3585,43,312,0,82,236,5,2,0
2020-08-27,14368,3585,42,312,0,14461,3932,46,313,0,93,347,4,1,0
2020-08-28,14461,3932,46,313,0,14551,4210,58,316,0,90,278,12,3,0
2020-08-29,14551,4210,58,316,0,14765,4314,64,321,0,214,104,6,5,0
2020-08-30,14765,4314,64,321,0,14903,4473,70,323,0,138,159,6,2,0
2020-08-31,14903,4473,70,323,0,14973,4650,79,324,0,70,177,9,1,0
2020-09-01,14973,4650,79,324,0,15198,4660,104,324,0,225,10,25,0,0
2020-09-02,15198,4660,104,324,0,15356,4767,124,326,0,158,107,20,2,0
2020-09-03,15356,4767,123,326,0,15529,4786,154,329,0,173,19,31,3,0
2020-09-04,15529,4786,154,329,0,15783,4728,157,331,0,254,-58,3,2,0
2020-09-05,15783,4728,157,331,0,16009,4668,159,333,0,226,-60,2,2,0
2020-09-06,16009,4668,159,333,0,16146,4697,163,334,0,137,29,4,1,0
2020-09-07,16146,4697,163,334,0,16297,4663,162,336,0,151,-34,-1,2,0
2020-09-08,16297,4663,162,336,0,16636,4455,151,341,0,339,-208,-11,5,0
2020-09-09,16636,4455,150,341,0,17023,4221,154,344,0,387,-234,4,3,0
2020-09-10,17023,4221,154,344,0,17360,4037,169,346,0,337,-184,15,2,0
2020-09-11,17360,4037,169,346,0,17616,3953,175,350,0,256,-84,6,4,0
2020-09-12,17616,3953,175,350,0,18029,3671,164,355,0,413,-282,-11,5,0
2020-09-13,18029,3671,164,355,0,18226,3592,157,358,0,197,-79,-7,3,0
2020-09-14,18226,3592,157,358,0,18489,3433,157,363,0,263,-159,0,5,0
2020-09-15,18489,3433,157,363,0,18878,3146,158,367,0,389,-287,1,4,0
2020-09-16,18878,3146,158,367,0,19310,2827,160,367,0,432,-319,2,0,0
2020-09-17,19310,2827,160,367,0,19543,2742,160,372,0,233,-85,0,5,0
2020-09-18,19543,2742,150,372,0,19771,2635,150,377,0,228,-107,-10,5,0
2020-09-19,19771,2635,150,377,0,19970,2545,152,378,0,199,-90,2,1,0
2020-09-20,19970,2545,152,378,0,20158,2434,146,383,0,188,-111,-6,5,0
2020-09-21,20158,2434,146,383,0,20248,2412,141,385,0,90,-22,-5,2,0
2020-09-22,20248,2412,141,385,0,20441,2277,144,388,0,193,-135,3,3,0
2020-09-23,20441,2277,144,388,0,20650,2178,139,388,0,209,-99,-5,0,0
2020-09-24,20650,2178,139,388,0,20832,2116,126,393,0,182,-62,-13,5,0
2020-09-25,20832,2116,126,393,0,20977,2082,128,395,0,145,-34,2,2,0
2020-09-26,20977,2083,128,395,0,21166,1951,122,399,0,189,-132,-6,4,0
2020-09-27,21166,1951,122,399,0,21248,1962,124,401,0,82,11,2,2,0
2020-09-28,21248,1962,124,401,0,21292,1963,120,406,0,44,1,-4,5,0
2020-09-29,21292,1963,120,406,0,21470,1822,115,407,0,178,-141,-5,1,0
2020-09-30,21470,1822,115,407,0,21591,1808,109,413,0,121,-14,-6,6,0
2020-10-01,21591,1808,109,413,0,21666,1808,107,415,0,75,0,-2,2,0
2020-10-02,21666,1808,107,415,0,21733,1803,107,416,0,67,-5,0,1,0
2020-10-03,21733,1803,107,416,0,21787,1820,104,420,0,54,17,-3,4,0
2020-10-04,21787,1820,104,420,0,21845,1825,105,421,0,58,5,1,1,0
2020-10-05,21845,1825,105,421,0,21886,1856,107,422,0,41,31,2,1,0
2020-10-06,21886,1856,107,422,0,22083,1734,105,422,0,197,-122,-2,0,0
2020-10-07,22083,1734,105,422,0,22334,1594,102,425,0,251,-140,-3,3,0
2020-10-08,22334,1594,102,425,0,22463,1532,97,427,0,129,-62,-5,2,0
2020-10-09,22463,1532,97,427,0,22569,1479,94,428,0,106,-53,-3,1,0
2020-10-10,22569,1479,94,428,0,22624,1494,89,430,0,55,15,-5,2,0
2020-10-11,22624,1494,89,430,0,22693,1481,89,432,0,69,-13,0,2,0
2020-10-12,22693,1481,89,432,0,22729,1541,87,433,0,36,60,-2,1,0
2020-10-13,22728,1542,87,433,0,22863,1508,91,434,0,135,-34,4,1,0
2020-10-14,22863,1508,91,434,0,23030,1421,85,438,0,167,-87,-6,4,0
2020-10-15,23030,1410,85,438,0,23082,1467,82,439,0,52,57,-3,1,0
2020-10-16,23082,1467,82,439,0,23180,1414,85,441,0,98,-53,3,2,0
2020-10-17,23180,1414,85,441,0,23258,1407,84,443,0,78,-7,-1,2,0
2020-10-18,23258,1407,78,443,0,23312,1443,77,444,0,54,36,-1,1,0
2020-10-19,23312,1443,77,444,0,23368,1463,78,444,0,56,20,1,0,0
2020-10-20,23368,1463,78,444,0,23466,1420,71,447,0,98,-43,-7,3,0
2020-10-21,23466,1420,71,447,0,23584,1390,70,450,0,118,-30,-1,3,0
2020-10-22,23584,1388,70,450,0,23647,1443,62,453,0,63,55,-8,3,0
2020-10-23,23647,1443,62,453,0,23717,1526,62,455,0,70,83,0,2,0
2020-10-24,23717,1526,62,455,0,23834,1484,60,457,0,117,-42,-2,2,0
2020-10-25,23834,1484,60,457,0,23869,1510,53,457,0,35,26,-7,0,0
2020-10-26,23869,1510,53,457,0,23905,1593,53,457,0,36,83,0,0,0
2020-10-27,23905,1593,53,457,0,23981,1602,52,460,0,76,9,-1,3,0
2020-10-28,23981,1602,52,460,0,24073,1612,52,461,0,92,10,0,1,0
2020-10-29,24073,1612,52,461,0,24168,1641,53,462,0,95,29,1,1,0
2020-10-30,24168,1641,53,462,0,24227,1695,51,463,0,59,54,-2,1,0
2020-10-31,24227,1694,51,463,0,24311,1736,54,464,0,84,42,3,1,0
2020-11-01,24311,1736,54,464,0,24357,1812,51,466,0,46,76,-3,2,0
2020-11-02,24357,1812,51,466,0,24395,1869,49,468,0,38,57,-2,2,0
2020-11-03,24395,1869,49,468,0,24510,1825,52,472,0,115,-44,3,4,0
2020-11-04,24510,1825,52,472,0,24616,1835,53,474,0,106,10,1,2,0
2020-11-05,24616,1835,53,474,0,24735,1840,51,475,0,119,5,-2,1,0
2020-11-06,24735,1840,51,475,0,24821,1898,50,476,0,86,58,-1,1,0
2020-11-07,24821,1898,50,476,0,24910,1897,53,477,0,89,-1,3,1,0
2020-11-08,24910,1897,53,477,0,24968,1981,58,478,0,58,84,5,1,0
2020-11-09,24968,1981,58,478,0,25029,2044,57,480,0,61,63,-1,2,0
2020-11-10,25029,2044,57,480,0,25160,2008,54,485,0,131,-36,-3,5,0
2020-11-11,25160,2008,54,485,0,25266,2046,49,487,0,106,38,-5,2,0
2020-11-12,25266,2046,49,487,0,25404,2051,53,487,0,138,5,4,0,0
2020-11-13,25404,2051,53,487,0,25537,2108,50,488,0,133,57,-3,1,0
2020-11-14,25537,2108,50,488,0,25636,2210,54,492,0,99,102,4,4,0
2020-11-15,25636,2210,54,492,0,25691,2362,56,493,0,55,152,2,1,0
2020-11-16,25691,2362,56,493,0,25759,2516,55,494,0,68,154,-1,1,0
2020-11-17,25759,2515,55,494,0,25860,2644,60,494,0,101,129,5,0,0
2020-11-18,25860,2644,60,494,0,25973,2842,67,496,0,113,198,7,2,0
2020-11-19,25973,2842,67,496,0,26098,3058,79,498,0,125,216,12,2,0
2020-11-20,26098,3058,79,498,0,26263,3253,84,501,0,165,195,5,3,0
2020-11-21,26263,3253,84,501,0,26365,3535,86,503,0,102,282,2,2,0
2020-11-22,26365,3535,86,503,0,26466,3762,87,505,0,101,227,1,2,0
2020-11-23,26466,3762,87,505,0,26539,3956,79,509,0,73,194,-8,4,0
2020-11-24,26539,3956,79,509,0,26722,4121,79,510,0,183,165,0,1,0
2020-11-25,26722,4121,79,510,0,26825,4397,81,513,0,103,276,2,3,0
2020-11-26,26825,4397,81,513,0,26950,4853,78,515,0,125,456,-3,2,0
2020-11-27,26950,4853,78,515,0,27103,5268,77,516,0,153,415,-1,1,0
2020-11-28,27103,5252,77,516,0,27349,5504,78,522,0,246,252,1,6,0
2020-11-29,27349,5503,78,522,0,27542,5759,76,523,0,193,256,-2,1,0
2020-11-30,27542,5698,76,523,0,27625,6050,76,526,0,83,352,0,3,0
2020-12-01,27625,6050,76,526,0,27885,6241,97,526,0,260,191,21,0,0
2020-12-02,27885,6241,97,526,0,28065,6572,101,526,0,180,331,4,0,0
2020-12-03,28065,6572,101,526,0,28352,6822,117,529,0,287,250,16,3,0
2020-12-04,28352,6822,117,529,0,28611,7185,116,536,0,259,363,-1,7,0
2020-12-05,28611,7185,116,536,0,28917,7458,121,540,0,306,273,5,4,0
2020-12-06,28917,7458,121,540,0,29128,7873,125,545,0,211,415,4,5,0
2020-12-07,29128,7873,125,545,0,29301,8311,126,549,0,173,438,1,4,0
2020-12-08,29301,8311,126,549,0,29650,8553,134,552,0,349,242,8,3,0
2020-12-09,29650,8544,134,552,0,30177,8699,149,556,0,527,155,15,4,0
2020-12-10,30177,8683,149,556,0,30637,8897,172,564,0,460,214,23,8,0
2020-12-11,30637,8896,172,564,0,31157,9057,169,572,0,520,161,-3,8,0
2020-12-12,31157,9057,169,572,0,31493,9665,179,578,0,336,608,10,6,0
2020-12-13,31493,9665,179,578,0,31814,10372,179,580,0,321,707,0,2,0
2020-12-14,31814,10372,179,580,0,32102,10795,185,587,0,288,423,6,7,0
2020-12-15,32102,10795,185,587,0,32559,11205,205,600,0,457,410,20,13,0
2020-12-16,32559,11205,205,600,0,32947,11883,226,612,0,388,678,21,12,0
2020-12-17,32947,11880,226,612,0,33610,12209,242,634,0,663,329,16,22,0
2020-12-18,33610,12209,242,634,0,33982,12888,246,645,0,372,679,4,11,0
2020-12-19,33982,12890,246,645,0,34334,13577,275,659,0,352,687,29,14,0
2020-12-20,34334,13575,275,659,0,34722,14269,278,674,0,388,694,3,15,0
2020-12-21,34722,14269,278,674,0,35155,14738,274,698,0,433,469,-4,24,0
2020-12-22,35155,14738,274,698,0,35928,14810,281,722,0,773,72,7,24,0
2020-12-23,35928,14808,281,722,0,36726,15085,284,739,0,798,277,3,17,0
2020-12-24,36726,15083,284,739,0,37425,15352,291,756,0,699,269,7,17,0
2020-12-25,37425,15348,291,756,0,38048,15949,311,773,0,623,601,20,17,0
2020-12-26,38048,15949,311,773,0,38532,16577,299,793,0,484,628,-12,20,0
2020-12-27,38532,16577,299,793,0,39040,17024,293,808,0,508,447,-6,15,0
2020-12-28,39040,17024,293,808,0,39268,17593,295,819,0,228,569,2,11,0
2020-12-29,39268,17592,295,819,0,40703,17163,330,859,0,1435,-429,35,40,0
2020-12-30,40703,17161,330,859,0,41435,17459,332,879,0,732,298,2,20,0
2020-12-31,41435,17459,332,879,0,42271,17569,344,900,0,836,110,12,21,0
2021-01-01,42271,17569,344,900,0,42953,17899,354,917,0,682,330,10,17,0
2021-01-02,42953,17899,354,917,0,43578,18073,361,942,0,625,174,7,25,0
2021-01-03,43578,18067,361,942,0,44507,17775,355,962,0,929,-292,-6,20,0
2021-01-04,44507,17775,355,962,0,45240,18043,351,981,0,733,268,-4,19,0
2021-01-05,45240,18043,351,981,0,46172,17800,386,1007,0,932,-243,35,26,0
2021-01-06,46172,17799,386,1007,0,46995,17796,411,1027,0,823,-3,25,20,0
2021-01-07,46995,17794,411,1027,0,47649,17991,400,1046,0,654,197,-11,19,0
2021-01-08,47649,17989,400,1046,0,48369,17908,404,1081,0,720,-81,4,35,0
2021-01-09,48369,17908,404,1081,0,49324,17575,409,1100,0,955,-333,5,19,0
2021-01-10,49324,17575,409,1100,0,50409,17130,401,1125,0,1085,-445,-8,25,0
2021-01-11,50409,17129,401,1125,0,52552,15422,395,1140,0,2143,-1707,-6,15,0
2021-01-12,52552,15422,395,1140,0,53569,14917,390,1165,0,1017,-505,-5,25,0
2021-01-13,53569,14916,390,1165,0,54636,14391,374,1185,0,1067,-525,-16,20,0
2021-01-14,54636,14383,374,1185,0,55772,13761,380,1195,0,1136,-622,6,10,0
2021-01-15,55772,13761,380,1195,0,56536,13488,374,1217,0,764,-273,-6,22,0
2021-01-16,56536,13487,374,1217,0,57554,13030,360,1236,0,1018,-457,-14,19,0
2021-01-17,57554,13030,360,1236,0,58253,12838,352,1249,0,699,-192,-8,13,0
2021-01-18,58253,12838,352,1249,0,58723,12742,343,1264,0,470,-96,-9,15,0
2021-01-19,58723,12742,343,1264,0,59468,12364,335,1283,0,745,-378,-8,19,0
2021-01-20,59468,12363,335,1283,0,60180,12038,323,1300,0,712,-325,-12,17,0
2021-01-21,60180,12037,323,1300,0,60846,11756,317,1316,0,666,-281,-6,16,0
2021-01-22,60846,11754,317,1316,0,61415,11519,299,1328,0,569,-235,-18,12,0
2021-01-23,61415,11518,299,1328,0,62044,11311,297,1337,0,629,-207,-2,9,0
2021-01-24,62044,11311,297,1337,0,62530,11205,282,1349,0,486,-106,-15,12,0
2021-01-25,62530,11205,282,1349,0,62956,11205,275,1360,0,426,0,-7,11,0
2021-01-26,62956,11205,275,1360,0,64793,9711,270,1371,0,1837,-1494,-5,11,0
2021-01-27,64793,9706,270,1371,0,65478,9573,270,1378,0,685,-133,0,7,0
2021-01-28,65478,9573,270,1378,0,66016,9524,251,1386,0,538,-49,-19,8,0
2021-01-29,66016,9524,251,1386,0,66503,9493,239,1399,0,487,-31,-12,13,0
2021-01-30,66503,9400,239,1399,0,67121,9315,231,1414,0,618,-85,-8,15,0
2021-01-31,67121,9315,231,1414,0,67878,8907,229,1420,0,757,-408,-2,6,0
2021-02-01,67857,8926,229,1420,0,68309,8774,225,1425,0,452,-152,-4,5,0
2021-02-02,68309,8774,225,1425,0,68775,8634,224,1435,0,466,-140,-1,10,0
2021-02-03,68775,8634,224,1435,0,69299,8571,220,1441,0,524,-63,-4,6,0
2021-02-04,69299,8571,220,1441,0,69704,8610,211,1448,0,405,39,-9,7,0
2021-02-05,69704,8609,211,1448,0,70117,8555,200,1459,0,413,-54,-11,11,0
2021-02-06,70117,8555,200,1459,0,70505,8555,197,1464,0,388,0,-3,5,0
2021-02-07,70505,8555,197,1464,0,70865,8560,190,1471,0,360,5,-7,7,0
2021-02-08,70865,8560,190,1471,0,71218,8493,188,1474,0,353,-67,-2,3,0
2021-02-09,71218,8492,188,1474,0,71676,8329,189,1482,0,458,-163,1,8,0
2021-02-10,71676,8328,189,1482,0,72226,8218,184,1486,0,550,-110,-5,4,0
2021-02-11,72226,8218,184,1486,0,72638,8300,170,1496,0,412,82,-14,10,0
2021-02-12,72638,8300,170,1496,0,72936,8394,161,1507,0,298,94,-9,11,0
2021-02-13,72936,8394,161,1507,0,73227,8458,157,1514,0,291,64,-4,7,0
2021-02-14,73227,8458,157,1514,0,73559,8444,156,1522,0,332,-14,-1,8,0
2021-02-15,73559,8444,156,1522,0,73794,8548,156,1527,0,235,104,0,5,0
2021-02-16,73794,8547,156,1527,0,74551,8240,166,1534,0,757,-307,10,7,0
2021-02-17,74551,8240,166,1534,0,75360,8048,169,1538,0,809,-192,3,4,0
2021-02-18,75360,8048,169,1538,0,75896,8127,161,1544,0,536,79,-8,6,0
2021-02-19,75896,8127,161,1544,0,76513,8065,153,1550,0,617,-62,-8,6,0
2021-02-20,76513,8065,153,1550,0,77083,7938,156,1553,0,570,-127,3,3,0
2021-02-21,77083,7940,156,1553,0,77516,7919,155,1557,0,433,-21,-1,4,0
2021-02-22,77516,7919,155,1557,0,77887,7875,146,1562,0,371,-44,-9,5,0
2021-02-23,77887,7875,146,1562,0,78394,7714,148,1573,0,507,-161,2,11,0
2021-02-24,78394,7713,148,1573,0,79050,7494,140,1576,0,656,-219,-8,3,0
2021-02-25,79050,7494,140,1576,0,79487,7448,144,1581,0,437,-46,4,5,0
2021-02-26,79487,7448,144,1581,0,79880,7457,144,1585,0,393,9,0,4,0
2021-02-27,79880,7441,144,1585,0,80333,7393,142,1595,0,453,-48,-2,10,0
2021-02-28,80333,7392,142,1595,0,80697,7376,135,1603,0,364,-16,-7,8,0
2021-03-01,80697,7374,135,1603,0,81070,7354,131,1605,0,373,-20,-4,2,0
2021-03-02,81070,7353,131,1605,0,81338,7428,135,1606,0,268,75,4,1,0
2021-03-03,81338,7428,135,1606,0,81700,7504,129,1612,0,362,76,-6,6,0
2021-03-04,81700,7504,129,1612,0,82162,7459,140,1619,0,462,-45,11,7,0
2021-03-05,82162,7459,140,1619,0,82560,7451,135,1627,0,398,-8,-5,8,0
2021-03-06,82560,7450,135,1627,0,82913,7510,136,1632,0,353,60,1,5,0
2021-03-07,82913,7510,136,1632,0,83220,7617,134,1634,0,307,107,-2,2,0
2021-03-08,83220,7617,134,1634,0,83474,7701,128,1642,0,254,84,-6,8,0
2021-03-09,83474,7701,128,1642,0,83900,7718,128,1645,0,426,17,0,3,0
2021-03-10,83900,7718,128,1645,0,84312,7773,123,1648,0,412,55,-5,3,0
2021-03-11,84312,7773,123,1648,0,84675,7871,127,1652,0,363,98,4,4,0
2021-03-12,84675,7871,127,1652,0,85743,7281,126,1662,0,1068,-590,-1,10,0
2021-03-13,85743,7281,126,1662,0,86625,6884,112,1667,0,882,-397,-14,5,0
2021-03-14,86625,6884,112,1667,0,87408,6558,105,1669,0,783,-326,-7,2,0
2021-03-15,87408,6558,105,1669,0,87754,6588,99,1675,0,346,30,-6,6,0
2021-03-16,87754,6588,99,1675,0,88255,6447,103,1678,0,501,-141,4,3,0
2021-03-17,88255,6447,103,1678,0,88814,6349,100,1686,0,559,-98,-3,8,0
2021-03-18,88814,6349,100,1686,0,89178,6428,100,1688,0,364,79,0,2,0
2021-03-19,89178,6428,100,1688,0,89523,6544,101,1690,0,345,116,1,2,0
2021-03-20,89523,6544,101,1690,0,89949,6567,102,1693,0,426,23,1,3,0
2021-03-21,89949,6567,102,1693,0,90328,6641,104,1696,0,379,74,2,3,0
2021-03-22,90328,6636,104,1696,0,90611,6767,103,1697,0,283,131,-1,1,0
2021-03-23,90611,6767,103,1697,0,91079,6638,101,1704,0,468,-129,-2,7,0
2021-03-24,91079,6635,101,1704,0,91560,6579,111,1707,0,481,-56,10,3,0
2021-03-25,91560,6579,111,1707,0,92068,6499,111,1709,0,508,-80,0,2,0
2021-03-26,92068,6499,111,1709,0,92630,6424,111,1716,0,562,-75,0,7,0
2021-03-27,92630,6424,111,1716,0,93475,6079,103,1721,0,845,-345,-8,5,0
2021-03-28,93475,6079,103,1721,0,93855,6180,104,1722,0,380,101,1,1,0
2021-03-29,93855,6180,104,1722,0,94124,6291,100,1726,0,269,111,-4,4,0
2021-03-30,94124,6285,100,1726,0,94563,6290,102,1729,0,439,5,2,3,0
2021-03-31,94563,6290,102,1729,0,95030,6327,108,1731,0,467,37,6,2,0
2021-04-01,95030,6327,108,1731,0,95439,6465,107,1735,0,409,138,-1,4,0
2021-04-02,95439,6462,107,1735,0,95861,6596,101,1737,0,422,134,-6,2,0
2021-04-03,95861,6595,101,1737,0,96196,6800,101,1740,0,335,205,0,3,0
2021-04-04,96196,6800,101,1740,0,96589,6946,99,1744,0,393,146,-2,4,0
2021-04-05,96589,6946,99,1744,0,96900,7104,97,1748,0,311,158,-2,4,0
2021-04-06,96900,7104,97,1748,0,97363,7115,112,1752,0,463,11,15,4,0
2021-04-07,97363,7115,112,1752,0,97928,7214,109,1756,0,565,99,-3,4,0
2021-04-08,97928,7214,109,1756,0,98360,7480,112,1758,0,432,266,3,2,0
2021-04-09,98360,7480,112,1758,0,98786,7719,113,1764,0,426,239,1,6,0
2021-04-10,98786,7718,113,1764,0,99301,7879,108,1765,0,515,161,-5,1,0
2021-04-11,99301,7879,108,1765,0,100109,7682,105,1768,0,808,-197,-3,3,0
2021-04-12,100109,7682,105,1768,0,100804,7572,103,1770,0,695,-110,-2,2,0
2021-04-13,100804,7572,103,1770,0,101332,7581,101,1775,0,528,9,-2,5,0
2021-04-14,101332,7581,101,1775,0,101983,7654,100,1782,0,651,73,-1,7,0
2021-04-15,101983,7654,100,1782,0,102513,7816,99,1788,0,530,162,-1,6,0
2021-04-16,102513,7815,99,1788,0,103062,7937,111,1790,0,549,122,12,2,0
2021-04-17,103062,7934,111,1790,0,103594,8056,108,1794,0,532,122,-3,4,0
2021-04-18,103594,8055,108,1794,0,104006,8312,102,1797,0,412,257,-6,3,0
2021-04-19,104006,8311,102,1797,0,104474,8371,99,1801,0,468,60,-3,4,0
2021-04-20,104474,8371,99,1801,0,105227,8166,109,1802,0,753,-205,10,1,0
2021-04-21,105227,8166,109,1802,0,105877,8243,116,1806,0,650,77,7,4,0
2021-04-22,105877,8243,116,1806,0,106459,8394,125,1808,0,582,151,9,2,0
2021-04-23,106459,8394,125,1808,0,107071,8576,127,1811,0,612,182,2,3,0
2021-04-24,107071,8576,127,1811,0,107781,8650,136,1812,0,710,74,9,1,0
2021-04-25,107781,8650,136,1812,0,108475,8599,136,1813,0,694,-51,0,1,0
2021-04-26,108475,8599,136,1813,0,108850,8720,132,1817,0,375,121,-4,4,0
2021-04-27,108850,8719,132,1817,0,109695,8383,156,1820,0,845,-336,24,3,0
2021-04-28,109695,8383,156,1820,0,110248,8604,160,1821,0,553,221,4,1,0
2021-04-29,110248,8602,160,1821,0,110787,8739,157,1825,0,539,137,-3,4,0
2021-04-30,110787,8734,157,1825,0,111422,8757,164,1828,0,635,23,7,3,0
2021-05-01,111422,8757,164,1828,0,112337,8466,174,1831,0,915,-291,10,3,0
2021-05-02,112337,8466,174,1831,0,112865,8542,170,1833,0,528,76,-4,2,0
2021-05-03,112865,8542,170,1833,0,113356,8538,164,1834,0,491,-4,-6,1,0
2021-05-04,113356,8538,164,1834,0,114128,8301,162,1840,0,772,-237,-2,6,0
2021-05-05,114128,8301,162,1840,0,114944,8154,173,1847,0,816,-147,11,7,0
2021-05-06,114944,8154,173,1847,0,115491,8177,172,1851,0,547,23,-1,4,0
2021-05-07,115491,8177,172,1851,0,116022,8162,162,1860,0,531,-15,-10,9,0
2021-05-08,116022,8162,162,1860,0,116881,7999,165,1865,0,859,-163,3,5,0
2021-05-09,116881,7999,165,1865,0,117423,8012,160,1874,0,542,13,-5,9,0
2021-05-10,117423,8012,160,1874,0,117844,8053,161,1875,0,421,41,1,1,0
2021-05-11,117844,8053,161,1875,0,118717,7687,171,1879,0,873,-366,10,4,0
2021-05-12,118717,7687,171,1879,0,119373,7661,167,1884,0,656,-26,-4,5,0
2021-05-13,119373,7661,167,1884,0,119906,7836,160,1891,0,533,175,-7,7,0
2021-05-14,119906,7836,160,1891,0,120395,8092,153,1893,0,489,256,-7,2,0
2021-05-15,120395,8092,153,1893,0,121282,7883,150,1896,0,887,-209,-3,3,0
2021-05-16,121282,7883,150,1896,0,121764,8007,150,1900,0,482,124,0,4,0
2021-05-17,121764,8007,150,1900,0,122163,8224,151,1903,0,399,217,1,3,0
2021-05-18,122163,8224,151,1903,0,122631,8283,156,1904,0,468,59,5,1,0
2021-05-19,122631,8282,156,1904,0,123237,8322,148,1912,0,606,40,-8,8,0
2021-05-20,123237,8322,148,1912,0,123659,8542,151,1916,0,422,220,3,4,0
2021-05-21,123659,8542,151,1916,0,124158,8598,147,1922,0,499,56,-4,6,0
2021-05-22,124158,8598,147,1922,0,125032,8386,150,1926,0,874,-212,3,4,0
2021-05-23,125032,8386,150,1926,0,125881,8117,149,1931,0,849,-269,-1,5,0
2021-05-24,125881,8117,149,1931,0,126427,8106,144,1934,0,546,-11,-5,3,0
2021-05-25,126427,8106,144,1934,0,126993,8052,160,1938,0,566,-54,16,4,0
2021-05-26,126993,8044,160,1938,0,127582,8160,151,1940,0,589,116,-9,2,0
2021-05-27,127574,8160,151,1940,0,128180,8188,154,1943,0,606,28,3,3,0
2021-05-28,128180,8188,154,1943,0,128761,8191,156,1946,0,581,3,2,3,0
2021-05-29,128759,8193,156,1946,0,129739,7741,160,1951,0,980,-452,4,5,0
2021-05-30,129739,7740,160,1951,0,130381,7572,150,1957,0,642,-168,-10,6,0
2021-05-31,130381,7572,150,1957,0,130823,7558,149,1959,0,442,-14,-1,2,0
2021-06-01,130823,7558,149,1959,0,131463,7373,158,1963,0,640,-185,9,4,0
2021-06-02,131463,7373,158,1963,0,132068,7443,151,1965,0,605,70,-7,2,0
2021-06-03,132068,7443,151,1965,0,132699,7490,149,1968,0,631,47,-2,3,0
2021-06-04,132699,7490,149,1968,0,133289,7594,151,1969,0,590,104,2,1,0
2021-06-05,133289,7594,151,1969,0,133763,7862,151,1971,0,474,268,0,2,0
2021-06-06,133763,7862,151,1971,0,134262,7917,150,1973,0,499,55,-1,2,0
2021-06-07,134262,7917,150,1973,0,134861,7802,152,1974,0,599,-115,2,1,0
2021-06-08,134861,7802,152,1974,0,135412,7704,149,1975,0,551,-98,-3,1,0
2021-06-09,135412,7703,149,1975,0,136174,7541,146,1977,0,762,-162,-3,2,0
2021-06-10,136174,7541,146,1977,0,136713,7611,154,1979,0,539,70,8,2,0
2021-06-11,136713,7611,154,1979,0,137224,7654,153,1981,0,511,43,-1,2,0
2021-06-12,137224,7652,153,1981,0,138037,7403,155,1982,0,813,-249,2,1,0
2021-06-13,138037,7403,155,1982,0,138581,7308,146,1985,0,544,-95,-9,3,0
2021-06-14,138581,7308,146,1985,0,139022,7263,153,1988,0,441,-45,7,3,0
2021-06-15,139022,7263,153,1988,0,139733,6922,158,1992,0,711,-341,5,4,0
2021-06-16,139733,6921,158,1992,0,140438,6760,159,1993,0,705,-161,1,1,0
2021-06-17,140438,6760,159,1993,0,141029,6708,156,1994,0,591,-52,-3,1,0
2021-06-18,141029,6708,156,1994,0,141816,6426,149,1996,0,787,-282,-7,2,0
2021-06-19,141816,6426,149,1996,0,142385,6338,151,1997,0,569,-88,2,1,0
2021-06-20,142385,6338,151,1997,0,142899,6248,146,2002,0,514,-90,-5,5,0
2021-06-21,142899,6248,146,2002,0,143268,6234,137,2004,0,369,-14,-9,2,0
2021-06-22,143268,6234,137,2004,0,143817,6078,135,2006,0,549,-156,-2,2,0
2021-06-23,143817,6077,135,2006,0,144379,6159,146,2007,0,562,82,11,1,0
2021-06-24,144379,6159,146,2007,0,144788,6359,141,2008,0,409,200,-5,1,0
2021-06-25,144788,6359,141,2008,0,145389,6391,143,2009,0,601,32,2,1,0
2021-06-26,145389,6391,143,2009,0,145989,6456,149,2012,0,600,65,6,3,0
2021-06-27,145989,6456,149,2012,0,146340,6718,147,2013,0,351,262,-2,1,0
2021-06-28,146340,6718,147,2013,0,146675,6882,141,2015,0,335,164,-6,2,0
2021-06-29,146675,6882,141,2015,0,147077,7073,152,2017,0,402,191,11,2,0
2021-06-30,147077,7073,152,2017,0,147693,7250,149,2018,0,616,177,-3,1,0
2021-07-01,147693,7250,149,2018,0,148024,7678,144,2021,0,331,428,-5,3,0
2021-07-02,148024,7678,144,2021,0,148319,8206,145,2024,0,295,528,1,3,0
2021-07-03,148319,8205,145,2024,0,149132,8185,144,2025,0,813,-20,-1,1,0
2021-07-04,149132,8184,144,2025,0,149614,8444,143,2026,0,482,260,-1,1,0
2021-07-05,149614,8444,143,2026,0,150044,8723,139,2028,0,430,279,-4,2,0
2021-07-06,150044,8723,139,2028,0,150760,8749,144,2032,0,716,26,5,4,0
2021-07-07,150760,8749,144,2032,0,151500,9220,155,2033,0,740,471,11,1,0
2021-07-08,151500,9220,155,2033,0,151923,10071,153,2034,0,423,851,-2,1,0
2021-07-09,151923,10071,153,2034,0,152498,10810,148,2036,0,575,739,-5,2,0
2021-07-10,152498,10810,148,2036,0,153153,11531,148,2038,0,655,721,0,2,0
2021-07-11,153153,11531,148,2038,0,153760,12243,145,2043,0,607,712,-3,5,0
2021-07-12,153760,12243,145,2043,0,154187,12915,138,2044,0,427,672,-7,1,0
2021-07-13,154187,12915,138,2044,0,154752,13498,146,2046,0,565,583,8,2,0
2021-07-14,154752,13498,146,2046,0,155491,14372,163,2048,0,739,874,17,2,0
2021-07-15,155491,14372,163,2048,0,156509,14952,167,2050,0,1018,580,4,2,0
2021-07-16,156509,14951,167,2050,0,157113,15882,171,2051,0,604,931,4,1,0
2021-07-17,157113,15881,171,2051,0,157960,16485,185,2055,0,847,604,14,4,0
2021-07-18,157960,16482,185,2055,0,158953,16941,187,2057,0,993,459,2,2,0
2021-07-19,158953,16941,187,2057,0,159630,17515,185,2058,0,677,574,-2,1,0
2021-07-20,159630,17515,185,2058,0,160347,18075,207,2059,0,717,560,22,1,0
2021-07-21,160347,18075,207,2059,0,161634,18571,214,2060,0,1287,496,7,1,0
2021-07-22,161634,18567,214,2060,0,163073,18967,218,2063,0,1439,400,4,3,0
2021-07-23,163073,18967,218,2063,0,164206,19461,227,2066,0,1133,494,9,3,0
2021-07-24,164206,19461,227,2066,0,165246,20048,254,2068,0,1040,587,27,2,0
2021-07-25,165246,20047,254,2068,0,166375,20400,257,2073,0,1129,353,3,5,0
2021-07-26,166375,20400,257,2073,0,167365,20724,244,2077,0,990,324,-13,4,0
2021-07-27,167365,20724,244,2077,0,168629,20823,269,2079,0,1264,99,25,2,0
2021-07-28,168629,20823,269,2079,0,170494,20850,286,2083,0,1865,27,17,4,0
2021-07-29,170494,20848,286,2083,0,171559,21455,285,2085,0,1065,607,-1,2,0
2021-07-30,171559,21452,285,2085,0,172757,21960,299,2089,0,1198,508,14,4,0
2021-07-31,172757,21960,299,2089,0,174177,22073,317,2095,0,1420,113,18,6,0
2021-08-01,174177,22073,317,2095,0,175674,22015,324,2098,0,1497,-58,7,3,0
2021-08-02,175674,22011,324,2098,0,176605,22298,326,2099,0,931,287,2,1,0
2021-08-03,176605,22297,326,2099,0,177909,22190,331,2104,0,1304,-107,5,5,0
2021-08-04,177909,22188,331,2104,0,179123,22697,329,2106,0,1214,509,-2,2,0
2021-08-05,179123,22697,329,2106,0,180719,22874,369,2109,0,1596,177,40,3,0
2021-08-06,180719,22874,369,2109,0,182052,23241,376,2113,0,1333,367,7,4,0
2021-08-07,182052,23240,376,2113,0,183789,23323,377,2116,0,1737,83,1,3,0
2021-08-08,183789,23322,377,2116,0,185003,23832,376,2121,0,1214,510,-1,5,0
2021-08-09,185003,23832,376,2121,0,186242,24081,367,2125,0,1239,249,-9,4,0
2021-08-10,186242,24080,367,2125,0,187523,24330,379,2134,0,1281,250,12,9,0
2021-08-11,187523,24326,379,2134,0,189506,24565,387,2135,0,1983,239,8,1,0
2021-08-12,189506,24564,387,2135,0,190535,25519,372,2138,0,1029,955,-15,3,0
2021-08-13,190535,25519,372,2138,0,192248,25790,369,2144,0,1713,271,-3,6,0
2021-08-14,192248,25789,369,2144,0,193778,26185,386,2148,0,1530,396,17,4,0
2021-08-15,193778,26185,386,2148,0,195103,26669,374,2156,0,1325,484,-12,8,0
2021-08-16,195103,26666,374,2156,0,196198,27116,353,2167,0,1095,450,-21,11,0
2021-08-17,196198,27116,353,2167,0,197224,27457,354,2173,0,1026,341,1,6,0
2021-08-18,197224,27455,354,2173,0,199582,26897,366,2178,0,2358,-558,12,5,0
2021-08-19,199582,26896,366,2178,0,201235,27382,390,2191,0,1653,486,24,13,0
2021-08-20,201235,27381,390,2191,0,202775,27887,385,2197,0,1540,506,-5,6,0
2021-08-21,202775,27887,385,2197,0,204518,28019,403,2202,0,1743,132,18,5,0
2021-08-22,204518,28018,403,2202,0,206276,27875,395,2215,0,1758,-143,-8,13,0
2021-08-23,206276,27873,395,2215,0,207601,27959,399,2222,0,1325,86,4,7,0
2021-08-24,207601,27955,399,2222,0,209193,27866,420,2228,0,1592,-89,21,6,0
2021-08-25,209193,27863,420,2228,0,211177,28025,434,2237,0,1984,162,14,9,0
2021-08-26,211177,28021,434,2237,0,212871,28189,425,2257,0,1694,168,-9,20,0
2021-08-27,212871,28189,425,2257,0,214673,28220,427,2265,0,1802,31,2,8,0
2021-08-28,214673,28220,427,2265,0,216989,27686,409,2276,0,2316,-534,-18,11,0
2021-08-29,216989,27684,409,2276,0,218726,27563,404,2279,0,1737,-121,-5,3,0
2021-08-30,218726,27559,404,2279,0,220358,27409,396,2284,0,1632,-150,-8,5,0
2021-08-31,220358,27407,396,2284,0,221701,27435,409,2285,0,1343,28,13,1,0
2021-09-01,221701,27434,409,2285,0,224319,26834,399,2292,0,2618,-600,-10,7,0
2021-09-02,224319,26829,399,2292,0,226222,26876,371,2303,0,1903,47,-28,11,0
2021-09-03,226222,26876,371,2303,0,228618,26184,367,2308,0,2396,-692,-4,5,0
2021-09-04,228618,26183,367,2308,0,230405,26193,376,2315,0,1787,10,9,7,0
2021-09-05,230405,26193,376,2315,0,232334,25748,363,2321,0,1929,-445,-13,6,0
2021-09-06,232334,25748,363,2321,0,233695,25756,358,2327,0,1361,8,-5,6,0
2021-09-07,233695,25755,358,2327,0,235225,25819,364,2330,0,1530,64,6,3,0
2021-09-08,235225,25818,364,2330,0,237286,25803,387,2334,0,2061,-15,23,4,0
2021-09-09,237286,25801,387,2334,0,238920,26207,366,2343,0,1634,406,-21,9,0
2021-09-10,238920,26207,366,2343,0,240733,26281,353,2348,0,1813,74,-13,5,0
2021-09-11,240733,26281,353,2348,0,242960,25909,352,2358,0,2227,-372,-1,10,0
2021-09-12,242960,25909,352,2358,0,244459,26164,351,2359,0,1499,255,-1,1,0
2021-09-13,244459,26164,351,2359,0,245505,26550,342,2360,0,1046,386,-9,1,0
2021-09-14,245505,26548,342,2360,0,247647,25896,340,2367,0,2142,-652,-2,7,0
2021-09-15,247647,25895,340,2367,0,249833,25776,350,2380,0,2186,-119,10,13,0
2021-09-16,249833,25774,350,2380,0,252038,25506,348,2386,0,2205,-268,-2,6,0
2021-09-17,252038,25506,348,2386,0,254094,25455,332,2389,0,2056,-51,-16,3,0
2021-09-18,254094,25452,332,2389,0,256029,25599,329,2394,0,1935,147,-3,5,0
2021-09-19,256029,25598,329,2394,0,257449,26078,333,2404,0,1420,480,4,10,0
2021-09-20,257449,26078,333,2404,0,259011,26116,332,2409,0,1562,38,-1,5,0
2021-09-21,259011,26114,332,2409,0,260090,26760,328,2413,0,1079,646,-4,4,0
2021-09-22,260090,26760,328,2413,0,261812,26752,317,2419,0,1722,-8,-11,6,0
2021-09-23,261812,26752,317,2419,0,262842,27430,312,2427,0,1030,678,-5,8,0
2021-09-24,262842,27429,312,2427,0,264492,28206,309,2434,0,1650,777,-3,7,0
2021-09-25,264492,28203,309,2434,0,266414,29547,339,2441,0,1922,1344,30,7,0
2021-09-26,266414,29546,339,2441,0,268140,30582,320,2450,0,1726,1036,-19,9,0
2021-09-27,268140,30580,320,2450,0,269132,31965,319,2456,0,992,1385,-1,6,0
2021-09-28,269132,31965,319,2456,0,270928,32450,324,2464,0,1796,485,5,8,0
2021-09-29,270928,32448,324,2464,0,272724,33527,331,2474,0,1796,1079,7,10,0
2021-09-30,272724,33527,331,2474,0,274205,34603,336,2481,0,1481,1076,5,7,0
2021-10-01,274205,34601,336,2481,0,275576,35700,323,2497,0,1371,1099,-13,16,0
2021-10-02,275576,35699,323,2497,0,277092,36424,336,2504,0,1516,725,13,7,0
2021-10-03,277092,36423,336,2504,0,278847,36751,346,2507,0,1755,328,10,3,0
2021-10-04,278847,36750,346,2507,0,282669,34595,348,2513,0,3822,-2155,2,6,0
2021-10-05,282669,34595,348,2513,0,284197,34631,346,2524,0,1528,36,-2,11,0
2021-10-06,284197,34630,346,2524,0,287040,33803,354,2536,0,2843,-827,8,12,0
2021-10-07,287040,33801,354,2536,0,288822,34438,375,2544,0,1782,637,21,8,0
2021-10-08,288822,34434,375,2544,0,292091,33331,377,2554,0,3269,-1103,2,10,0
2021-10-09,292091,33327,377,2554,0,294929,32436,384,256,0,2838,-891,7,6,0
2021-10-10,294929,32436,384,2560,0,296708,32236,377,2575,0,1779,-200,-7,15,0
2021-10-11,296708,32236,377,2575,0,298022,32211,371,2583,0,1314,-25,-6,8,0
2021-10-12,298022,32211,371,2583,0,299260,32309,364,2594,0,1238,98,-7,11,0
2021-10-13,299260,32304,364,2594,0,302066,31071,359,2605,0,2806,-1233,-5,11,0
2021-10-14,302066,31068,359,2605,0,303719,31342,371,2618,0,1653,274,12,13,0
2021-10-15,303719,31340,371,2618,0,305851,30884,371,2626,0,2132,-456,0,8,0
2021-10-16,305851,30883,371,2626,0,308187,30147,361,2644,0,2336,-736,-10,18,0
2021-10-17,308187,30145,361,2644,0,310344,29392,348,2660,0,2157,-753,-13,16,0
2021-10-18,310344,29391,348,2660,0,311781,28996,345,2668,0,1437,-395,-3,8,0
2021-10-19,311781,28996,345,2668,0,313432,28397,344,2689,0,1651,-599,-1,21,0
2021-10-20,313432,28396,344,2689,0,316607,26783,347,2698,0,3175,-1613,3,9,0
2021-10-21,316607,26783,347,2698,0,317755,27065,349,2709,0,1148,282,2,11,0
2021-10-22,317755,27065,349,2709,0,320317,25927,342,2725,0,2562,-1138,-7,16,0
2021-10-23,320317,25926,342,2725,0,322536,25195,327,2745,0,2219,-731,-15,20,0
2021-10-24,322536,25195,327,2745,0,323393,25740,316,2766,0,857,545,-11,21,0
2021-10-25,323393,25740,316,2766,0,324448,25868,322,2773,0,1055,128,6,7,0
2021-10-26,324448,25868,322,2773,0,327592,23975,334,2788,0,3144,-1893,12,15,0
2021-10-27,327592,23973,334,2788,0,329658,23850,341,2797,0,2066,-123,7,9,0
2021-10-28,329658,23846,341,2797,0,330853,24751,345,2808,0,1195,905,4,11,0
2021-10-29,330853,24751,345,2808,0,322995,24724,331,2817,0,2142,-27,-14,9,0
2021-10-30,332995,24723,331,2817,0,334581,25228,339,2830,0,1586,505,8,13,0
2021-10-31,334581,25228,339,2830,0,336548,25303,332,2849,0,1967,75,-7,19,0
2021-11-01,0,0,332,2849,496,0,0,343,2858,448,0,0,11,9,-48
2021-11-02,0,0,343,2858,0,0,0,347,2874,0,0,0,4,16,0
2021-11-03,0,0,347,2874,0,0,0,378,2892,0,0,0,31,18,0
2021-11-04,0,0,378,2892,0,0,0,365,2916,0,0,0,-13,24,0
2021-11-05,0,0,365,2916,0,0,0,382,2936,0,0,0,17,20,0
2021-11-06,0,0,382,2936,0,0,0,411,2956,0,0,0,29,20,0
2021-11-07,0,0,411,2956,0,0,0,405,2967,0,0,0,-6,11,0
2021-11-08,0,0,405,2967,450,0,0,409,2980,361,0,0,4,13,-89
2021-11-09,0,0,409,2980,361,0,0,425,2998,388,0,0,16,18,27
2021-11-10,0,0,425,2998,388,0,0,460,3012,508,0,0,35,14,120
2021-11-11,0,0,460,3012,508,0,0,473,3033,500,0,0,13,21,-8
2021-11-12,0,0,473,3033,500,0,0,475,3051,527,0,0,2,18,27
2021-11-13,0,0,475,3051,527,0,0,485,3083,549,0,0,10,32,22
2021-11-14,0,0,485,3083,549,0,0,483,3103,465,0,0,-2,20,-84
2021-11-15,0,0,483,3103,465,0,0,471,3115,483,0,0,-12,12,18
2021-11-16,0,0,471,3115,483,0,0,495,3137,463,0,0,24,22,-20
2021-11-17,0,0,495,3137,463,0,0,522,3158,449,0,0,27,21,-14
2021-11-18,0,0,522,3158,449,0,0,506,3187,566,0,0,-16,29,117
2021-11-19,0,0,506,3187,566,0,0,499,3215,573,0,0,-7,28,7
2021-11-20,0,0,499,3215,573,0,0,508,3244,650,0,0,9,29,77
2021-11-21,0,0,508,3244,650,0,0,517,3274,510,0,0,8,30,140
2021-11-22,0,0,517,3274,510,0,0,515,3298,592,0,0,-2,24,82
2021-11-23,0,0,515,3298,592,0,0,549,3328,542,0,0,34,30,-50
2021-11-24,0,0,549,3328,542,0,0,586,3362,660,0,0,37,34,118
2021-11-25,0,0,586,3362,660,0,0,612,3401,674,0,0,26,39,14
2021-11-26,0,0,612,3401,674,0,0,617,3440,704,0,0,5,39,30
2021-11-27,0,0,617,3440,704,0,0,634,3492,640,0,0,17,52,-64
2021-11-28,0,0,634,3492,640,0,0,647,3548,746,0,0,13,56,106
2021-11-29,0,0,647,3548,746,0,0,629,3580,577,0,0,-18,32,-169
2021-11-30,0,0,629,3580,577,0,0,661,3624,629,0,0,32,44,52
2021-12-01,0,0,661,3624,629,0,0,723,3658,626,0,0,62,34,-3
2021-12-02,0,0,723,3658,626,0,0,733,3705,762,0,0,10,47,136
2021-12-03,0,0,733,3705,762,0,0,736,3739,750,0,0,3,34,-12
2021-12-04,0,0,736,3739,750,0,0,752,3809,626,0,0,16,70,-124
2021-12-05,0,0,752,3809,626,0,0,744,3852,800,0,0,-8,43,174
2021-12-06,0,0,744,3852,800,0,0,727,3893,681,0,0,-17,41,-119
2021-12-07,0,0,727,3893,681,0,0,774,3957,716,0,0,47,64,35
2021-12-08,0,0,774,3957,716,0,0,840,4020,860,0,0,66,63,144
2021-12-09,0,0,840,4020,860,0,0,857,4077,945,0,0,17,57,85
2021-12-10,0,0,857,4077,945,0,0,852,4130,796,0,0,-5,53,-149
2021-12-11,0,0,852,4130,796,0,0,856,4210,825,0,0,4,80,29
2021-12-12,0,0,856,4210,825,0,0,894,4253,845,0,0,38,43,20
2021-12-13,0,0,894,4253,845,0,0,876,4293,697,0,0,-18,40,-148
2021-12-14,0,0,876,4293,697,0,0,906,4387,756,0,0,30,94,59
2021-12-15,0,0,906,4386,756,0,0,964,4456,831,0,0,58,70,75
2021-12-16,0,0,964,4456,831,0,0,989,4518,796,0,0,25,62,-35
2021-12-17,0,0,989,4518,796,0,0,971,4591,752,0,0,-18,73,-44
2021-12-18,0,0,971,4591,752,0,0,1016,4644,740,0,0,45,53,-12
2021-12-19,0,0,1016,4644,740,0,0,1025,4722,713,0,0,9,78,-27
2021-12-20,0,0,1025,4722,713,0,0,997,4776,581,0,0,-28,54,-132
2021-12-21,0,0,997,4776,581,0,0,1022,4828,622,0,0,25,52,41
2021-12-22,0,0,1022,4828,622,0,0,1063,4906,759,0,0,41,78,137
2021-12-23,0,0,1063,4906,759,0,0,1083,5015,683,0,0,20,109,-76
2021-12-24,0,0,1083,5015,683,0,0,1084,5071,699,0,0,1,56,16
2021-12-25,0,0,1084,5071,699,0,0,1105,5176,591,0,0,21,105,-108
2021-12-26,0,0,1105,5176,591,0,0,1081,5245,575,0,0,-24,69,-16
2021-12-27,0,0,1081,5245,575,0,0,1078,5300,391,0,0,-3,55,-184
2021-12-28,0,0,1078,5300,391,0,0,1102,5346,408,0,0,24,46,17
2021-12-29,0,0,1102,5346,408,0,0,1151,5382,607,0,0,49,36,199
2021-12-30,0,0,1151,5382,607,0,0,1145,5455,585,0,0,-6,73,-22
2021-12-31,0,0,1145,5455,585,0,0,1056,5563,558,0,0,-89,108,-27
2022-01-01,0,0,1056,5563,558,0,0,1049,5625,546,0,0,-7,62,-12
2022-01-02,0,0,1049,5625,546,0,0,1024,5694,450,0,0,-25,69,-96
2022-01-03,0,0,1024,5694,450,0,0,1015,5730,347,0,0,-9,36,-103
2022-01-04,0,0,1015,5730,347,0,0,973,5781,329,0,0,-42,51,-18
2022-01-05,0,0,973,5781,329,0,0,953,5838,526,0,0,-20,57,197
2022-01-06,0,0,953,5838,526,0,0,882,5887,441,0,0,-71,49,-85
2022-01-07,0,0,882,5887,441,0,0,839,5932,471,0,0,-43,45,30
2022-01-08,0,0,839,5932,471,0,0,838,5986,406,0,0,-1,54,-65
2022-01-09,0,0,838,5986,406,0,0,821,6037,419,0,0,-17,51,13
2022-01-10,0,0,821,6037,419,0,0,786,6071,372,0,0,-35,34,-47
2022-01-11,0,0,786,6071,372,0,0,780,6114,350,0,0,-6,43,-22
2022-01-12,0,0,780,614,350,0,0,749,6166,450,0,0,-31,52,100
2022-01-13,0,0,749,6166,450,0,0,701,6210,469,0,0,-48,44,19
2022-01-14,0,0,701,6210,469,0,0,659,6259,510,0,0,-42,49,41
2022-01-15,0,0,659,6259,510,0,0,626,6281,452,0,0,-33,22,-58
2022-01-16,0,0,626,6281,452,0,0,612,6310,457,0,0,-14,29,5
2022-01-17,0,0,612,6310,457,0,0,579,6333,454,0,0,-33,23,-3
2022-01-18,0,0,579,6333,454,0,0,543,6378,463,0,0,-36,45,9
2022-01-19,0,0,543,6378,463,0,0,532,6452,682,0,0,-11,74,219
2022-01-20,0,0,532,6452,682,0,0,488,6480,668,0,0,-44,28,-14
2022-01-21,0,0,488,6480,668,0,0,431,6501,626,0,0,-57,21,-42
2022-01-22,0,0,431,6501,626,0,0,433,6529,720,0,0,2,28,94
2022-01-23,0,0,433,6529,720,0,0,431,6540,801,0,0,-2,11,81
2022-01-24,0,0,431,6540,801,0,0,418,6565,701,0,0,-13,25,-100
2022-01-25,0,0,418,6565,701,0,0,392,6588,779,0,0,-26,23,78
2022-01-26,0,0,392,6588,779,0,0,385,6620,902,0,0,-7,32,123
2022-01-27,0,0,385,6620,902,0,0,350,6654,1017,0,0,-35,34,115
2022-01-28,0,0,350,6654,1017,0,0,316,6678,967,0,0,-34,24,-50
2022-01-29,0,0,316,6678,967,0,0,288,6712,1032,0,0,-28,34,65
2022-01-30,0,0,288,6712,1032,0,0,277,6732,1055,0,0,-11,20,23
2022-01-31,0,0,277,6732,1055,0,0,277,6755,1054,0,0,0,23,-1
2022-02-01,0,0,277,6755,1054,0,0,272,6772,1001,0,0,-5,17,-53
2022-02-02,0,0,272,6772,1001,0,0,278,6787,1202,0,0,6,15,201
2022-02-03,0,0,278,6787,1202,0,0,274,6812,1200,0,0,-4,25,-2
2022-02-04,0,0,274,6812,1200,0,0,257,6836,1364,0,0,-17,24,164
2022-02-05,0,0,257,6836,1364,0,0,269,6858,157,0,0,12,22,207
2022-02-06,0,0,269,6858,1571,0,0,272,6873,1360,0,0,3,15,-211
2022-02-07,0,0,277,6873,1360,0,0,270,6886,925,0,0,-2,13,-435
2022-02-08,0,0,270,6886,1299,0,0,268,6922,1369,0,0,-2,36,70
2022-02-09,0,0,268,6922,1369,0,0,285,6943,1469,0,0,17,21,100
2022-02-10,0,0,285,6943,1469,0,0,282,6963,1393,0,0,-3,20,-76
2022-02-11,0,0,287,6963,1393,0,0,271,7012,2021,0,0,-11,49,628
2022-02-12,0,0,271,7012,1278,0,0,275,7045,1432,0,0,4,33,154
2022-02-13,0,0,275,7045,1432,0,0,288,7081,1316,0,0,13,36,-116
2022-02-14,0,0,288,7081,1316,0,0,306,7102,1219,0,0,18,21,-97
2022-02-15,0,0,306,7102,1219,0,0,314,7163,1199,0,0,8,61,-20
2022-02-16,0,0,314,7163,1199,0,0,313,7202,1686,0,0,-1,39,487
2022-02-17,0,0,313,7202,1686,0,0,389,7238,1496,0,0,76,36,-190
2022-02-18,0,0,389,7238,1496,0,0,385,7283,1507,0,0,-4,45,11
2022-02-19,0,0,385,7283,1507,0,0,408,7354,1479,0,0,23,71,-28
2022-02-20,0,0,408,7354,1479,0,0,439,7405,1605,0,0,31,51,126
2022-02-21,0,0,439,7405,1605,0,0,480,7450,1382,0,0,41,45,-223
2022-02-22,0,0,480,7450,1382,0,0,480,7508,1501,0,0,0,58,119
2022-02-23,0,0,480,7508,1501,0,0,512,7607,1883,0,0,32,99,382
2022-02-24,0,0,512,7607,1883,0,0,581,7689,1818,0,0,69,82,-65
2022-02-25,0,0,581,7689,1818,0,0,655,7783,1936,0,0,74,94,118
2022-02-26,0,0,655,7783,1936,0,0,643,7895,1967,0,0,-12,112,31
2022-02-27,0,0,643,7895,1967,0,0,663,7944,1877,0,0,20,49,-90
2022-02-28,0,0,0,0,0,0,0,0,0,0,0,0,0,0,0
2022-03-01,0,0,0,0,0,0,0,0,0,0,0,0,0,0,0
2022-03-02,0,0,0,0,0,0,0,0,0,0,0,0,0,0,0
2022-03-03,0,0,0,0,0,0,0,0,0,0,0,0,0,0,0
2022-03-04,0,0,0,0,0,0,0,0,0,0,0,0,0,0,0
2022-03-05,0,0,0,0,0,0,0,0,0,0,0,0,0,0,0
2022-03-06,0,0,0,0,0,0,0,0,0,0,0,0,0,0,0
2022-03-07,0,0,0,0,0,0,0,0,0,0,0,0,0,0,0
2022-03-08,0,0,0,0,0,0,0,0,0,0,0,0,0,0,0
2022-03-09,0,0,0,0,0,0,0,0,0,0,0,0,0,0,0
2022-03-10,0,0,0,0,0,0,0,0,0,0,0,0,0,0,0
2022-03-11,0,0,0,0,0,0,0,0,0,0,0,0,0,0,0
2022-03-12,0,0,0,0,0,0,0,0,0,0,0,0,0,0,0
2022-03-13,0,0,0,0,0,0,0,0,0,0,0,0,0,0,0
2022-03-14,0,0,0,0,0,0,0,0,0,0,0,0,0,0,0
2022-03-15,0,0,0,0,0,0,0,0,0,0,0,0,0,0,0
2022-03-16,0,0,0,0,0,0,0,0,0,0,0,0,0,0,0
2022-03-17,0,0,0,0,0,0,0,0,0,0,0,0,0,0,0
2022-03-18,0,0,0,0,0,0,0,0,0,0,0,0,0,0,0
2022-03-19,0,0,0,0,0,0,0,0,0,0,0,0,0,0,0
2022-03-20,0,0,0,0,0,0,0,0,0,0,0,0,0,0,0
2022-03-21,0,0,0,0,0,0,0,0,0,0,0,0,0,0,0
2022-03-22,0,0,0,0,0,0,0,0,0,0,0,0,0,0,0
2022-03-23,0,0,0,0,0,0,0,0,0,0,0,0,0,0,0
2022-03-24,0,0,0,0,0,0,0,0,0,0,0,0,0,0,0
2022-03-25,0,0,0,0,0,0,0,0,0,0,0,0,0,0,0
2022-03-26,0,0,0,0,0,0,0,0,0,0,0,0,0,0,0
2022-03-27,0,0,0,0,0,0,0,0,0,0,0,0,0,0,0
2022-03-28,0,0,0,0,0,0,0,0,0,0,0,0,0,0,0
2022-03-29,0,0,0,0,0,0,0,0,0,0,0,0,0,0,0
2022-03-30,0,0,0,0,0,0,0,0,0,0,0,0,0,0,0
2022-03-31,0,0,0,0,0,0,0,0,0,0,0,0,0,0,0
2022-04-01,0,0,0,0,0,0,0,0,0,0,0,0,0,0,0
2022-04-02,0,0,0,0,0,0,0,0,0,0,0,0,0,0,0
2022-04-03,0,0,0,0,0,0,0,0,0,0,0,0,0,0,0
2022-04-04,0,0,0,0,0,0,0,0,0,0,0,0,0,0,0
2022-04-05,0,0,0,0,0,0,0,0,0,0,0,0,0,0,0
2022-04-06,0,0,0,0,0,0,0,0,0,0,0,0,0,0,0
2022-04-07,0,0,0,0,0,0,0,0,0,0,0,0,0,0,0
2022-04-08,0,0,0,0,0,0,0,0,0,0,0,0,0,0,0
2022-04-09,0,0,0,0,0,0,0,0,0,0,0,0,0,0,0
2022-04-10,0,0,0,0,0,0,0,0,0,0,0,0,0,0,0
2022-04-11,0,0,0,0,0,0,0,0,0,0,0,0,0,0,0
2022-04-12,0,0,0,0,0,0,0,0,0,0,0,0,0,0,0
2022-04-13,0,0,0,0,0,0,0,0,0,0,0,0,0,0,0
2022-04-14,0,0,0,0,0,0,0,0,0,0,0,0,0,0,0
2022-04-15,0,0,0,0,0,0,0,0,0,0,0,0,0,0,0
2022-04-16,0,0,0,0,0,0,0,0,0,0,0,0,0,0,0
2022-04-17,0,0,0,0,0,0,0,0,0,0,0,0,0,0,0
2022-04-18,0,0,0,0,0,0,0,0,0,0,0,0,0,0,0
2022-04-19,0,0,0,0,0,0,0,0,0,0,0,0,0,0,0
2022-04-20,0,0,0,0,0,0,0,0,0,0,0,0,0,0,0
2022-04-21,0,0,0,0,0,0,0,0,0,0,0,0,0,0,0
2022-04-22,0,0,0,0,0,0,0,0,0,0,0,0,0,0,0
2022-04-23,0,0,0,0,0,0,0,0,0,0,0,0,0,0,0
2022-04-24,0,0,0,0,0,0,0,0,0,0,0,0,0,0,0
2022-04-25,0,0,0,0,0,0,0,0,0,0,0,0,0,0,0
2022-04-26,0,0,0,0,0,0,0,0,0,0,0,0,0,0,0
2022-04-27,0,0,0,0,0,0,0,0,0,0,0,0,0,0,0
2022-04-28,0,0,0,0,0,0,0,0,0,0,0,0,0,0,0
2022-04-29,0,0,0,0,0,0,0,0,0,0,0,0,0,0,0
2022-04-30,0,0,0,0,0,0,0,0,0,0,0,0,0,0,0
2022-05-01,0,0,0,0,0,0,0,0,0,0,0,0,0,0,0
2022-05-02,0,0,0,0,0,0,0,0,0,0,0,0,0,0,0
2022-05-03,0,0,0,0,0,0,0,0,0,0,0,0,0,0,0
2022-05-04,0,0,0,0,0,0,0,0,0,0,0,0,0,0,0
2022-05-05,0,0,0,0,0,0,0,0,0,0,0,0,0,0,0
2022-05-06,0,0,0,0,0,0,0,0,0,0,0,0,0,0,0
2022-05-07,0,0,0,0,0,0,0,0,0,0,0,0,0,0,0
2022-05-08,0,0,0,0,0,0,0,0,0,0,0,0,0,0,0
2022-05-09,0,0,0,0,0,0,0,0,0,0,0,0,0,0,0
2022-05-10,0,0,0,0,0,0,0,0,0,0,0,0,0,0,0
2022-05-11,0,0,0,0,0,0,0,0,0,0,0,0,0,0,0
2022-05-12,0,0,0,0,0,0,0,0,0,0,0,0,0,0,0
2022-05-13,0,0,0,0,0,0,0,0,0,0,0,0,0,0,0
2022-05-14,0,0,0,0,0,0,0,0,0,0,0,0,0,0,0
2022-05-15,0,0,0,0,0,0,0,0,0,0,0,0,0,0,0
2022-05-16,0,0,0,0,0,0,0,0,0,0,0,0,0,0,0
2022-05-17,0,0,0,0,0,0,0,0,0,0,0,0,0,0,0
2022-05-18,0,0,0,0,0,0,0,0,0,0,0,0,0,0,0
2022-05-19,0,0,0,0,0,0,0,0,0,0,0,0,0,0,0
2022-05-20,0,0,0,0,0,0,0,0,0,0,0,0,0,0,0
2022-05-21,0,0,0,0,0,0,0,0,0,0,0,0,0,0,0
2022-05-22,0,0,0,0,0,0,0,0,0,0,0,0,0,0,0
2022-05-23,0,0,0,0,0,0,0,0,0,0,0,0,0,0,0
2022-05-24,0,0,0,0,0,0,0,0,0,0,0,0,0,0,0
2022-05-25,0,0,0,0,0,0,0,0,0,0,0,0,0,0,0
2022-05-26,0,0,0,0,0,0,0,0,0,0,0,0,0,0,0
2022-05-27,0,0,0,0,0,0,0,0,0,0,0,0,0,0,0
2022-05-28,0,0,0,0,0,0,0,0,0,0,0,0,0,0,0
2022-05-29,0,0,0,0,0,0,0,0,0,0,0,0,0,0,0
2022-05-30,0,0,0,0,0,0,0,0,0,0,0,0,0,0,0
2022-05-31,0,0,0,0,0,0,0,0,0,0,0,0,0,0,0
2022-06-01,0,0,0,0,0,0,0,0,0,0,0,0,0,0,0
2022-06-02,0,0,0,0,0,0,0,0,0,0,0,0,0,0,0
2022-06-03,0,0,0,0,0,0,0,0,0,0,0,0,0,0,0
2022-06-04,0,0,0,0,0,0,0,0,0,0,0,0,0,0,0
2022-06-05,0,0,0,0,0,0,0,0,0,0,0,0,0,0,0
2022-06-06,0,0,0,0,0,0,0,0,0,0,0,0,0,0,0
2022-06-07,0,0,0,0,0,0,0,0,0,0,0,0,0,0,0
2022-06-08,0,0,0,0,0,0,0,0,0,0,0,0,0,0,0
2022-06-09,0,0,0,0,0,0,0,0,0,0,0,0,0,0,0
2022-06-10,0,0,0,0,0,0,0,0,0,0,0,0,0,0,0
2022-06-11,0,0,0,0,0,0,0,0,0,0,0,0,0,0,0
2022-06-12,0,0,0,0,0,0,0,0,0,0,0,0,0,0,0
2022-06-13,0,0,0,0,0,0,0,0,0,0,0,0,0,0,0
2022-06-14,0,0,0,0,0,0,0,0,0,0,0,0,0,0,0
2022-06-15,0,0,0,0,0,0,0,0,0,0,0,0,0,0,0
2022-06-16,0,0,0,0,0,0,0,0,0,0,0,0,0,0,0
2022-06-17,0,0,0,0,0,0,0,0,0,0,0,0,0,0,0
2022-06-18,0,0,0,0,0,0,0,0,0,0,0,0,0,0,0
2022-06-19,0,0,0,0,0,0,0,0,0,0,0,0,0,0,0
2022-06-20,0,0,0,0,0,0,0,0,0,0,0,0,0,0,0
2022-06-21,0,0,0,0,0,0,0,0,0,0,0,0,0,0,0
2022-06-22,0,0,0,0,0,0,0,0,0,0,0,0,0,0,0
2022-06-23,0,0,0,0,0,0,0,0,0,0,0,0,0,0,0
2022-06-24,0,0,0,0,0,0,0,0,0,0,0,0,0,0,0
2022-06-25,0,0,0,0,0,0,0,0,0,0,0,0,0,0,0
2022-06-26,0,0,0,0,0,0,0,0,0,0,0,0,0,0,0
2022-06-27,0,0,0,0,0,0,0,0,0,0,0,0,0,0,0
2022-06-28,0,0,0,0,0,0,0,0,0,0,0,0,0,0,0
2022-06-29,0,0,0,0,0,0,0,0,0,0,0,0,0,0,0
2022-06-30,0,0,0,0,0,0,0,0,0,0,0,0,0,0,0
2022-07-01,0,0,0,0,0,0,0,0,0,0,0,0,0,0,0
2022-07-02,0,0,0,0,0,0,0,0,0,0,0,0,0,0,0
2022-07-03,0,0,0,0,0,0,0,0,0,0,0,0,0,0,0
2022-07-04,0,0,0,0,0,0,0,0,0,0,0,0,0,0,0
2022-07-05,0,0,0,0,0,0,0,0,0,0,0,0,0,0,0
2022-07-06,0,0,0,0,0,0,0,0,0,0,0,0,0,0,0
2022-07-07,0,0,0,0,0,0,0,0,0,0,0,0,0,0,0
2022-07-08,0,0,0,0,0,0,0,0,0,0,0,0,0,0,0
2022-07-09,0,0,0,0,0,0,0,0,0,0,0,0,0,0,0
2022-07-10,0,0,0,0,0,0,0,0,0,0,0,0,0,0,0
2022-07-11,0,0,0,0,0,0,0,0,0,0,0,0,0,0,0
2022-07-12,0,0,0,0,0,0,0,0,0,0,0,0,0,0,0
2022-07-13,0,0,0,0,0,0,0,0,0,0,0,0,0,0,0
2022-07-14,0,0,0,0,0,0,0,0,0,0,0,0,0,0,0
2022-07-15,0,0,0,0,0,0,0,0,0,0,0,0,0,0,0
2022-07-16,0,0,0,0,0,0,0,0,0,0,0,0,0,0,0
2022-07-17,0,0,0,0,0,0,0,0,0,0,0,0,0,0,0
2022-07-18,0,0,0,0,0,0,0,0,0,0,0,0,0,0,0
2022-07-19,0,0,0,0,0,0,0,0,0,0,0,0,0,0,0
2022-07-20,0,0,0,0,0,0,0,0,0,0,0,0,0,0,0
2022-07-21,0,0,0,0,0,0,0,0,0,0,0,0,0,0,0
2022-07-22,0,0,0,0,0,0,0,0,0,0,0,0,0,0,0
2022-07-23,0,0,0,0,0,0,0,0,0,0,0,0,0,0,0
2022-07-24,0,0,0,0,0,0,0,0,0,0,0,0,0,0,0
2022-07-25,0,0,0,0,0,0,0,0,0,0,0,0,0,0,0
2022-07-26,0,0,0,0,0,0,0,0,0,0,0,0,0,0,0
2022-07-27,0,0,0,0,0,0,0,0,0,0,0,0,0,0,0
2022-07-28,0,0,0,0,0,0,0,0,0,0,0,0,0,0,0
2022-07-29,0,0,0,0,0,0,0,0,0,0,0,0,0,0,0
2022-07-30,0,0,0,0,0,0,0,0,0,0,0,0,0,0,0
2022-07-31,0,0,0,0,0,0,0,0,0,0,0,0,0,0,0
2022-08-01,0,0,0,0,0,0,0,0,0,0,0,0,0,0,0
2022-08-02,0,0,0,0,0,0,0,0,0,0,0,0,0,0,0
2022-08-03,0,0,0,0,0,0,0,0,0,0,0,0,0,0,0
2022-08-04,0,0,0,0,0,0,0,0,0,0,0,0,0,0,0
2022-08-05,0,0,0,0,0,0,0,0,0,0,0,0,0,0,0
2022-08-06,0,0,0,0,0,0,0,0,0,0,0,0,0,0,0
2022-08-07,0,0,0,0,0,0,0,0,0,0,0,0,0,0,0
2022-08-08,0,0,0,0,0,0,0,0,0,0,0,0,0,0,0
2022-08-09,0,0,0,0,0,0,0,0,0,0,0,0,0,0,0
2022-08-10,0,0,0,0,0,0,0,0,0,0,0,0,0,0,0
2022-08-11,0,0,0,0,0,0,0,0,0,0,0,0,0,0,0
2022-08-12,0,0,0,0,0,0,0,0,0,0,0,0,0,0,0
2022-08-13,0,0,0,0,0,0,0,0,0,0,0,0,0,0,0
2022-08-14,0,0,0,0,0,0,0,0,0,0,0,0,0,0,0
2022-08-15,0,0,0,0,0,0,0,0,0,0,0,0,0,0,0
2022-08-16,0,0,0,0,0,0,0,0,0,0,0,0,0,0,0
2022-08-17,0,0,0,0,0,0,0,0,0,0,0,0,0,0,0
2022-08-18,0,0,0,0,0,0,0,0,0,0,0,0,0,0,0
2022-08-19,0,0,0,0,0,0,0,0,0,0,0,0,0,0,0
2022-08-20,0,0,0,0,0,0,0,0,0,0,0,0,0,0,0
2022-08-21,0,0,0,0,0,0,0,0,0,0,0,0,0,0,0
2022-08-22,0,0,0,0,0,0,0,0,0,0,0,0,0,0,0
2022-08-23,0,0,0,0,0,0,0,0,0,0,0,0,0,0,0
2022-08-24,0,0,0,0,0,0,0,0,0,0,0,0,0,0,0
2022-08-25,0,0,0,0,0,0,0,0,0,0,0,0,0,0,0
2022-08-26,0,0,0,0,0,0,0,0,0,0,0,0,0,0,0
2022-08-27,0,0,0,0,0,0,0,0,0,0,0,0,0,0,0
2022-08-28,0,0,0,0,0,0,0,0,0,0,0,0,0,0,0
2022-08-29,0,0,0,0,0,0,0,0,0,0,0,0,0,0,0
2022-08-30,0,0,0,0,0,0,0,0,0,0,0,0,0,0,0
2022-08-31,0,0,0,0,0,0,0,0,0,0,0,0,0,0,0
2022-09-01,0,0,0,0,0,0,0,0,0,0,0,0,0,0,0
2022-09-02,0,0,0,0,0,0,0,0,0,0,0,0,0,0,0
2022-09-03,0,0,0,0,0,0,0,0,0,0,0,0,0,0,0
2022-09-04,0,0,0,0,0,0,0,0,0,0,0,0,0,0,0
2022-09-05,0,0,0,0,0,0,0,0,0,0,0,0,0,0,0
2022-09-06,0,0,0,0,0,0,0,0,0,0,0,0,0,0,0
2022-09-07,0,0,0,0,0,0,0,0,0,0,0,0,0,0,0
2022-09-08,0,0,0,0,0,0,0,0,0,0,0,0,0,0,0
2022-09-09,0,0,0,0,0,0,0,0,0,0,0,0,0,0,0
2022-09-10,0,0,0,0,0,0,0,0,0,0,0,0,0,0,0
2022-09-11,0,0,0,0,0,0,0,0,0,0,0,0,0,0,0
2022-09-12,0,0,0,0,0,0,0,0,0,0,0,0,0,0,0
2022-09-13,0,0,0,0,0,0,0,0,0,0,0,0,0,0,0
2022-09-14,0,0,0,0,0,0,0,0,0,0,0,0,0,0,0
2022-09-15,0,0,0,0,0,0,0,0,0,0,0,0,0,0,0
2022-09-16,0,0,0,0,0,0,0,0,0,0,0,0,0,0,0
2022-09-17,0,0,0,0,0,0,0,0,0,0,0,0,0,0,0
2022-09-18,0,0,0,0,0,0,0,0,0,0,0,0,0,0,0
2022-09-19,0,0,0,0,0,0,0,0,0,0,0,0,0,0,0
2022-09-20,0,0,0,0,0,0,0,0,0,0,0,0,0,0,0
2022-09-21,0,0,0,0,0,0,0,0,0,0,0,0,0,0,0
2022-09-22,0,0,0,0,0,0,0,0,0,0,0,0,0,0,0
2022-09-23,0,0,0,0,0,0,0,0,0,0,0,0,0,0,0
2022-09-24,0,0,0,0,0,0,0,0,0,0,0,0,0,0,0
2022-09-25,0,0,0,0,0,0,0,0,0,0,0,0,0,0,0
2022-09-26,0,0,0,0,0,0,0,0,0,0,0,0,0,0,0
