tDate,Acc_1,Acc_2,Acc_3,Acc_4,PF_1,PF_2,PF_3,PF_4,M_1,M_2,M_3,M_4,AZ_1,AZ_2,AZ_3,AZ_4,J_1_2,J_3,J_4,NV_1,NV_2,NV_3,NV_4,SC_1,SC_2,SC_3,SC_4,ETC_1,ETC_2,ETC_3,ETC_4,AccWinter,Winter_M_BA_1,Winter_PF_BA_1,Winter_PF_BA_4_5,Winter_NV,Winter_SC
2021-02-26,39063,11171,1,0,5757,3121,0,0,7587,4671,0,0,20667,5,1,0,46,0,0,0,0,0,0,0,0,0,0,5006,3328,0,0,0,0,0,0,0,0
2021-02-27,1750,217,0,0,487,84,0,0,91,112,0,0,1126,0,0,0,2,0,0,0,0,0,0,0,0,0,0,44,19,0,0,0,0,0,0,0,0
2021-02-28,1034,105,0,0,388,47,0,0,42,42,0,0,583,0,0,0,0,0,0,0,0,0,0,0,0,0,0,21,16,0,0,0,0,0,0,0,0
2021-03-01,1944,264,0,0,472,88,0,0,146,65,0,0,1203,0,0,0,5,0,0,0,0,0,0,0,0,0,0,118,106,0,0,0,0,0,0,0,0
2021-03-02,66234,302,1,0,870,98,0,0,168,122,0,0,65066,0,1,0,3,0,0,0,0,0,0,0,0,0,0,127,79,0,0,0,0,0,0,0,0
2021-03-03,69398,311,0,0,1469,102,0,0,141,142,0,0,67646,0,0,0,4,0,0,0,0,0,0,0,0,0,0,138,63,0,0,0,0,0,0,0,0
2021-03-04,70719,513,0,0,1453,108,0,0,166,333,0,0,68919,0,0,0,11,0,0,0,0,0,0,0,0,0,0,170,61,0,0,0,0,0,0,0,0
2021-03-05,71176,418,0,0,1662,105,0,0,332,203,0,0,68999,0,0,0,12,0,0,0,0,0,0,0,0,0,0,171,98,0,0,0,0,0,0,0,0
2021-03-06,18480,163,0,0,210,56,0,0,105,53,0,0,18065,1,0,0,26,0,0,0,0,0,0,0,0,0,0,74,27,0,0,0,0,0,0,0,0
2021-03-07,2436,100,0,0,170,36,0,0,62,22,0,0,2110,0,0,0,23,0,0,0,0,0,0,0,0,0,0,71,19,0,0,0,0,0,0,0,0
2021-03-08,68112,262,0,0,1464,65,0,0,276,84,0,0,66213,3,0,0,32,0,0,0,0,0,0,0,0,0,0,127,78,0,0,0,0,0,0,0,0
2021-03-09,64287,475,0,0,2451,107,0,0,319,172,0,0,61197,0,0,0,24,0,0,0,0,0,0,0,0,0,0,296,172,0,0,0,0,0,0,0,0
2021-03-10,55033,575,0,0,5287,106,0,0,172,100,0,0,49121,0,0,0,272,0,0,0,0,0,0,0,0,0,0,181,97,0,0,0,0,0,0,0,0
2021-03-11,45453,667,0,0,7490,142,0,0,189,189,0,0,37345,1,0,0,235,0,0,0,0,0,0,0,0,0,0,194,100,0,0,0,0,0,0,0,0
2021-03-12,39206,593,0,0,6637,120,0,0,235,113,0,0,31903,0,0,0,254,0,0,0,0,0,0,0,0,0,0,177,106,0,0,0,0,0,0,0,0
2021-03-13,4508,212,0,0,792,62,0,0,112,58,0,0,3330,0,0,0,64,0,0,0,0,0,0,0,0,0,0,210,28,0,0,0,0,0,0,0,0
2021-03-14,1808,138,0,0,270,30,0,0,66,27,0,0,1158,0,0,0,57,0,0,0,0,0,0,0,0,0,0,257,24,0,0,0,0,0,0,0,0
2021-03-15,14202,1184,0,0,930,91,0,0,155,58,0,0,11897,1,0,0,905,0,0,0,0,0,0,0,0,0,0,315,129,0,0,0,0,0,0,0,0
2021-03-16,20523,1041,0,0,7046,145,0,0,242,98,0,0,12244,3,0,0,692,0,0,0,0,0,0,0,0,0,0,299,103,0,0,0,0,0,0,0,0
2021-03-17,21428,922,0,0,10436,149,0,0,273,71,0,0,9885,1,0,0,611,0,0,0,0,0,0,0,0,0,0,223,90,0,0,0,0,0,0,0,0
2021-03-18,20778,900,0,0,9488,198,0,0,296,181,0,0,10413,5,0,0,386,0,0,0,0,0,0,0,0,0,0,195,130,0,0,0,0,0,0,0,0
2021-03-19,18572,1016,0,0,6678,176,0,0,302,86,0,0,10757,2,0,0,592,0,0,0,0,0,0,0,0,0,0,243,160,0,0,0,0,0,0,0,0
2021-03-20,1992,541,0,0,1347,442,0,0,179,35,0,0,328,1,0,0,27,0,0,0,0,0,0,0,0,0,0,111,36,0,0,0,0,0,0,0,0
2021-03-21,831,451,0,0,339,387,0,0,109,17,0,0,60,1,0,0,19,0,0,0,0,0,0,0,0,0,0,304,27,0,0,0,0,0,0,0,0
2021-03-22,4913,771,0,0,470,434,0,0,261,30,0,0,3709,2,0,0,163,0,0,0,0,0,0,0,0,0,0,310,142,0,0,0,0,0,0,0,0
2021-03-23,21632,1313,0,0,488,829,0,0,282,76,0,0,20343,3,0,0,216,0,0,0,0,0,0,0,0,0,0,303,189,0,0,0,0,0,0,0,0
2021-03-24,29441,1637,0,0,596,1415,0,0,337,54,0,0,28105,4,0,0,27,0,0,0,0,0,0,0,0,0,0,376,137,0,0,0,0,0,0,0,0
2021-03-25,33877,1972,0,0,593,1385,0,0,430,89,0,0,31935,3,0,0,289,0,0,0,0,0,0,0,0,0,0,630,206,0,0,0,0,0,0,0,0
2021-03-26,25838,2123,0,0,732,1647,0,0,336,89,0,0,24023,0,0,0,252,0,0,0,0,0,0,0,0,0,0,495,135,0,0,0,0,0,0,0,0
2021-03-27,2509,398,0,0,458,186,0,0,243,85,0,0,1350,5,0,0,28,0,0,0,0,0,0,0,0,0,0,430,94,0,0,0,0,0,0,0,0
2021-03-28,879,258,0,0,315,141,0,0,146,34,0,0,77,1,0,0,9,0,0,0,0,0,0,0,0,0,0,332,73,0,0,0,0,0,0,0,0
2021-03-29,26804,1454,0,0,548,1164,0,0,278,82,0,0,25523,2,0,0,25,0,0,0,0,0,0,0,0,0,0,430,181,0,0,0,0,0,0,0,0
2021-03-30,28839,2776,0,0,712,2304,0,0,332,227,0,0,27438,2,0,0,46,0,0,0,0,0,0,0,0,0,0,311,197,0,0,0,0,0,0,0,0
2021-03-31,23997,5441,0,0,796,5091,0,0,392,134,0,0,22146,12,0,0,52,0,0,0,0,0,0,0,0,0,0,611,152,0,0,0,0,0,0,0,0
2021-04-01,38161,8046,0,0,19710,7581,0,0,456,162,0,0,17177,2,0,0,125,0,0,0,0,0,0,0,0,0,0,693,176,0,0,0,0,0,0,0,0
2021-04-02,40787,7716,0,0,20557,6893,0,0,358,126,0,0,18753,5,0,0,571,0,0,0,0,0,0,0,0,0,0,548,121,0,0,0,0,0,0,0,0
2021-04-03,9662,993,0,0,6644,773,0,0,220,96,0,0,2449,7,0,0,93,0,0,0,0,0,0,0,0,0,0,256,24,0,0,0,0,0,0,0,0
2021-04-04,1278,305,1,0,848,197,0,0,104,44,0,0,87,1,0,0,45,0,0,0,0,0,0,0,0,0,0,194,18,1,0,0,0,0,0,0,0
2021-04-05,38056,1784,0,0,22846,576,0,0,322,106,0,0,13557,3,0,0,1058,0,0,0,0,0,0,0,0,0,0,273,41,0,0,0,0,0,0,0,0
2021-04-06,40125,7557,0,0,23171,6164,0,0,427,356,0,0,15295,3,0,0,946,0,0,0,0,0,0,0,0,0,0,286,88,0,0,0,0,0,0,0,0
2021-04-07,39687,11303,0,0,21627,9692,0,0,346,161,0,0,15862,8,0,0,1372,0,0,0,0,0,0,0,0,0,0,480,70,0,0,0,0,0,0,0,0
2021-04-08,39624,12004,0,0,30491,10007,0,0,366,452,0,0,6739,17,0,0,1397,0,0,0,0,0,0,0,0,0,0,631,131,0,0,0,0,0,0,0,0
2021-04-09,36571,9913,0,0,30083,7856,0,0,395,272,0,0,4025,3,0,0,1630,0,0,0,0,0,0,0,0,0,0,438,152,0,0,0,0,0,0,0,0
2021-04-10,10686,2326,1,0,8888,1413,1,0,288,98,0,0,612,6,0,0,740,0,0,0,0,0,0,0,0,0,0,158,69,0,0,0,0,0,0,0,0
2021-04-11,1282,496,0,0,840,265,0,0,140,69,0,0,39,5,0,0,92,0,0,0,0,0,0,0,0,0,0,171,65,0,0,0,0,0,0,0,0
2021-04-12,40710,2519,0,0,31129,476,0,0,371,157,0,0,7216,13,0,0,1693,0,0,0,0,0,0,0,0,0,0,301,180,0,0,0,0,0,0,0,0
2021-04-13,46130,1833,0,0,31806,431,0,0,323,210,0,0,12628,16,0,0,1023,0,0,0,0,0,0,0,0,0,0,350,153,0,0,0,0,0,0,0,0
2021-04-14,47274,1032,0,0,32112,517,0,0,348,309,0,0,14482,7,0,0,9,0,0,0,0,0,0,0,0,0,0,323,190,0,0,0,0,0,0,0,0
2021-04-15,94235,971,0,0,73569,514,0,0,367,277,0,0,19880,20,0,0,5,0,0,0,0,0,0,0,0,0,0,414,155,0,0,0,0,0,0,0,0
2021-04-16,104183,1351,0,0,76547,673,0,0,435,274,0,0,26818,210,0,0,15,0,0,0,0,0,0,0,0,0,0,368,179,0,0,0,0,0,0,0,0
2021-04-17,30520,718,0,0,28662,459,0,0,278,167,0,0,1412,8,0,0,4,0,0,0,0,0,0,0,0,0,0,164,80,0,0,0,0,0,0,0,0
2021-04-18,5677,446,0,0,5332,307,0,0,146,78,0,0,32,8,0,0,5,0,0,0,0,0,0,0,0,0,0,162,48,0,0,0,0,0,0,0,0
2021-04-19,123180,941,0,0,78683,500,0,0,245,232,0,0,43976,27,0,0,5,0,0,0,0,0,0,0,0,0,0,271,177,0,0,0,0,0,0,0,0
2021-04-20,131635,1220,0,0,82044,602,0,0,352,303,0,0,48886,31,0,0,4,0,0,0,0,0,0,0,0,0,0,349,280,0,0,0,0,0,0,0,0
2021-04-21,133408,1504,0,0,84339,756,0,0,386,336,0,0,48136,38,0,0,27,0,0,0,0,0,0,0,0,0,0,520,347,0,0,0,0,0,0,0,0
2021-04-22,132734,19776,0,0,78214,19054,0,0,393,404,0,0,53542,51,0,0,3,0,0,0,0,0,0,0,0,0,0,582,264,0,0,0,0,0,0,0,0
2021-04-23,160815,20795,0,0,76839,20129,0,0,336,333,0,0,83321,41,0,0,10,0,0,0,0,0,0,0,0,0,0,309,282,0,0,0,0,0,0,0,0
2021-04-24,65989,6702,0,0,31317,6242,0,0,189,227,0,0,34219,28,0,0,3,0,0,0,0,0,0,0,0,0,0,261,202,0,0,0,0,0,0,0,0
2021-04-25,7227,975,0,0,5582,633,0,0,74,135,0,0,1275,17,0,0,7,0,0,0,0,0,0,0,0,0,0,289,183,0,0,0,0,0,0,0,0
2021-04-26,143071,22539,0,0,85085,21916,0,0,179,268,0,0,57455,30,0,0,15,0,0,0,0,0,0,0,0,0,0,337,310,0,0,0,0,0,0,0,0
2021-04-27,177118,23030,0,0,103107,22319,0,0,214,333,0,0,73148,35,0,0,38,0,0,0,0,0,0,0,0,0,0,611,305,0,0,0,0,0,0,0,0
2021-04-28,231930,21859,0,0,130915,21072,0,0,174,412,0,0,100259,46,0,0,33,0,0,0,0,0,0,0,0,0,0,549,296,0,0,0,0,0,0,0,0
2021-04-29,261952,31417,0,0,140235,30484,0,0,180,422,0,0,121016,60,0,0,51,0,0,0,0,0,0,0,0,0,0,470,400,0,0,0,0,0,0,0,0
2021-04-30,278223,32168,1,0,134454,30197,1,0,203,377,0,0,141912,190,0,0,1037,0,0,0,0,0,0,0,0,0,0,617,367,0,0,0,0,0,0,0,0
2021-05-01,41172,8904,0,0,16451,8344,0,0,143,208,0,0,24158,15,0,0,121,0,0,0,0,0,0,0,0,0,0,299,216,0,0,0,0,0,0,0,0
2021-05-02,2487,1308,0,0,1606,778,0,0,90,109,0,0,393,24,0,0,22,0,0,0,0,0,0,0,0,0,0,376,375,0,0,0,0,0,0,0,0
2021-05-03,87529,32317,0,0,35483,30915,0,0,137,243,0,0,50777,77,0,0,767,0,0,0,0,0,0,0,0,0,0,365,315,0,0,0,0,0,0,0,0
2021-05-04,76509,32959,0,0,30881,31563,0,0,153,389,0,0,44288,155,0,0,648,0,0,0,0,0,0,0,0,0,0,539,204,0,0,0,0,0,0,0,0
2021-05-05,7151,26624,1,0,5379,25861,1,0,456,348,0,0,777,36,0,0,162,0,0,0,0,0,0,0,0,0,0,377,217,0,0,0,0,0,0,0,0
2021-05-06,59637,74827,0,0,11297,73451,0,0,169,324,0,0,47019,94,0,0,571,0,0,0,0,0,0,0,0,0,0,581,387,0,0,0,0,0,0,0,0
2021-05-07,50003,78442,0,0,10118,76743,0,0,155,370,0,0,38531,231,0,0,542,0,0,0,0,0,0,0,0,0,0,657,556,0,0,0,0,0,0,0,0
2021-05-08,13706,28798,0,0,3387,28100,0,0,199,263,0,0,9400,52,0,0,41,0,0,0,0,0,0,0,0,0,0,679,342,0,0,0,0,0,0,0,0
2021-05-09,1024,5592,0,0,444,5175,0,0,98,106,0,0,34,5,0,0,28,0,0,0,0,0,0,0,0,0,0,420,278,0,0,0,0,0,0,0,0
2021-05-10,15695,78586,0,0,7055,77218,0,0,208,348,0,0,7176,102,0,0,487,0,0,0,0,0,0,0,0,0,0,769,431,0,0,0,0,0,0,0,0
2021-05-11,10582,81572,0,0,5120,80379,0,0,218,353,0,0,4245,210,0,0,399,0,0,0,0,0,0,0,0,0,0,600,231,0,0,0,0,0,0,0,0
2021-05-12,8191,83696,0,0,3588,82517,0,0,403,336,0,0,3435,283,0,0,215,0,0,0,0,0,0,0,0,0,0,550,345,0,0,0,0,0,0,0,0
2021-05-13,11043,79046,0,0,6114,77454,0,0,169,323,0,0,3557,521,0,0,408,0,0,0,0,0,0,0,0,0,0,795,340,0,0,0,0,0,0,0,0
2021-05-14,13396,81302,0,0,8561,76008,0,0,226,428,0,0,3440,4184,0,0,410,0,0,0,0,0,0,0,0,0,0,759,272,0,0,0,0,0,0,0,0
2021-05-15,3154,31141,1,0,2080,29887,1,0,165,270,0,0,131,594,0,0,62,0,0,0,0,0,0,0,0,0,0,716,328,0,0,0,0,0,0,0,0
2021-05-16,1589,5799,0,0,682,5321,0,0,149,125,0,0,44,48,0,0,25,0,0,0,0,0,0,0,0,0,0,689,280,0,0,0,0,0,0,0,0
2021-05-17,15210,100863,0,0,11279,84025,0,0,136,219,0,0,2998,16046,0,0,218,0,0,0,0,0,0,0,0,0,0,579,355,0,0,0,0,0,0,0,0
2021-05-18,14204,141885,0,0,9984,101078,0,0,174,288,0,0,3366,40154,0,0,149,0,0,0,0,0,0,0,0,0,0,531,216,0,0,0,0,0,0,0,0
2021-05-19,3852,93444,0,0,2712,91834,0,0,240,355,0,0,293,925,0,0,52,0,0,0,0,0,0,0,0,0,0,555,278,0,0,0,0,0,0,0,0
2021-05-20,14272,210845,0,0,8478,143807,0,0,190,327,0,0,4703,66154,0,0,197,0,0,0,0,0,0,0,0,0,0,704,360,0,0,0,0,0,0,0,0
2021-05-21,16569,225603,0,0,10033,137562,0,0,188,311,0,0,5386,86981,0,0,361,0,0,0,0,0,0,0,0,0,0,601,388,0,0,0,0,0,0,0,0
2021-05-22,6530,36665,0,0,5267,19819,0,0,148,186,0,0,704,16333,0,0,90,0,0,0,0,0,0,0,0,0,0,321,237,0,0,0,0,0,0,0,0
2021-05-23,1070,3240,0,0,731,2647,0,0,131,75,0,0,30,330,0,0,17,0,0,0,0,0,0,0,0,0,0,161,171,0,0,0,0,0,0,0,0
2021-05-24,72620,105357,2,0,67984,46608,2,0,163,167,0,0,3799,58132,0,0,195,0,0,0,0,0,0,0,0,0,0,479,255,0,0,0,0,0,0,0,0
2021-05-25,79710,94389,0,0,73855,35227,0,0,171,206,0,0,4420,58162,0,0,222,0,0,0,0,0,0,0,0,0,0,1042,572,0,0,0,0,0,0,0,0
2021-05-26,89033,68641,1,0,83964,14398,0,0,229,142,0,0,3807,53446,0,0,153,0,0,0,0,0,0,0,0,0,0,880,502,1,0,0,0,0,0,0,0
2021-05-27,662004,56390,0,0,82167,12122,0,0,188,178,0,0,578746,43316,0,0,394,0,0,0,0,0,0,0,0,0,0,509,380,0,0,0,0,0,0,0,0
2021-05-28,545531,66188,0,0,76671,11941,0,0,259,192,0,0,467767,53620,0,0,77,0,0,0,0,0,0,0,0,0,0,757,358,0,0,0,0,0,0,0,0
2021-05-29,166151,9694,1,0,16026,2866,1,0,169,94,0,0,149166,6399,0,0,49,0,0,0,0,0,0,0,0,0,0,741,286,0,0,0,0,0,0,0,0
2021-05-30,6294,673,1,0,1321,213,0,0,103,57,0,0,4098,99,0,0,25,0,0,0,0,0,0,0,0,0,0,747,279,1,0,0,0,0,0,0,0
2021-05-31,387236,28072,2,0,101447,8511,1,0,102,38,0,0,284684,18944,0,0,58,0,0,0,0,0,0,0,0,0,0,945,521,1,0,0,0,0,0,0,0
2021-06-01,568344,27512,2,0,107225,5897,2,0,386,174,0,0,459730,20894,0,0,154,0,0,0,0,0,0,0,0,0,0,849,393,0,0,0,0,0,0,0,0
2021-06-02,383673,23865,1,0,105394,3811,1,0,141,138,0,0,277426,19344,0,0,133,0,0,0,0,0,0,0,0,0,0,579,439,0,0,0,0,0,0,0,0
2021-06-03,345032,27008,1,0,94158,5746,1,0,382,426,0,0,249707,20318,0,0,108,0,0,0,0,0,0,0,0,0,0,677,410,0,0,0,0,0,0,0,0
2021-06-04,370256,31671,2,0,84134,7447,1,0,157,138,0,0,285017,23035,1,0,238,0,0,0,0,0,0,0,0,0,0,710,813,0,0,0,0,0,0,0,0
2021-06-05,141383,3630,1,0,23798,1707,1,0,111,161,0,0,116946,1242,0,0,70,0,0,0,0,0,0,0,0,0,0,458,450,0,0,0,0,0,0,0,0
2021-06-06,4020,802,1,0,1301,342,0,0,37,31,0,0,2402,58,0,0,28,0,0,0,0,0,0,0,0,0,0,252,343,1,0,0,0,0,0,0,0
2021-06-07,894339,21774,1,0,142437,11833,0,0,132,110,0,0,751238,9156,1,0,154,0,0,0,0,0,0,0,0,0,0,378,521,0,0,0,0,0,0,0,0
2021-06-08,746300,26899,3,0,135242,9869,2,0,271,100,0,0,610329,15809,0,0,115,0,0,0,0,0,0,0,0,0,0,343,1006,1,0,0,0,0,0,0,0
2021-06-09,594154,25174,1,0,126366,3401,1,0,159,99,0,0,467062,20638,0,0,179,0,0,0,0,0,0,0,0,0,0,388,857,0,0,0,0,0,0,0,0
2021-06-10,767875,289411,1,0,106330,8077,1,0,281,317,0,0,407838,26592,0,0,253127,0,0,0,0,0,0,0,0,0,0,299,1298,0,0,0,0,0,0,0,0
2021-06-11,827746,239090,1,0,97661,9967,0,0,155,146,1,0,527130,25429,0,0,202592,0,0,0,0,0,0,0,0,0,0,208,956,0,0,0,0,0,0,0,0
2021-06-12,389901,120967,1,0,17997,4664,0,0,103,90,0,0,257387,836,1,0,114297,0,0,0,0,0,0,0,0,0,0,117,1080,0,0,0,0,0,0,0,0
2021-06-13,28577,13436,2,0,1083,554,1,0,60,69,0,0,15537,64,0,0,11803,0,0,0,0,0,0,0,0,0,0,94,946,1,0,0,0,0,0,0,0
2021-06-14,770079,258776,3,0,38172,66042,2,0,135,113,0,0,559074,19622,1,0,172499,0,0,0,0,0,0,0,0,0,0,199,500,0,0,0,0,0,0,0,0
2021-06-15,648143,209448,0,0,51459,72440,0,0,175,130,0,0,483400,22979,0,0,112803,0,0,0,0,0,0,0,0,0,0,306,1096,0,0,0,0,0,0,0,0
2021-06-16,569689,283133,1,0,47415,82197,0,0,101,97,0,0,343492,21652,0,0,178305,0,0,0,0,0,0,0,0,0,0,376,882,1,0,0,0,0,0,0,0
2021-06-17,444386,130216,1,0,54986,81563,1,0,208,150,0,0,362628,21296,0,0,26313,0,0,0,0,0,0,0,0,0,0,251,894,0,0,0,0,0,0,0,0
2021-06-18,538508,129523,1,0,62727,75705,1,0,381,162,0,0,443772,21029,0,0,31361,0,0,0,0,0,0,0,0,0,0,267,1266,0,0,0,0,0,0,0,0
2021-06-19,217362,37692,1,0,9748,15694,1,0,100,95,0,0,188259,1894,0,0,19146,0,0,0,0,0,0,0,0,0,0,109,863,0,0,0,0,0,0,0,0
2021-06-20,1508,2484,0,0,740,1140,0,0,110,69,0,0,112,98,0,0,448,0,0,0,0,0,0,0,0,0,0,98,729,0,0,0,0,0,0,0,0
2021-06-21,49156,118238,1,0,41550,99173,0,0,821,212,0,0,2761,14220,0,0,3776,0,0,0,0,0,0,0,0,0,0,248,857,1,0,0,0,0,0,0,0
2021-06-22,50444,126490,3,0,42812,105196,2,0,1169,247,0,0,3235,16783,0,0,2990,0,0,0,0,0,0,0,0,0,0,238,1274,1,0,0,0,0,0,0,0
2021-06-23,45819,121106,1,0,38110,103164,0,0,3163,257,0,0,2797,15300,0,0,1533,0,0,0,0,0,0,0,0,0,0,216,852,1,0,0,0,0,0,0,0
2021-06-24,47413,108924,1,0,39829,93621,1,0,3539,317,0,0,3015,13124,0,0,827,0,0,0,0,0,0,0,0,0,0,203,1035,0,0,0,0,0,0,0,0
2021-06-25,65821,98381,1,0,51782,83425,1,0,9943,362,0,0,3203,13002,0,0,665,0,0,0,0,0,0,0,0,0,0,228,927,0,0,0,0,0,0,0,0
2021-06-26,12596,25173,0,0,11088,23423,0,0,931,210,0,0,242,677,0,0,172,0,0,0,0,0,0,0,0,0,0,163,691,0,0,0,0,0,0,0,0
2021-06-27,923,2054,0,0,563,1156,0,0,91,172,0,0,82,97,0,0,55,0,0,0,0,0,0,0,0,0,0,132,574,0,0,0,0,0,0,0,0
2021-06-28,15049,145663,1,0,7767,135542,0,0,4700,220,0,0,1278,8333,0,0,972,0,0,0,0,0,0,0,0,0,0,332,596,1,0,0,0,0,0,0,0
2021-06-29,19153,146022,1,0,7024,132105,1,0,8352,463,0,0,1640,11858,0,0,1123,0,0,0,0,0,0,0,0,0,0,1014,473,0,0,0,0,0,0,0,0
2021-06-30,17389,138242,1,0,8048,124073,0,0,5704,282,0,0,1133,12096,0,0,1285,0,0,0,0,0,0,0,0,0,0,1219,506,1,0,0,0,0,0,0,0
2021-07-01,7420,122085,1,0,2781,106341,1,0,1268,449,0,0,834,13840,0,0,1211,0,0,0,0,0,0,0,0,0,0,1326,244,0,0,0,0,0,0,0,0
2021-07-02,8221,122476,0,0,2996,102094,0,0,1772,240,0,0,741,18725,0,0,1216,0,0,0,0,0,0,0,0,0,0,1496,201,0,0,0,0,0,0,0,0
2021-07-03,3458,18289,2,0,1035,16687,0,0,1090,196,0,0,89,849,0,0,456,0,0,0,0,0,0,0,0,0,0,788,101,2,0,0,0,0,0,0,0
2021-07-04,1411,1282,0,0,624,1028,0,0,134,117,0,0,39,29,0,0,33,0,0,0,0,0,0,0,0,0,0,581,75,0,0,0,0,0,0,0,0
2021-07-05,57010,77811,0,0,52209,71436,0,0,3419,184,0,0,462,5951,0,0,53,0,0,0,0,0,0,0,0,0,0,867,187,0,0,0,0,0,0,0,0
2021-07-06,41062,92302,2,0,34712,84127,1,0,4664,371,0,0,598,7458,0,0,103,0,0,0,0,0,0,0,0,0,0,985,243,1,0,0,0,0,0,0,0
2021-07-07,37729,90617,2,0,31950,82348,2,0,4322,264,0,0,556,7556,0,0,151,0,0,0,0,0,0,0,0,0,0,750,298,0,0,0,0,0,0,0,0
2021-07-08,40643,107905,4,0,33780,97770,2,0,5174,394,0,0,534,9376,0,0,122,0,0,0,0,0,0,0,0,0,0,1033,243,2,0,0,0,0,0,0,0
2021-07-09,60564,150424,3,0,52212,138099,2,0,6981,286,0,0,566,11674,0,0,120,0,0,0,0,0,0,0,0,0,0,685,245,1,0,0,0,0,0,0,0
2021-07-10,14326,40687,4,0,13511,39790,3,0,227,205,1,0,122,479,0,0,68,0,0,0,0,0,0,0,0,0,0,398,145,0,0,0,0,0,0,0,0
2021-07-11,1525,1907,2,0,972,1652,2,0,183,136,0,0,58,23,0,0,23,0,0,0,0,0,0,0,0,0,0,289,73,0,0,0,0,0,0,0,0
2021-07-12,32991,95196,10,0,31821,90331,6,0,332,234,3,0,253,4286,0,0,70,0,0,0,0,0,0,0,0,0,0,515,275,1,0,0,0,0,0,0,0
2021-07-13,109920,111610,2,0,108404,104853,2,0,535,231,0,0,327,6180,0,0,101,0,0,0,0,0,0,0,0,0,0,553,245,0,0,0,0,0,0,0,0
2021-07-14,113812,123965,6,0,111803,115174,4,0,961,185,1,0,357,8239,0,0,92,0,0,0,0,0,0,0,0,0,0,599,275,1,0,0,0,0,0,0,0
2021-07-15,124812,144435,9,0,123443,130590,5,0,300,248,0,0,357,13315,0,0,102,0,0,0,0,0,0,0,0,0,0,610,180,4,0,0,0,0,0,0,0
2021-07-16,136569,186178,2,0,135310,168984,1,0,243,400,0,0,278,16403,0,0,118,0,0,0,0,0,0,0,0,0,0,620,273,1,0,0,0,0,0,0,0
2021-07-17,35768,38147,6,0,35004,37497,5,0,196,172,0,0,112,241,0,0,61,0,0,0,0,0,0,0,0,0,0,395,176,1,0,0,0,0,0,0,0
2021-07-18,3300,1479,2,0,2754,1219,2,0,133,125,0,0,73,40,0,0,22,0,0,0,0,0,0,0,0,0,0,318,73,0,0,0,0,0,0,0,0
2021-07-19,161607,73141,3,0,160580,67129,2,0,214,697,1,0,178,4917,0,0,127,0,0,0,0,0,0,0,0,0,0,508,271,0,0,0,0,0,0,0,0
2021-07-20,152138,63287,1,0,150958,54960,1,0,398,1168,0,0,282,6428,0,0,111,0,0,0,0,0,0,0,0,0,0,389,620,0,0,0,0,0,0,0,0
2021-07-21,141160,41990,0,0,140073,33533,0,0,215,2770,0,0,254,4612,0,0,133,0,0,0,0,0,0,0,0,0,0,485,942,0,0,0,0,0,0,0,0
2021-07-22,141984,62048,2,0,140916,52859,2,0,189,2073,0,0,402,6135,0,0,73,0,0,0,0,0,0,0,0,0,0,404,908,0,0,0,0,0,0,0,0
2021-07-23,148011,62465,3,0,147113,44916,2,0,155,9011,0,0,231,7295,0,0,119,1,0,0,0,0,0,0,0,0,0,393,1124,0,0,0,0,0,0,0,0
2021-07-24,30286,13043,2,0,29693,11247,1,0,155,905,1,0,90,147,0,0,73,0,0,0,0,0,0,0,0,0,0,275,671,0,0,0,0,0,0,0,0
2021-07-25,2297,1426,3,0,1881,729,0,0,117,122,0,0,99,86,0,0,43,0,0,0,0,0,0,0,0,0,0,157,446,3,0,0,0,0,0,0,0
2021-07-26,620533,67435,8,0,343810,58283,7,0,275951,5092,1,0,256,3055,0,0,230,0,0,0,0,0,0,0,0,0,0,286,775,0,0,0,0,0,0,0,0
2021-07-27,383451,50911,4,0,240092,39795,3,0,142617,7641,1,0,314,2582,0,0,142,0,0,0,0,0,0,0,0,0,0,286,751,0,0,0,0,0,0,0,0
2021-07-28,481474,44856,11,0,388006,35164,6,0,92821,6460,3,0,205,2320,0,0,127,0,0,0,0,0,0,0,0,0,0,315,785,2,0,0,0,0,0,0,0
2021-07-29,349201,45628,10,0,263001,39132,4,0,85489,2133,3,0,258,3533,1,0,129,0,0,0,0,0,0,0,0,0,0,324,701,2,0,0,0,0,0,0,0
2021-07-30,498706,62499,8,0,375870,55952,3,0,121994,2457,0,0,371,3321,2,0,125,0,0,0,0,0,0,0,0,0,0,346,644,3,0,0,0,0,0,0,0
2021-07-31,216837,15136,8,0,147432,13395,4,0,68895,1118,1,0,182,107,1,0,61,0,0,0,0,0,0,0,0,0,0,267,455,2,0,0,0,0,0,0,0
2021-08-01,28710,1685,7,0,20030,1176,7,0,8449,142,0,0,59,62,0,0,30,0,0,0,0,0,0,0,0,0,0,142,275,0,0,0,0,0,0,0,0
2021-08-02,478399,38297,11,0,461880,33048,8,0,14371,2927,0,0,1682,1618,2,0,144,0,0,0,0,0,0,0,0,0,0,322,560,1,0,0,0,0,0,0,0
2021-08-03,222053,109275,14,0,211700,102067,11,0,7545,4070,2,0,2377,2435,1,0,97,0,0,0,0,0,0,0,0,0,0,334,606,0,0,0,0,0,0,0,0
2021-08-04,167794,112197,19,0,159501,105424,18,0,5224,4287,1,0,2633,1820,0,0,148,0,0,0,0,0,0,0,0,0,0,288,518,0,0,0,0,0,0,0,0
2021-08-05,195432,128905,6,0,176122,118695,4,0,5418,5229,1,0,13475,4340,0,0,94,0,0,0,0,0,0,0,0,0,0,323,547,1,0,0,0,0,0,0,0
2021-08-06,258102,157916,5,0,238403,143931,2,0,7786,7888,2,0,11495,5477,0,0,81,0,0,0,0,0,0,0,0,0,0,337,539,1,0,0,0,0,0,0,0
2021-08-07,123022,37372,9,0,118631,35325,6,0,3274,503,1,0,845,1139,0,0,51,0,0,0,0,0,0,0,0,0,0,221,354,2,0,0,0,0,0,0,0
2021-08-08,28795,3426,9,0,27315,2757,7,0,433,170,1,0,886,84,1,0,21,0,0,0,0,0,0,0,0,0,0,140,394,0,0,0,0,0,0,0,0
2021-08-09,438240,175706,26,0,360397,159631,22,0,14785,657,2,0,62704,14722,2,0,71,0,0,0,0,0,0,0,0,0,0,283,625,0,0,0,0,0,0,0,0
2021-08-10,265276,171230,21,0,216465,150344,14,0,9592,678,2,0,38810,19623,4,0,92,0,0,0,0,0,0,0,0,0,0,317,493,1,0,0,0,0,0,0,0
2021-08-11,179769,164914,25,0,143485,142200,18,0,6920,920,4,0,29122,21356,3,0,53,0,0,0,0,0,0,0,0,0,0,189,385,0,0,0,0,0,0,0,0
2021-08-12,170517,707855,22,0,128904,170942,9,0,4603,319,6,0,36697,536127,4,0,48,1,0,0,0,0,0,0,0,0,0,265,419,2,0,0,0,0,0,0,0
2021-08-13,245191,622103,16,0,198057,183903,9,0,7359,289,4,0,39456,437381,3,0,78,0,0,0,0,0,0,0,0,0,0,241,452,0,0,0,0,0,0,0,0
2021-08-14,144224,183667,19,0,123905,45177,13,0,3322,206,5,0,16832,137944,1,0,37,0,0,0,0,0,0,0,0,0,0,128,303,0,0,0,0,0,0,0,0
2021-08-15,19149,6368,29,0,17974,2471,20,0,149,122,4,0,891,3536,4,0,43,0,0,0,0,0,0,0,0,0,0,92,196,1,0,0,0,0,0,0,0
2021-08-16,673213,258040,41,0,346303,37356,26,0,313881,279,8,0,12756,219757,5,0,76,1,0,0,0,0,0,0,0,0,0,197,572,1,0,0,0,0,0,0,0
2021-08-17,726566,497223,39,0,430053,72386,24,0,264780,347,6,0,31448,423956,5,0,65,1,0,0,0,0,0,0,0,0,0,220,469,3,0,0,0,0,0,0,0
2021-08-18,525220,321245,42,0,316121,55567,22,0,174705,332,9,0,34057,264861,8,0,79,0,0,0,0,0,0,0,0,0,0,258,406,3,0,0,0,0,0,0,0
2021-08-19,506371,294933,49,0,293019,55862,26,0,179223,284,14,0,33855,238361,4,0,71,0,0,0,0,0,0,0,0,0,0,203,355,5,0,0,0,0,0,0,0
2021-08-20,692529,334552,31,0,397829,60969,9,0,254353,285,8,0,40032,272819,13,0,69,0,0,0,0,0,0,0,0,0,0,246,410,1,0,0,0,0,0,0,0
2021-08-21,365955,124799,47,0,198775,16976,30,0,151374,207,7,0,15600,107289,2,0,32,1,0,0,0,0,0,0,0,0,0,174,295,7,0,0,0,0,0,0,0
2021-08-22,40806,3019,28,0,26797,831,19,0,13171,122,6,0,702,1844,1,0,16,0,0,0,0,0,0,0,0,0,0,120,206,2,0,0,0,0,0,0,0
2021-08-23,389150,720386,40,0,336196,55394,27,0,8570,732,6,0,39605,659330,4,0,4513,2,0,0,0,0,0,0,0,0,0,266,417,1,0,0,0,0,0,0,0
2021-08-24,406582,605644,67,0,349548,51910,40,0,10005,734,12,0,37382,543272,9,0,9379,1,0,0,0,0,0,0,0,0,0,268,349,5,0,0,0,0,0,0,0
2021-08-25,379179,479331,48,0,317862,51278,27,0,9407,807,9,0,40213,415465,7,0,11453,1,0,0,0,0,0,0,0,0,0,244,328,4,0,0,0,0,0,0,0
2021-08-26,654986,427487,54,0,614789,41302,35,0,9556,909,9,0,20421,375019,8,0,9887,0,0,0,0,0,0,0,0,0,0,333,370,2,0,0,0,0,0,0,0
2021-08-27,603817,551938,51,0,565954,54493,31,0,10471,912,13,0,20112,489109,4,0,7093,1,0,0,0,0,0,0,0,0,0,187,331,2,0,0,0,0,0,0,0
2021-08-28,277120,256595,37,0,257930,17354,23,0,4549,525,11,0,8342,232343,2,0,6126,0,0,0,0,0,0,0,0,0,0,173,247,1,0,0,0,0,0,0,0
2021-08-29,16687,16515,34,0,13496,1386,25,0,161,140,7,0,713,12645,1,0,2221,0,0,0,0,0,0,0,0,0,0,96,123,1,0,0,0,0,0,0,0
2021-08-30,390509,600664,60,0,352108,74676,37,0,11490,7415,10,0,16939,508471,10,0,9784,0,0,0,0,0,0,0,0,0,0,188,318,3,0,0,0,0,0,0,0
2021-08-31,248586,531261,67,0,207195,71868,40,0,10469,7399,11,0,15093,436067,5,0,15620,0,0,0,0,0,0,0,0,0,0,209,307,11,0,0,0,0,0,0,0
2021-09-01,179334,535917,77,1,138983,204014,62,1,10961,7789,5,0,11963,306573,5,0,17230,1,0,0,0,0,0,0,0,0,0,197,311,4,0,0,0,0,0,0,0
2021-09-02,187031,500930,98,1,145532,154333,82,1,11484,8879,13,0,11471,319019,1,0,18365,1,0,0,0,0,0,0,0,0,0,179,334,1,0,0,0,0,0,0,0
2021-09-03,234298,700265,52,0,190412,273805,37,0,14426,14783,12,0,12453,394564,1,0,16836,0,0,0,0,0,0,0,0,0,0,171,277,2,0,0,0,0,0,0,0
2021-09-04,119380,261641,27,0,95947,80546,24,0,10227,9367,1,0,4060,162512,0,0,9026,0,0,0,0,0,0,0,0,0,0,120,190,2,0,0,0,0,0,0,0
2021-09-05,9000,8855,18,0,5235,4965,11,0,923,912,2,0,171,238,1,0,2594,0,0,0,0,0,0,0,0,0,0,77,146,4,0,0,0,0,0,0,0
2021-09-06,744508,635709,53,0,671904,352999,47,0,58995,262904,3,0,4093,10175,1,0,9334,0,0,0,0,0,0,0,0,0,0,182,297,2,0,0,0,0,0,0,0
2021-09-07,575420,422388,70,0,514848,264648,51,0,45157,135687,15,0,3520,10095,2,0,11688,0,0,0,0,0,0,0,0,0,0,207,270,2,0,0,0,0,0,0,0
2021-09-08,386750,308284,62,0,331910,203474,41,0,39812,85455,14,0,2558,6802,3,0,12287,2,0,0,0,0,0,0,0,0,0,183,266,2,0,0,0,0,0,0,0
2021-09-09,440781,293243,59,0,373912,196981,43,0,52797,77963,9,0,2220,6413,5,0,11658,0,0,0,0,0,0,0,0,0,0,194,228,2,0,0,0,0,0,0,0
2021-09-10,653689,419033,75,0,538202,290319,55,0,102243,109917,12,0,2224,7747,2,0,10807,3,0,0,0,0,0,0,0,0,0,213,243,3,0,0,0,0,0,0,0
2021-09-11,329168,213298,44,0,254568,143287,21,0,63914,58285,13,0,678,1764,8,0,9784,0,0,0,0,0,0,0,0,0,0,224,178,2,0,0,0,0,0,0,0
2021-09-12,22435,26199,20,0,15022,17156,12,0,4055,5830,5,0,302,138,3,0,2960,0,0,0,0,0,0,0,0,0,0,96,115,0,0,0,0,0,0,0,0
2021-09-13,828583,424035,63,0,434092,398831,42,0,386190,15700,9,0,842,1927,3,0,7342,3,0,0,0,0,0,0,0,0,0,117,235,6,0,0,0,0,0,0,0
2021-09-14,602762,225717,79,2,337686,202837,57,2,254026,9920,13,0,568,2404,3,0,10309,2,0,0,0,0,0,0,0,0,0,173,247,4,0,0,0,0,0,0,0
2021-09-15,376997,441111,74,0,222794,409966,51,0,143346,18827,11,0,536,1953,10,0,10133,0,0,0,0,0,0,0,0,0,0,188,232,2,0,0,0,0,0,0,0
2021-09-16,431302,314860,56,2,247413,286248,35,2,173307,16208,11,0,420,2197,3,0,9986,6,0,0,0,0,0,0,0,0,0,176,221,1,0,0,0,0,0,0,0
2021-09-17,661617,446184,63,0,348580,372892,29,0,300414,57992,20,0,754,3374,5,0,11706,9,0,0,0,0,0,0,0,0,0,163,220,0,0,0,0,0,0,0,0
2021-09-18,393023,191253,44,0,182111,158262,26,0,205567,27126,6,0,265,733,5,0,4912,1,0,0,0,0,0,0,0,0,0,168,220,6,0,0,0,0,0,0,0
2021-09-19,21668,26471,22,0,10989,24409,10,0,10282,1669,6,0,140,80,1,0,206,0,0,0,0,0,0,0,0,0,0,51,107,5,0,0,0,0,0,0,0
2021-09-20,30404,14787,47,0,11438,11875,32,0,18769,2553,4,0,90,221,5,0,50,0,0,0,0,0,0,0,0,0,0,57,88,6,0,0,0,0,0,0,0
2021-09-21,7003,5107,48,0,3031,4004,29,0,3784,801,12,0,90,202,3,0,20,1,0,0,0,0,0,0,0,0,0,78,80,3,0,0,0,0,0,0,0
2021-09-22,28091,16889,64,0,12599,13205,50,0,15079,3109,9,0,124,200,3,0,138,1,0,0,0,0,0,0,0,0,0,151,237,1,0,0,0,0,0,0,0
2021-09-23,562401,378037,77,1,260642,293949,43,1,296129,76794,22,0,544,2105,4,0,4951,2,0,0,0,0,0,0,0,0,0,135,238,6,0,0,0,0,0,0,0
2021-09-24,617762,416437,68,0,286355,335735,46,0,326045,73098,18,0,585,2718,3,0,4568,0,0,0,0,0,0,0,0,0,0,209,318,1,0,0,0,0,0,0,0
2021-09-25,313754,216541,57,1,133519,180876,39,1,179035,33997,13,0,155,603,0,0,915,1,0,0,0,0,0,0,0,0,0,130,150,4,0,0,0,0,0,0,0
2021-09-26,26749,24464,44,1,12404,21856,33,1,13462,1653,1,0,43,112,9,0,751,0,0,0,0,0,0,0,0,0,0,89,92,1,0,0,0,0,0,0,0
2021-09-27,417866,713224,109,1,206851,433097,88,1,206666,274194,13,0,381,1862,5,0,3863,3,0,0,0,0,0,0,0,0,0,105,208,0,0,0,0,0,0,0,0
2021-09-28,258085,691701,101,1,117149,463191,77,1,136998,221814,11,0,392,3055,7,0,3418,3,0,0,0,0,0,0,0,0,0,128,223,3,0,0,0,0,0,0,0
2021-09-29,232235,527889,143,1,106908,375617,106,1,120313,144096,8,0,533,3616,16,0,4351,4,0,0,0,0,0,0,0,0,0,130,209,9,0,0,0,0,0,0,0
2021-09-30,344893,543430,123,2,161998,384431,99,2,178531,141066,12,0,646,14141,6,0,3603,3,0,0,0,0,0,0,0,0,0,115,189,3,0,0,0,0,0,0,0
2021-10-01,237331,862813,163,1,92974,618674,136,0,140995,205292,14,1,606,36133,7,0,2674,4,0,0,0,0,0,0,0,0,0,82,40,2,0,0,0,0,0,0,0
2021-10-02,125008,408001,73,0,46955,288433,57,0,75979,114927,8,0,93,2638,6,0,1947,0,0,0,0,0,0,0,0,0,0,34,56,2,0,0,0,0,0,0,0
2021-10-03,3611,33806,62,1,867,25089,46,1,2568,8363,8,0,32,175,3,0,96,0,0,0,0,0,0,0,0,0,0,48,83,5,0,0,0,0,0,0,0
2021-10-04,25904,210910,144,1,6417,181716,107,1,18917,8979,16,0,251,19842,18,0,250,2,0,0,0,0,0,0,0,0,0,69,123,1,0,0,0,0,0,0,0
2021-10-05,45674,767713,149,0,12942,680154,123,0,29022,29733,16,0,785,54843,5,0,2804,3,0,0,0,0,0,0,0,0,0,121,179,2,0,0,0,0,0,0,0
2021-10-06,37573,512257,143,0,12679,452897,129,0,21193,23580,9,0,780,32813,3,0,2825,1,0,0,0,0,0,0,0,0,0,96,142,1,0,0,0,0,0,0,0
2021-10-07,37346,712249,124,1,13734,643382,108,1,20366,28569,9,0,662,37664,3,0,2473,0,0,0,0,0,0,0,0,0,0,111,161,4,0,0,0,0,0,0,0
2021-10-08,45645,1100665,126,1,16595,973290,96,1,25841,73538,12,0,796,51318,8,0,2234,4,0,0,0,0,0,0,0,0,0,179,285,6,0,0,0,0,0,0,0
2021-10-09,11178,104671,116,1,2157,90025,79,1,8312,10713,21,0,171,3321,8,0,431,3,0,0,0,0,0,0,0,0,0,107,181,5,0,0,0,0,0,0,0
2021-10-10,2917,18564,71,0,630,14996,57,0,1898,1874,6,0,46,1303,3,0,290,0,0,0,0,0,0,0,0,0,0,53,101,5,0,0,0,0,0,0,0
2021-10-11,93959,166996,124,0,8972,98513,93,0,84498,61013,14,0,198,7132,4,0,159,0,0,0,0,0,0,0,0,0,0,132,179,13,0,0,0,0,0,0,0
2021-10-12,107088,602256,886,0,19181,462461,805,0,85231,111544,55,0,481,26020,9,0,2071,2,0,0,0,0,0,0,0,0,0,124,160,15,0,0,0,0,0,0,0
2021-10-13,58060,412659,1522,0,17977,310072,1464,0,37403,77579,22,0,494,22737,14,0,2089,0,0,0,0,0,0,0,0,0,0,97,182,22,0,0,0,0,0,0,0
2021-10-14,55431,458929,1893,1,18551,349350,1832,1,34775,87460,20,0,437,20434,11,0,1479,0,0,0,0,0,0,0,0,0,0,189,206,30,0,0,0,0,0,0,0
2021-10-15,90023,722051,2483,0,23090,519108,2412,0,64168,173779,31,0,536,26951,20,0,2076,3,0,0,0,0,0,0,0,0,0,153,137,17,0,0,0,0,0,0,0
2021-10-16,64686,355985,208,0,11180,238988,184,0,52368,105539,10,0,154,10498,5,0,833,1,0,0,0,0,0,0,0,0,0,151,127,8,0,0,0,0,0,0,0
2021-10-17,2081,20048,73,0,1048,13816,49,0,449,5439,4,0,12,258,3,0,501,0,0,0,0,0,0,0,0,0,0,71,34,17,0,0,0,0,0,0,0
2021-10-18,72267,631524,1623,0,59867,398241,1566,0,10511,217115,18,0,416,14725,16,0,1320,0,0,0,0,0,0,0,0,0,0,153,123,23,0,0,0,0,0,0,0
2021-10-19,37795,448024,2216,0,29356,292067,2171,0,6645,139216,17,0,447,15405,1,0,1211,3,0,0,0,0,0,0,0,0,0,136,125,24,0,0,0,0,0,0,0
2021-10-20,69331,325101,4480,0,61710,211762,4416,0,5726,87776,18,0,430,24124,11,0,1351,4,0,0,0,0,0,0,0,0,0,114,88,31,0,0,0,0,0,0,0
2021-10-21,60071,409708,6008,0,53119,266721,5960,0,5579,133322,24,0,307,8575,1,0,978,0,0,0,0,0,0,0,0,0,0,88,112,23,0,0,0,0,0,0,0
2021-10-22,66446,634982,6385,0,56581,380882,6255,0,7861,242885,85,0,412,9548,8,0,1525,3,0,0,0,0,0,0,0,0,0,67,142,34,0,0,0,0,0,0,0
2021-10-23,51750,334719,746,1,47101,182992,657,1,4002,148335,56,0,81,2796,2,0,508,3,0,0,0,0,0,0,0,0,0,58,88,28,0,0,0,0,0,0,0
2021-10-24,3968,17190,128,0,3042,9900,68,0,348,6588,38,0,16,120,6,0,534,0,0,0,0,0,0,0,0,0,0,28,48,16,0,0,0,0,0,0,0
2021-10-25,78761,434152,9363,0,69899,220482,9158,0,7348,205974,148,0,241,6352,9,0,1223,8,0,0,0,0,0,0,0,0,0,50,121,40,0,0,0,0,0,0,0
2021-10-26,41493,282157,13305,0,32628,143469,13123,0,7199,130235,142,0,301,7077,4,0,1287,4,0,0,0,0,0,0,0,0,0,78,89,32,0,0,0,0,0,0,0
2021-10-27,77989,259499,13658,0,69686,129780,13459,0,6946,122020,152,0,229,6517,7,0,1058,7,0,0,0,0,0,0,0,0,0,70,124,33,0,0,0,0,0,0,0
2021-10-28,63487,624711,9998,1,54270,295186,9464,1,7770,321514,491,0,344,6875,3,0,1038,4,0,0,0,0,0,0,0,0,0,65,98,36,0,0,0,0,0,0,0
2021-10-29,60956,703273,10650,0,48772,316432,10271,0,10436,377086,334,0,273,8227,4,0,1405,8,0,0,0,0,0,0,0,0,0,70,123,33,0,0,0,0,0,0,0
2021-10-30,36715,359167,3619,1,30643,149388,3473,1,5418,207556,112,0,70,1628,6,0,513,2,0,0,0,0,0,0,0,0,0,71,82,26,0,0,0,0,0,0,0
2021-10-31,3063,21529,374,0,2229,10295,296,0,501,10836,51,0,15,85,1,0,281,1,0,0,0,0,0,0,0,0,0,37,32,25,0,0,0,0,0,0,0
2021-11-01,83512,119888,35004,1,71997,51084,26904,1,10712,66269,8015,0,160,1841,1,0,590,51,0,0,0,0,0,0,0,0,0,53,104,33,0,0,0,0,0,0,0
2021-11-02,42948,88297,57231,1,34170,36049,52317,1,8024,49656,4808,0,218,2003,6,0,464,64,0,0,0,0,0,0,0,0,0,72,125,36,0,0,0,0,0,0,0
2021-11-03,65379,76771,58011,0,57807,34206,53735,0,6586,40165,4182,0,250,1638,1,0,669,64,0,0,0,0,0,0,0,0,0,67,93,29,0,0,0,0,0,0,0
2021-11-04,60981,125041,45656,0,53712,54034,40967,0,6230,68665,4567,0,211,1482,1,0,766,85,0,0,0,0,0,0,0,0,0,62,94,36,0,0,0,0,0,0,0
2021-11-05,71819,163393,59176,0,62416,69870,52513,0,8478,90360,6500,0,198,2370,4,0,654,129,0,0,0,0,0,0,0,0,0,73,139,30,0,0,0,0,0,0,0
2021-11-06,45672,63377,22581,1,41843,28412,20041,1,3551,34272,2500,0,31,405,0,0,188,21,0,0,0,0,0,0,0,0,0,59,100,19,0,0,0,0,0,0,0
2021-11-07,2270,4563,847,0,1881,1744,624,0,252,2596,193,0,9,66,1,0,109,14,0,0,0,0,0,0,0,0,0,19,48,15,0,0,0,0,0,0,0
2021-11-08,117174,164635,185036,1,106636,70318,80586,1,9727,92440,103934,0,98,1110,1,0,678,470,0,0,0,0,0,0,0,0,0,35,89,45,0,0,0,0,0,0,0
2021-11-09,46370,126768,101686,1,38368,37204,66981,1,7424,87922,34309,0,91,1104,6,0,436,352,0,0,0,0,0,0,0,0,0,51,102,38,0,0,0,0,0,0,0
2021-11-10,69162,108044,96480,0,62628,60450,70772,0,5882,45877,24847,0,72,1103,3,0,530,823,0,0,0,0,0,0,0,0,0,50,84,35,0,0,0,0,0,0,0
2021-11-11,64691,109384,108854,0,57972,57899,61475,0,6147,49947,46409,0,81,1016,5,0,451,920,0,0,0,0,0,0,0,0,0,40,71,45,0,0,0,0,0,0,0
2021-11-12,78913,150286,145365,0,71070,67755,75002,0,7185,80451,69324,0,67,1448,8,0,530,982,0,0,0,0,0,0,0,0,0,61,102,49,0,0,0,0,0,0,0
2021-11-13,55632,101585,51159,1,52243,46242,23508,1,3196,54883,27535,0,8,240,0,0,139,87,0,0,0,0,0,0,0,0,0,46,81,29,0,0,0,0,0,0,0
2021-11-14,2406,3455,2425,1,1791,2337,955,1,504,1017,1248,0,9,23,0,0,49,195,0,0,0,0,0,0,0,0,0,53,29,27,0,0,0,0,0,0,0
2021-11-15,62707,89321,165608,3,55192,64807,119622,1,7060,23438,45234,1,63,633,4,1,345,694,0,0,0,0,0,0,0,0,0,47,98,54,0,0,0,0,0,0,0
2021-11-16,34178,48163,142294,0,28290,32229,120250,0,5356,14618,21052,0,33,776,2,0,443,933,0,0,0,0,0,0,0,0,0,56,97,57,0,0,0,0,0,0,0
2021-11-17,46132,67333,136250,0,41318,55216,116237,0,4286,10675,18743,0,23,853,2,0,467,1220,0,0,0,0,0,0,0,0,0,38,122,48,0,0,0,0,0,0,0
2021-11-18,45533,61178,131726,1,42135,51573,94926,0,2931,8221,35670,1,80,895,1,0,348,1064,0,0,0,0,0,0,0,0,0,39,141,65,0,0,0,0,0,0,0
2021-11-19,50197,78342,156575,0,45857,62096,109863,0,3807,14455,45431,0,62,1205,3,0,416,1225,0,0,0,0,0,0,0,0,0,55,170,53,0,0,0,0,0,0,0
2021-11-20,27223,39301,42668,0,25483,32409,24672,0,1584,6532,17871,0,8,143,6,0,99,82,0,0,0,0,0,0,0,0,0,49,118,37,0,0,0,0,0,0,0
2021-11-21,1479,2345,2272,2,1283,1898,1096,2,106,269,1059,0,5,35,1,0,53,74,0,0,0,0,0,0,0,0,0,32,90,42,0,0,0,0,0,0,0
2021-11-22,49778,88583,151327,1,45574,80398,111973,1,3861,7275,38806,0,24,516,1,0,293,505,0,0,0,0,0,0,0,0,0,26,101,42,0,0,0,0,0,0,0
2021-11-23,28927,44522,147067,0,25734,37496,122724,0,2807,6149,23468,0,25,479,2,0,313,821,0,0,0,0,0,0,0,0,0,48,85,52,0,0,0,0,0,0,0
2021-11-24,47378,62106,161654,1,44397,55962,137905,0,2583,5131,22861,0,38,618,1,0,324,844,0,0,0,0,0,0,0,0,0,36,71,43,1,0,0,0,0,0,0
2021-11-25,48654,67987,206148,1,45896,60871,166828,1,2410,6007,38485,0,32,742,4,0,285,777,0,0,0,0,0,0,0,0,0,31,82,54,0,0,0,0,0,0,0
2021-11-26,56509,88334,298327,0,52724,76455,245245,0,3335,10474,52147,0,86,1004,11,0,316,872,0,0,0,0,0,0,0,0,0,48,85,52,0,0,0,0,0,0,0
2021-11-27,32733,46244,73007,0,31211,41443,53539,0,1402,4536,19333,0,13,140,17,0,72,84,0,0,0,0,0,0,0,0,0,35,53,34,0,0,0,0,0,0,0
2021-11-28,1061,2089,2920,1,925,1734,1737,1,75,199,964,0,6,76,0,0,42,183,0,0,0,0,0,0,0,0,0,13,38,36,0,0,0,0,0,0,0
2021-11-29,31428,106870,182234,4,28083,99950,151773,4,3048,6037,30007,0,66,599,16,0,205,379,0,0,0,0,0,0,0,0,0,26,79,59,0,0,0,0,0,0,0
2021-11-30,22197,49595,192150,0,19093,42820,166813,0,2687,5653,24537,0,74,735,26,0,307,703,0,0,0,0,0,0,0,0,0,36,80,71,0,0,0,0,0,0,0
2021-12-01,24242,66411,164301,2,22152,61058,142181,2,1844,4449,21617,0,16,662,4,0,198,419,0,0,0,0,0,0,0,0,0,32,44,80,0,0,0,0,0,0,0
2021-12-02,23060,61498,184469,0,20904,56070,149686,0,1888,4713,34281,0,18,500,5,0,176,439,0,0,0,0,0,0,0,0,0,74,39,58,0,0,0,0,0,0,0
2021-12-03,34752,91722,283176,1,30736,81969,222420,0,3670,8976,60100,0,9,404,6,1,310,591,0,0,0,0,0,0,0,0,0,27,63,59,0,0,0,0,0,0,0
2021-12-04,21759,53521,97563,0,19719,49720,70576,0,1952,3651,26926,0,2,33,3,0,62,22,0,0,0,0,0,0,0,0,0,24,55,36,0,0,0,0,0,0,0
2021-12-05,1801,2132,4073,0,1527,1848,2648,0,219,188,1266,0,2,13,3,0,34,130,0,0,0,0,0,0,0,0,0,19,49,26,0,0,0,0,0,0,0
2021-12-06,52810,66780,290233,1,47227,59762,213802,1,5272,6573,76085,0,10,111,3,0,267,277,0,0,0,0,0,0,0,0,0,34,67,66,0,0,0,0,0,0,0
2021-12-07,38441,42761,296179,1,34137,36338,217761,1,4012,6000,77958,0,3,121,8,0,244,388,0,0,0,0,0,0,0,0,0,45,58,64,0,0,0,0,0,0,0
2021-12-08,46508,52424,307285,0,42343,46622,215057,0,3805,5314,91516,0,6,114,6,0,329,647,0,0,0,0,0,0,0,0,0,25,45,59,0,0,0,0,0,0,0
2021-12-09,45974,55752,449697,0,42384,49552,265439,0,3213,5675,183695,0,4,150,6,0,346,492,0,0,0,0,0,0,0,0,0,27,29,65,0,0,0,0,0,0,0
2021-12-10,52141,76162,774527,1,47721,66374,367176,1,3984,9115,406589,0,14,232,12,0,397,643,0,0,0,0,0,0,0,0,0,25,44,107,0,0,0,0,0,0,0
2021-12-11,26312,34902,280785,0,24397,31136,128983,0,1823,3622,151699,0,1,38,19,0,66,24,0,0,0,0,0,0,0,0,0,25,40,60,0,0,0,0,0,0,0
2021-12-12,2139,1589,8919,0,1924,1346,4822,0,204,201,4023,0,1,9,3,0,1,1,0,0,0,0,0,0,0,0,0,9,32,70,0,0,0,0,0,0,0
2021-12-13,77600,63657,789224,1,70551,55732,341497,1,6662,7333,447213,0,4,197,7,0,359,402,0,0,0,0,0,0,0,0,0,24,36,105,0,0,0,0,0,0,0
2021-12-14,55780,44417,809320,0,50421,37282,353591,0,5069,6733,455259,0,3,84,8,0,262,362,0,0,0,0,0,0,0,0,0,25,56,100,0,0,0,0,0,0,0
2021-12-15,88566,58471,934462,0,84586,52327,480649,0,3603,5629,453113,0,8,123,29,0,348,570,0,0,0,0,0,0,0,0,0,21,44,101,0,0,0,0,0,0,0
2021-12-16,98799,62473,922182,1,94660,56134,508377,1,3755,5802,413193,0,5,155,28,0,350,505,0,0,0,0,0,0,0,0,0,29,32,79,0,0,0,0,0,0,0
2021-12-17,108373,81069,1193001,0,103537,71684,691042,0,4390,8736,501082,0,3,177,24,0,426,758,0,0,0,0,0,0,0,0,0,17,46,95,0,0,0,0,0,0,0
2021-12-18,69721,40903,533757,1,67329,36677,326329,0,2294,4059,207311,1,0,37,5,0,83,38,0,0,0,0,0,0,0,0,0,15,47,74,0,0,0,0,0,0,0
2021-12-19,6067,1890,30326,0,5887,1570,22280,0,168,280,7989,0,0,7,3,0,6,6,0,0,0,0,0,0,0,0,0,6,27,48,0,0,0,0,0,0,0
2021-12-20,122352,53806,853076,0,118016,47124,531873,0,4009,6262,320776,0,1,93,27,0,304,264,0,0,0,0,0,0,0,0,0,22,23,136,0,0,0,0,0,0,0
2021-12-21,75403,38425,697542,0,72580,33114,401003,0,2536,4925,296098,0,2,62,21,0,266,291,0,0,0,0,0,0,0,0,0,19,58,129,0,0,0,0,0,0,0
2021-12-22,91363,39415,625527,0,89205,34754,378193,0,2000,4339,246848,0,4,143,9,0,138,277,0,0,0,0,0,0,0,0,0,16,41,200,0,0,0,0,0,0,0
2021-12-23,80832,34785,601170,0,79232,30522,368990,0,1478,3956,231862,0,1,170,16,0,99,182,0,0,0,0,0,0,0,0,0,22,38,120,0,0,0,0,0,0,0
2021-12-24,79585,43753,801827,0,77892,37365,497306,0,1585,6146,304106,0,3,70,12,0,88,249,0,0,0,0,0,0,0,0,0,17,84,154,0,0,0,0,0,0,0
2021-12-25,10286,5108,60693,0,10054,4479,43216,0,216,602,17398,0,1,4,7,0,2,1,0,0,0,0,0,0,0,0,0,13,21,71,0,0,0,0,0,0,0
2021-12-26,3534,1785,25782,1,3468,1645,20069,0,54,125,5618,0,0,3,24,1,1,1,0,0,0,0,0,0,0,0,0,11,11,70,0,0,0,0,0,0,0
2021-12-27,76499,65066,764312,1,75041,59868,500984,1,1342,4963,263032,0,5,101,27,0,98,107,0,0,0,0,0,0,0,0,0,13,36,162,0,0,0,0,0,0,0
2021-12-28,46410,43957,621047,2,45281,39635,387355,2,1025,4137,233388,0,4,65,34,0,82,130,0,0,0,0,0,0,0,0,0,18,38,140,0,0,0,0,0,0,0
2021-12-29,49597,46780,539806,0,48689,43518,348490,0,789,3068,190982,0,11,54,40,0,95,123,0,0,0,0,0,0,0,0,0,13,45,171,0,0,0,0,0,0,0
2021-12-30,47491,46439,548711,1,46536,42935,366329,1,834,3298,182049,0,2,67,68,0,110,133,0,0,0,0,0,0,0,0,0,9,29,132,0,0,0,0,0,0,0
2021-12-31,54157,58616,738203,3,52703,52686,482216,1,1312,5746,255681,1,1,39,59,0,124,155,0,0,0,0,0,0,0,0,0,17,21,92,1,0,0,0,0,0,0
2022-01-01,4282,4976,34638,1,4096,4368,26931,1,172,588,7673,0,3,0,6,0,7,3,0,0,0,0,0,0,0,0,0,4,13,25,0,0,0,0,0,0,0
2022-01-02,2118,2473,17727,0,2038,2203,14213,0,75,253,3489,0,1,2,3,0,3,2,0,0,0,0,0,0,0,0,0,1,12,20,0,0,0,0,0,0,0
2022-01-03,40666,79626,490333,3,38683,72518,356223,2,1830,6925,133877,1,1,11,43,0,138,125,0,0,0,0,0,0,0,0,0,14,34,65,0,0,0,0,0,0,0
2022-01-04,26953,55452,367188,1,25665,50001,262801,1,1171,5266,104133,0,0,19,65,0,104,95,0,0,0,0,0,0,0,0,0,13,62,94,0,0,0,0,0,0,0
2022-01-05,21147,76062,335100,2,20167,71713,252275,0,910,4252,82596,2,3,9,26,0,53,105,0,0,0,0,0,0,0,0,0,14,35,98,0,0,0,0,0,0,0
2022-01-06,19888,85514,383494,0,19013,81327,299909,0,746,4036,83302,0,1,7,37,0,118,119,0,0,0,0,0,0,0,0,0,10,26,127,0,0,0,0,0,0,0
2022-01-07,26285,107707,600119,1,25184,102049,461459,1,993,5528,138279,0,1,10,110,0,91,172,0,0,0,0,0,0,0,0,0,16,29,99,0,0,0,0,0,0,0
2022-01-08,16349,70862,347871,1,15780,67745,259533,0,533,3072,88245,0,1,5,46,0,17,10,0,0,0,0,0,0,0,0,0,18,23,37,1,0,0,0,0,0,0
2022-01-09,1111,4767,16330,0,1051,4533,13513,0,56,217,2753,0,0,4,21,0,1,1,0,0,0,0,0,0,0,0,0,3,12,42,0,0,0,0,0,0,0
2022-01-10,25009,109811,444413,1,24001,103413,345192,1,894,6271,99031,0,8,7,26,0,88,65,0,0,0,0,0,0,0,0,0,18,32,99,0,0,0,0,0,0,0
2022-01-11,20325,73523,344257,1,19551,68442,260102,1,698,4989,83939,0,4,8,26,0,60,90,0,0,0,0,0,0,0,0,0,12,24,100,0,0,0,0,0,0,0
2022-01-12,16490,81098,284442,2,15848,77166,219288,2,549,3831,64922,0,1,4,19,0,72,128,0,0,0,0,0,0,0,0,0,20,25,85,0,0,0,0,0,0,0
2022-01-13,16384,77212,344044,1,15662,72979,270346,1,567,4076,73492,0,2,7,28,0,128,121,0,0,0,0,0,0,0,0,0,25,22,57,0,0,0,0,0,0,0
2022-01-14,22681,91230,581564,0,21973,85414,456236,0,575,5675,125057,0,3,8,28,0,107,159,0,0,0,0,0,0,0,0,0,23,26,84,0,0,0,0,0,0,0
2022-01-15,13146,29380,306827,1,12805,26330,236261,1,308,3011,70501,0,0,3,16,0,18,20,0,0,0,0,0,0,0,0,0,15,18,29,0,0,0,0,0,0,0
2022-01-16,790,3448,17269,0,757,3229,14124,0,23,205,3091,0,0,1,22,0,3,0,0,0,0,0,0,0,0,0,0,7,10,32,0,0,0,0,0,0,0
2022-01-17,16102,71357,386925,1,15551,67069,291160,0,467,4191,95594,0,2,8,27,0,66,77,0,0,0,0,0,0,0,0,0,16,23,67,1,0,0,0,0,0,0
2022-01-18,12218,46650,263486,1,11812,43760,195513,1,324,2796,67778,0,0,4,28,0,63,108,0,0,0,0,0,0,0,0,0,19,27,59,0,0,0,0,0,0,0
2022-01-19,10191,45283,216610,2,9836,43064,164081,2,273,2133,52292,0,0,4,42,0,67,118,0,0,0,0,0,0,0,0,0,15,15,77,0,0,0,0,0,0,0
2022-01-20,10523,44796,282602,2,10187,42868,214348,0,232,1821,68044,1,0,4,29,0,92,117,0,0,0,0,0,0,0,0,0,12,11,64,1,0,0,0,0,0,0
2022-01-21,15434,59067,470420,5,14961,56382,348717,3,396,2596,121497,2,2,9,27,0,58,84,0,0,0,0,0,0,0,0,0,17,22,95,0,0,0,0,0,0,0
2022-01-22,9410,18025,259246,0,9223,17039,190560,0,152,955,68598,0,1,0,17,0,17,13,0,0,0,0,0,0,0,0,0,17,14,58,0,0,0,0,0,0,0
2022-01-23,611,1973,14027,1,592,1894,10958,1,8,62,3023,0,0,2,8,0,7,0,0,0,0,0,0,0,0,0,0,4,8,38,0,0,0,0,0,0,0
2022-01-24,11730,40775,298873,2,11410,39034,215279,2,271,1667,83399,0,1,11,10,0,38,61,0,0,0,0,0,0,0,0,0,10,25,124,0,0,0,0,0,0,0
2022-01-25,9262,29427,244909,1,8933,27829,175277,0,262,1526,69442,1,0,7,13,0,53,76,0,0,0,0,0,0,0,0,0,14,12,101,0,0,0,0,0,0,0
2022-01-26,8605,24735,256786,3,8326,23445,181551,3,217,1211,75058,0,1,4,11,0,56,83,0,0,0,0,0,0,0,0,0,5,19,83,0,0,0,0,0,0,0
2022-01-27,9221,25213,316454,2,8883,23744,222036,1,270,1386,94207,1,0,6,22,0,60,97,0,0,0,0,0,0,0,0,0,8,17,92,0,0,0,0,0,0,0
2022-01-28,13456,37250,505982,2,12981,35210,344334,2,395,1950,161380,0,2,4,16,0,68,140,0,0,0,0,0,0,0,0,0,10,18,112,0,0,0,0,0,0,0
2022-01-29,8151,22555,340840,3,7937,21600,224696,3,182,914,116064,0,2,5,7,0,14,11,0,0,0,0,0,0,0,0,0,16,22,62,0,0,0,0,0,0,0
2022-01-30,667,1399,24972,0,644,1292,17746,0,15,100,7184,0,0,1,1,0,4,1,0,0,0,0,0,0,0,0,0,4,2,40,0,0,0,0,0,0,0
2022-01-31,612,1007,19427,2,584,889,14147,0,25,103,5264,2,0,4,8,0,3,0,0,0,0,0,0,0,0,0,0,0,8,8,0,0,0,0,0,0,0
2022-02-01,100,201,3021,1,84,177,2322,1,8,15,679,0,1,3,15,0,5,2,0,0,0,0,0,0,0,0,0,2,1,3,0,0,0,0,0,0,0
2022-02-02,512,864,12637,0,490,792,9785,0,17,64,2834,0,0,1,8,0,3,0,0,0,0,0,0,0,0,0,0,2,4,10,0,0,0,0,0,0,0
2022-02-03,12471,52781,328992,2,12107,49991,228403,2,323,2745,100487,0,1,3,9,0,36,70,0,0,0,0,0,0,0,0,0,4,6,23,0,0,0,0,0,0,0
2022-02-04,12581,35677,359735,3,12187,33659,246299,2,355,1972,113330,1,0,3,10,0,38,67,0,0,0,0,0,0,0,0,0,1,5,29,0,0,0,0,0,0,0
2022-02-05,7297,18100,204713,0,7105,17195,139161,0,175,881,65524,0,2,1,3,0,11,2,0,0,0,0,0,0,0,0,0,4,12,23,0,0,0,0,0,0,0
2022-02-06,455,968,12075,1,442,904,9188,0,12,51,2859,0,0,2,2,0,0,0,0,0,0,0,0,0,0,0,0,1,11,26,1,0,0,0,0,0,0
2022-02-07,8250,22473,247029,1,7898,21132,170335,0,310,1267,76549,1,1,7,14,0,36,40,0,0,0,0,0,0,0,0,0,5,31,91,0,0,0,0,0,0,0
2022-02-08,5859,16194,163695,1,5635,15220,114489,1,189,917,49047,0,0,5,14,0,25,61,0,0,0,0,0,0,0,0,0,10,27,84,0,0,0,0,0,0,0
2022-02-09,5258,13025,147228,0,5020,12232,105699,0,195,725,41381,0,0,3,9,0,37,49,0,0,0,0,0,0,0,0,0,6,28,90,0,0,0,0,0,0,0
2022-02-10,5979,13963,206099,0,5754,13169,143960,0,174,722,61975,0,0,4,16,0,44,64,0,0,0,0,0,0,0,0,0,7,24,84,0,0,0,0,0,0,0
2022-02-11,8381,19736,307903,3,8149,18714,206814,1,198,979,100941,1,0,3,19,1,26,76,0,1,0,0,0,0,0,0,0,7,14,53,0,0,0,0,0,0,0
2022-02-12,5775,12264,169681,1,5642,11689,110692,1,114,544,58940,0,1,1,16,0,5,11,0,1,0,0,0,0,0,0,0,12,25,22,0,0,0,0,0,0,0
2022-02-13,372,609,9055,0,363,580,6727,0,9,18,2299,0,0,0,4,0,0,0,0,0,0,0,0,0,0,0,0,0,11,25,0,0,0,0,0,0,0
2022-02-14,10499,13659,194230,0,5962,12864,134329,0,181,668,59572,0,1,2,14,0,16,35,0,4332,90,228,0,0,0,0,0,7,19,52,0,0,0,0,0,0,0
2022-02-15,9899,10745,139782,3,4648,10063,97010,1,110,476,42179,2,1,1,35,0,17,28,0,5117,175,482,0,0,0,0,0,6,13,48,0,0,0,0,0,0,0
2022-02-16,9309,9673,129339,15,3952,9019,91784,14,137,423,36685,1,2,0,14,0,25,48,0,5191,195,758,0,0,0,0,0,2,11,50,0,0,0,0,0,0,0
2022-02-17,9233,10082,169754,218,3994,9428,119291,203,64,365,49357,14,1,0,12,0,11,67,0,5149,259,975,1,0,0,0,0,14,19,52,0,0,0,0,0,0,0
2022-02-18,11590,15332,248800,466,6117,14396,168154,421,94,572,79331,45,1,0,25,0,14,53,0,5352,340,1200,0,0,0,0,0,12,10,37,0,0,0,0,0,0,0
2022-02-19,6270,9544,135911,206,4223,9136,89899,190,65,293,45428,16,0,0,9,0,7,6,0,1968,97,544,0,0,0,0,0,7,11,25,0,0,0,0,0,0,0
2022-02-20,367,589,8265,2,240,564,6013,2,8,16,2199,0,0,0,5,0,0,1,0,118,7,31,0,0,0,0,0,1,2,16,0,0,0,0,0,0,0
2022-02-21,8198,5586,161705,689,4129,4917,113160,623,82,348,46784,65,1,0,12,0,20,38,0,3961,296,1682,0,0,0,0,0,5,5,29,1,0,0,0,0,0,0
2022-02-22,6383,3957,114591,1163,3257,3300,80746,1102,91,355,32263,61,0,3,6,0,8,29,0,3021,282,1519,0,0,0,0,0,6,9,28,0,0,0,0,0,0,0
2022-02-23,5861,3698,109666,2090,3167,3093,78964,1965,101,291,29118,124,1,0,9,0,22,46,0,2566,279,1497,0,0,0,0,0,4,13,32,1,0,0,0,0,0,0
2022-02-24,6317,10476,148274,2568,3603,9849,105343,2467,94,291,41033,101,0,0,6,0,10,52,0,2600,321,1813,0,0,0,0,0,10,5,27,0,0,0,0,0,0,0
2022-02-25,8969,13962,227641,4252,5884,13036,155347,4062,104,507,69852,190,0,1,6,0,14,39,0,2966,392,2348,0,0,0,0,0,1,12,49,0,0,0,0,0,0,0
2022-02-26,4933,8500,119665,606,3749,8082,80579,534,39,260,38172,72,0,1,7,0,1,10,0,1138,149,881,0,0,0,0,0,6,7,16,0,0,0,0,0,0,0
2022-02-27,232,458,6190,6,167,435,4675,6,5,16,1446,0,0,1,3,0,0,3,0,59,4,53,0,0,0,0,0,1,2,10,0,0,0,0,0,0,0
2022-02-28,5676,8336,144974,4603,3764,7932,103201,4444,85,172,40248,159,2,0,6,0,10,26,0,1815,218,1449,0,0,0,0,0,0,4,44,0,0,0,0,0,0,0
2022-03-01,212,367,5035,221,134,355,3697,215,3,6,1231,5,0,0,10,1,1,2,0,63,4,70,0,0,0,0,0,11,1,25,0,0,0,0,0,0,0
2022-03-02,2257,4390,65187,11518,1075,4163,46939,11255,33,71,17326,262,0,4,8,0,7,31,0,1140,140,848,1,0,0,0,0,2,5,35,0,0,0,0,0,0,0
2022-03-03,2010,4283,66672,12749,998,3964,46852,12445,34,191,18969,302,0,2,2,0,5,17,0,972,116,805,2,0,0,0,0,1,5,27,0,0,0,0,0,0,0
2022-03-04,3515,7739,105168,14566,2227,7312,71190,14026,62,285,32843,537,0,0,6,0,10,20,1,1212,128,1081,2,0,0,0,0,4,4,28,0,0,0,0,0,0,0
2022-03-05,2303,5636,52655,2344,1804,5415,36038,2224,21,151,16157,120,0,1,5,0,0,3,0,477,58,444,0,0,0,0,0,1,11,8,0,0,0,0,0,0,0
2022-03-06,80,203,1775,46,57,192,1353,42,0,6,393,4,0,0,2,0,1,0,0,22,1,19,0,0,0,0,0,0,3,8,0,0,0,0,0,0,0
2022-03-07,7888,5899,66797,11162,959,3371,46922,10638,40,156,17952,516,0,1,9,1,9,10,1,6878,2359,1881,6,0,0,0,0,2,3,23,0,0,0,0,0,0,0
2022-03-08,5893,5238,41415,15772,702,2687,28529,15158,18,125,11642,608,0,0,8,0,4,5,0,5168,2413,1211,6,0,0,0,0,1,9,20,0,0,0,0,0,0,0
2022-03-09,1082,1274,8110,946,191,539,5847,910,5,27,2017,36,0,2,9,0,0,1,0,885,702,217,0,0,0,0,0,1,4,19,0,0,0,0,0,0,0
2022-03-10,5199,6435,61799,17163,823,2898,43580,16571,18,134,16741,590,1,3,11,0,10,8,0,4345,3390,1438,2,0,0,0,0,2,0,21,0,0,0,0,0,0,0
2022-03-11,8947,13990,85914,19045,1814,7205,58368,18057,38,249,24766,964,0,2,13,0,4,20,0,7090,6522,2725,24,0,0,0,0,1,8,22,0,0,0,0,0,0,0
2022-03-12,4008,5417,35668,2295,1057,3871,24398,2130,14,80,10356,164,0,1,10,0,1,1,0,2931,1453,895,1,0,0,0,0,5,11,8,0,0,0,0,0,0,0
2022-03-13,84,107,795,32,20,60,586,29,0,3,178,3,0,0,3,0,0,0,0,62,44,18,0,0,0,0,0,2,0,10,0,0,0,0,0,0,0
2022-03-14,3703,4940,49313,10819,677,2299,35595,10438,27,118,12332,379,0,0,16,0,3,13,0,2991,2508,1326,2,0,0,0,0,5,12,31,0,0,0,0,0,0,0
2022-03-15,2520,3357,32445,15645,495,1449,23038,15009,24,70,8443,631,0,1,14,0,4,3,0,1992,1830,927,4,0,0,0,0,5,3,20,1,0,0,0,0,0,0
2022-03-16,2263,2488,32383,16721,485,814,24128,16041,13,92,7388,677,0,2,9,0,7,10,0,1754,1571,834,3,0,0,0,0,4,2,14,0,0,0,0,0,0,0
2022-03-17,2568,2743,44166,15925,656,926,32470,15391,42,67,10502,532,0,0,21,1,8,11,0,1859,1736,1142,1,0,0,0,0,3,6,20,0,0,0,0,0,0,0
2022-03-18,4772,5690,77229,15866,1473,2075,54548,14877,22,96,20727,982,1,0,16,0,5,15,0,3267,3509,1913,7,0,0,0,0,4,5,10,0,0,0,0,0,0,0
2022-03-19,2095,1935,30513,2112,870,1001,21923,1883,18,39,8075,229,1,0,6,0,0,1,0,1202,892,501,0,0,0,0,0,4,3,7,0,0,0,0,0,0,0
2022-03-20,26,38,600,22,11,15,474,22,0,2,107,0,0,1,7,0,0,0,0,15,19,9,0,0,0,0,0,0,1,3,0,0,0,0,0,0,0
2022-03-21,2291,2318,47623,9239,657,976,37283,8682,20,53,9497,555,1,1,16,0,4,14,0,1608,1274,806,2,0,0,0,0,1,10,7,0,0,0,0,0,0,0
2022-03-22,1846,1262,29329,11398,458,586,22282,10830,24,46,6398,567,0,0,9,0,7,8,0,1356,611,618,1,0,0,0,0,1,12,14,0,0,0,0,0,0,0
2022-03-23,1529,1302,33858,9750,499,539,27374,9020,13,43,5895,729,0,2,9,0,1,8,0,1015,712,550,0,0,0,0,0,1,5,22,1,0,0,0,0,0,0
2022-03-24,1793,1559,41162,9316,592,634,32181,8515,16,70,8143,801,0,0,8,0,2,6,0,1175,850,807,0,0,0,0,0,8,3,17,0,0,0,0,0,0,0
2022-03-25,3243,2879,68974,9939,1232,1249,53620,8660,23,67,14081,1273,2,1,5,0,5,8,0,1979,1556,1253,6,0,0,0,0,2,1,7,0,0,0,0,0,0,0
2022-03-26,1524,1118,34598,2114,729,634,28884,1688,19,16,5388,426,1,0,2,0,1,8,0,772,466,308,0,0,0,0,0,2,1,8,0,0,0,0,0,0,0
2022-03-27,26,34,571,39,12,22,489,34,0,0,71,5,0,0,1,0,0,0,0,14,10,8,0,0,0,0,0,0,2,2,0,0,0,0,0,0,0
2022-03-28,1667,5165,37478,5197,555,545,30743,4371,16,34,6124,820,1,0,7,0,8,3,0,1086,4575,591,6,0,0,0,0,1,3,10,0,0,0,0,0,0,0
2022-03-29,1344,3777,20712,6526,403,345,16420,5719,9,21,3861,806,0,3,13,0,0,7,0,922,3401,374,1,0,0,0,0,10,7,37,0,0,0,0,0,0,0
2022-03-30,1192,1281,26055,7148,405,351,22031,6331,12,37,3633,814,0,0,7,0,7,12,0,767,885,358,3,0,0,0,0,1,1,14,0,0,0,0,0,0,0
2022-03-31,4593,3389,31397,6330,3708,465,25815,5490,13,37,5063,840,0,2,11,0,3,5,0,869,2881,492,0,0,0,0,0,0,1,11,0,0,0,0,0,0,0
2022-04-01,11127,6020,39714,7688,9896,860,31578,6416,16,44,7365,1266,0,0,5,2,6,11,0,1207,5110,745,4,0,0,0,0,2,0,10,0,0,0,0,0,0,0
2022-04-02,6180,2391,18797,1797,5720,428,15743,1379,2,17,2858,416,1,1,5,1,0,1,0,454,1941,186,1,0,0,0,0,3,4,4,0,0,0,0,0,0,0
2022-04-03,59,46,292,29,41,7,236,23,2,0,42,5,0,1,3,0,0,0,0,16,36,4,0,0,0,0,0,0,2,7,1,0,0,0,0,0,0
2022-04-04,2894,2659,21717,3546,2206,407,18110,2915,12,29,3238,629,0,1,4,0,7,3,0,667,2212,354,2,0,0,0,0,2,3,8,0,0,0,0,0,0,0
2022-04-05,1960,1884,12394,4099,1318,286,10011,3422,14,25,2112,674,0,0,9,0,5,10,1,622,1568,245,2,0,0,0,0,1,0,7,0,0,0,0,0,0,0
2022-04-06,2260,1658,16742,4996,1709,345,14038,4384,4,13,2388,609,0,3,3,0,6,8,0,540,1290,289,3,0,0,0,0,1,1,16,0,0,0,0,0,0,0
2022-04-07,2534,1928,20540,5092,1934,422,16694,4340,22,60,3432,749,0,0,3,2,4,5,0,569,1441,394,1,0,0,0,0,5,1,12,0,0,0,0,0,0,0
2022-04-08,8029,3953,31822,7431,6974,935,25158,5770,14,73,5964,1659,0,2,6,0,0,8,0,1034,2942,664,2,0,0,0,0,7,1,22,0,0,0,0,0,0,0
2022-04-09,3536,1347,12129,1635,3173,348,10108,1166,5,12,1854,467,0,0,5,0,0,7,0,350,984,149,2,0,0,0,0,8,3,6,0,0,0,0,0,0,0
2022-04-10,31,22,190,32,17,8,148,18,1,0,30,13,0,0,2,0,1,2,0,11,12,4,1,0,0,0,0,1,1,4,0,0,0,0,0,0,0
2022-04-11,1302,1645,13601,2663,775,374,11223,2062,8,19,2082,600,0,0,7,0,2,1,1,516,1250,278,0,0,0,0,0,1,0,10,0,0,0,0,0,0,0
2022-04-12,1148,1328,8843,3609,752,305,7169,3034,9,18,1461,575,0,0,7,0,3,1,0,383,1001,192,0,0,0,0,0,1,1,13,0,0,0,0,0,0,0
2022-04-13,1592,1309,12903,4925,1190,367,10747,4175,11,55,1907,737,1,1,6,0,13,8,0,376,872,229,13,0,0,0,0,1,1,6,0,0,0,0,0,0,0
2022-04-14,1449,1578,15311,31859,1042,431,11896,25073,13,60,2719,3302,0,0,4,0,9,2,0,382,1078,669,3484,0,0,0,0,3,0,21,0,0,0,0,0,0,0
2022-04-15,5568,3237,25897,67723,4661,1104,19747,50674,10,68,5089,8748,0,0,1,0,10,4,0,885,2055,1042,8301,0,0,0,0,2,0,14,0,0,0,0,0,0,0
2022-04-16,1785,1212,8199,16297,1498,492,6439,12023,7,24,1419,2085,0,1,3,0,0,1,0,277,691,331,2189,0,0,0,0,3,4,6,0,0,0,0,0,0,0
2022-04-17,27,23,130,184,22,6,94,127,0,1,29,17,0,0,0,0,0,0,0,4,14,6,40,0,0,0,0,1,2,1,0,0,0,0,0,0,0
2022-04-18,806,1003,8585,51737,413,280,6843,38294,8,19,1083,4248,0,1,4,0,5,3,0,379,696,648,9195,0,0,0,0,1,2,4,0,0,0,0,0,0,0
2022-04-19,712,942,6523,55925,414,277,5267,43234,4,11,762,4237,0,0,6,0,1,2,0,293,652,467,8454,0,0,0,0,0,1,19,0,0,0,0,0,0,0
2022-04-20,1058,1145,9248,63926,689,527,7412,48547,7,22,1244,6040,0,0,6,0,1,0,0,359,594,565,9339,0,0,0,0,2,1,21,0,0,0,0,0,0,0
2022-04-21,1160,1482,10051,59692,769,660,7842,45172,5,30,1461,5680,0,1,4,0,6,3,0,378,777,727,8840,0,0,0,0,2,8,14,0,0,0,0,0,0,0
2022-04-22,3823,4006,17131,131397,3089,2272,13318,100429,5,73,2707,13312,1,2,3,0,3,1,0,721,1655,1088,17656,0,0,0,0,4,1,14,0,0,0,0,0,0,0
2022-04-23,1338,1332,5438,32733,1142,831,4399,26114,4,16,687,3148,0,0,2,1,5,0,0,185,473,339,3470,0,0,0,0,2,7,11,0,0,0,0,0,0,0
2022-04-24,24,29,126,437,20,18,93,351,0,0,18,23,0,0,3,0,0,0,0,3,11,4,63,0,0,0,0,1,0,8,0,0,0,0,0,0,0
2022-04-25,895,1241,9076,199208,511,636,7078,173599,10,27,1315,13849,0,0,3,0,3,1,0,369,573,668,11760,0,0,0,0,2,2,11,0,0,0,0,0,0,0
2022-04-26,917,1049,7443,215521,500,496,5910,191611,4,22,933,13210,0,0,5,0,2,1,0,400,526,583,10700,0,0,0,0,11,3,11,0,0,0,0,0,0,0
2022-04-27,1065,1144,8353,220203,643,560,6673,195337,4,22,1114,14563,0,0,4,0,10,0,1,405,550,553,10302,0,0,0,0,3,2,9,0,0,0,0,0,0,0
2022-04-28,1084,1369,9568,200328,642,654,7639,177314,13,35,1249,13875,0,1,2,1,5,0,2,423,667,673,9135,0,0,0,0,1,7,5,1,0,0,0,0,0,0
2022-04-29,2916,3271,16936,372060,2164,1846,13657,326407,14,48,2154,27812,0,1,10,2,5,1,7,728,1365,1100,17832,0,0,0,0,5,6,14,0,0,0,0,0,0,0
2022-04-30,1272,1135,5955,75251,1043,778,4981,64732,4,8,657,6492,0,0,0,0,0,0,0,222,349,307,4027,0,0,0,0,3,0,10,0,0,0,0,0,0,0
2022-05-01,13,19,125,1060,8,12,99,908,0,0,17,75,0,0,0,0,1,0,0,4,5,5,77,0,0,0,0,0,1,4,0,0,0,0,0,0,0
2022-05-02,844,967,12689,152657,484,530,11086,132418,3,16,948,12482,0,1,3,0,4,1,0,353,414,648,7757,0,0,0,0,0,2,3,0,0,0,0,0,0,0
2022-05-03,757,978,9641,170360,422,486,8172,150217,4,22,778,12257,0,0,0,0,2,0,0,325,463,685,7886,0,0,0,0,4,5,6,0,0,0,0,0,0,0
2022-05-04,925,947,8762,151865,564,498,7378,131692,13,9,761,13011,0,0,5,0,8,2,0,340,431,610,7162,0,0,0,0,0,1,6,0,0,0,0,0,0,0
2022-05-05,58,62,458,3141,43,38,365,2601,0,0,48,255,0,0,1,0,0,0,0,12,21,36,285,0,0,0,0,3,3,8,0,0,0,0,0,0,0
2022-05-06,1998,2595,15691,234683,1477,1458,13174,199469,5,23,1586,23598,0,0,2,0,6,1,0,508,1105,921,11615,0,0,0,0,2,3,7,1,0,0,0,0,0,0
2022-05-07,607,765,4091,44649,499,488,3428,37687,2,15,444,4474,0,0,0,0,0,0,0,105,252,211,2488,0,0,0,0,1,10,8,0,0,0,0,0,0,0
2022-05-08,14,13,83,552,8,11,71,456,1,1,7,56,0,0,1,0,0,0,0,5,0,1,40,0,0,0,0,0,1,3,0,0,0,0,0,0,0
2022-05-09,723,902,11278,94798,431,442,9904,78689,4,9,795,10630,0,0,2,0,8,1,0,278,440,565,5479,0,0,0,0,2,3,11,0,0,0,0,0,0,0
2022-05-10,622,832,7248,118948,363,426,6218,102335,8,28,592,10595,0,0,1,0,1,2,0,243,376,420,6018,0,0,0,0,7,1,15,0,0,0,0,0,0,0
2022-05-11,616,915,7622,98139,381,406,6463,82911,1,27,641,9927,0,0,4,0,13,0,2,215,466,502,5299,0,0,0,0,6,3,12,0,0,0,0,0,0,0
2022-05-12,715,933,7686,95621,487,532,6435,81566,4,20,772,8888,0,0,1,0,2,4,0,222,378,462,5167,0,0,0,0,0,1,12,0,0,0,0,0,0,0
2022-05-13,1488,1975,10596,149833,1098,1218,8861,124478,13,28,1027,16620,0,0,5,0,4,0,0,369,725,686,8735,0,0,0,0,4,0,17,0,0,0,0,0,0,0
2022-05-14,715,753,3632,31852,577,508,3108,25850,2,5,296,3961,0,1,1,0,2,0,0,127,231,210,2041,0,0,0,0,7,6,17,0,0,0,0,0,0,0
2022-05-15,15,11,80,420,11,5,63,330,2,0,9,46,0,0,0,0,0,1,0,1,4,4,44,0,0,0,0,1,2,3,0,0,0,0,0,0,0
2022-05-16,586,769,6849,55610,378,414,5735,44915,9,12,573,6765,0,0,1,1,4,0,0,194,336,533,3929,0,0,0,0,1,3,7,0,0,0,0,0,0,0
2022-05-17,517,690,5457,69671,250,319,4555,58487,1,48,485,6845,0,0,2,0,3,2,0,263,318,404,4339,0,0,0,0,0,2,9,0,0,0,0,0,0,0
2022-05-18,540,772,5683,57471,339,389,4748,47781,4,6,478,6232,1,0,3,0,10,1,0,186,365,444,3458,0,0,0,0,0,2,9,0,0,0,0,0,0,0
2022-05-19,507,851,5985,53937,319,447,4938,44376,3,29,583,5909,0,0,1,0,4,0,1,181,369,455,3650,0,0,0,0,0,2,8,1,0,0,0,0,0,0
2022-05-20,1154,1928,8793,93179,827,1169,7159,75714,6,30,864,11152,0,0,1,0,5,1,0,315,719,763,6313,0,0,0,0,1,5,5,0,0,0,0,0,0,0
2022-05-21,541,789,3026,19909,429,544,2472,15784,1,10,329,2634,0,0,1,0,3,0,0,97,227,214,1491,0,0,0,0,11,5,10,0,0,0,0,0,0,0
2022-05-22,7,15,83,239,4,8,62,179,0,0,11,32,0,1,0,0,0,0,0,3,5,4,27,0,0,0,0,0,1,6,1,0,0,0,0,0,0
2022-05-23,489,763,5459,35900,285,406,4462,28364,7,4,526,4602,0,0,0,0,7,1,0,190,345,456,2934,0,0,0,0,0,1,14,0,0,0,0,0,0,0
2022-05-24,424,716,4254,45415,254,367,3456,36941,5,8,409,5018,0,0,2,0,3,0,0,157,327,373,3456,0,0,0,0,5,11,14,0,0,0,0,0,0,0
2022-05-25,523,961,4724,39141,332,587,3959,31809,7,14,426,4416,0,0,2,0,6,0,0,176,354,322,2916,0,0,0,0,2,0,15,0,0,0,0,0,0,0
2022-05-26,606,1890,5227,36950,400,1671,4264,29834,7,10,604,4201,0,0,0,0,9,2,0,189,198,352,2915,0,0,0,0,1,2,5,0,0,0,0,0,0,0
2022-05-27,1269,6641,7542,65026,945,6071,6086,51803,6,13,806,8129,0,1,2,1,9,1,0,309,543,639,5093,0,0,0,0,0,4,8,0,0,0,0,0,0,0
2022-05-28,523,3046,2644,14336,438,2916,2172,11196,1,7,260,1885,0,0,2,0,0,0,0,83,117,204,1255,0,0,0,0,1,6,6,0,0,0,0,0,0,0
2022-05-29,8,24,69,206,8,21,54,162,0,0,6,21,0,0,0,0,0,0,0,0,2,8,23,0,0,0,0,0,1,1,0,0,0,0,0,0,0
2022-05-30,520,1502,5271,25707,340,1231,4320,19649,0,11,530,3571,0,1,0,0,5,0,0,173,251,415,2487,0,0,0,0,2,3,6,0,0,0,0,0,0,0
2022-05-31,554,1327,4086,28192,318,1024,3251,22566,7,16,442,3254,0,0,2,1,3,1,0,225,278,379,2371,0,0,0,0,1,6,11,0,0,0,0,0,0,0
2022-06-01,91,464,684,2284,68,429,531,1724,0,1,64,327,0,0,2,0,0,1,0,22,32,73,233,0,0,0,0,1,2,13,0,0,0,0,0,0,0
2022-06-02,496,1799,6140,19254,312,1528,5201,14793,5,9,521,2732,0,0,1,1,4,0,0,172,252,406,1727,0,0,0,0,3,6,11,1,0,0,0,0,0,0
2022-06-03,1029,6234,6633,38443,749,5696,5283,29672,4,14,706,5131,0,0,2,0,12,1,0,264,511,632,3640,0,0,0,0,0,1,9,0,0,0,0,0,0,0
2022-06-04,478,2405,2110,8677,376,2255,1719,6583,1,4,231,1194,0,0,2,0,1,0,0,99,136,154,900,0,0,0,0,1,9,4,0,0,0,0,0,0,0
2022-06-05,7,24,46,99,6,21,38,66,0,0,3,17,0,0,2,0,0,0,0,1,1,2,16,0,0,0,0,0,2,1,0,0,0,0,0,0,0
2022-06-06,44,157,293,533,31,132,212,360,0,0,41,94,0,0,1,0,0,0,0,13,23,36,79,0,0,0,0,0,2,3,0,0,0,0,0,0,0
2022-06-07,371,999,3677,15592,199,722,2894,11826,3,11,404,2159,0,0,1,0,1,0,0,167,261,369,1607,0,0,0,0,1,4,9,0,0,0,0,0,0,0
2022-06-08,400,1565,3113,17836,237,1290,2474,13676,6,13,273,2226,0,0,0,0,9,3,0,148,251,352,1933,0,0,0,0,0,2,11,1,0,0,0,0,0,0
2022-06-09,396,1300,2979,14375,242,1078,2305,10926,4,7,284,1888,0,0,0,0,3,0,0,147,212,377,1561,0,0,0,0,0,0,13,0,0,0,0,0,0,0
2022-06-10,767,4521,4705,26701,531,4127,3570,20153,7,16,473,3463,0,0,0,0,4,0,0,224,373,648,3085,0,0,0,0,1,1,14,0,0,0,0,0,0,0
2022-06-11,317,1649,1584,5578,260,1528,1245,4082,1,4,154,790,0,0,0,0,0,0,0,56,115,183,706,0,0,0,0,0,2,2,0,0,0,0,0,0,0
2022-06-12,4,18,30,92,3,15,21,72,0,0,0,12,0,0,0,0,0,0,0,1,3,3,8,0,0,0,0,0,0,6,0,0,0,0,0,0,0
2022-06-13,322,876,2656,10975,193,645,1970,7776,2,15,230,1409,0,0,0,0,4,0,0,123,211,454,1790,0,0,0,0,0,1,2,0,0,0,0,0,0,0
2022-06-14,306,669,2007,12645,190,439,1454,9614,6,8,183,1479,0,1,0,0,5,1,0,105,207,368,1552,0,0,0,0,0,9,1,0,0,0,0,0,0,0
2022-06-15,303,874,2272,12435,200,710,1751,9718,10,7,228,1505,0,0,0,0,6,2,0,87,151,289,1212,0,0,0,0,0,0,2,0,0,0,0,0,0,0
2022-06-16,355,900,2246,10322,222,734,1812,8432,4,7,219,1294,0,0,0,0,9,0,1,120,150,211,595,0,0,0,0,0,0,4,0,0,0,0,0,0,0
2022-06-17,596,3080,3439,18158,486,2806,2714,14876,7,8,404,2374,0,0,0,0,3,0,0,100,262,317,907,0,0,0,0,0,1,4,1,0,0,0,0,0,0
2022-06-18,243,1205,1224,3914,216,1141,1009,3203,1,2,133,513,0,0,0,0,0,0,0,26,62,82,198,0,0,0,0,0,0,0,0,0,0,0,0,0,0
2022-06-19,2,11,15,51,2,9,14,45,0,0,0,5,0,0,0,0,0,0,0,0,2,1,1,0,0,0,0,0,0,0,0,0,0,0,0,0,0
2022-06-20,250,630,2141,8052,185,477,1705,6422,3,10,269,1142,0,0,0,0,4,0,0,58,139,164,488,0,0,0,0,0,0,3,0,0,0,0,0,0,0
2022-06-21,254,612,1801,10041,182,447,1442,8280,1,7,201,1231,0,1,0,0,0,0,0,71,153,153,530,0,0,0,0,0,4,5,0,0,0,0,0,0,0
2022-06-22,301,648,1773,9849,216,536,1445,7877,1,9,180,1378,0,0,1,1,14,0,0,70,88,146,592,0,0,0,0,0,1,1,1,0,0,0,0,0,0
2022-06-23,288,784,1948,9653,216,621,1567,7976,4,6,212,1111,0,0,2,0,4,0,0,64,153,161,566,0,0,0,0,0,0,6,0,0,0,0,0,0,0
2022-06-24,594,2401,3108,18328,433,2090,2338,14617,4,16,359,2442,0,1,0,0,8,0,0,149,286,397,1269,0,0,0,0,0,0,14,0,0,0,0,0,0,0
2022-06-25,260,1104,1057,3964,227,1019,847,3167,2,2,129,549,0,0,0,0,0,0,0,31,80,80,248,0,0,0,0,0,3,1,0,0,0,0,0,0,0
2022-06-26,4,11,36,60,3,11,29,54,0,0,0,3,0,0,1,0,0,0,0,0,0,2,3,0,0,0,0,1,0,4,0,0,0,0,0,0,0
2022-06-27,261,525,2107,8330,165,415,1529,6660,4,3,283,1115,0,0,0,0,9,0,0,83,98,293,555,0,0,0,0,0,0,2,0,0,0,0,0,0,0
2022-06-28,234,546,1932,10151,149,347,1424,7906,7,12,211,1507,0,0,0,0,0,0,0,78,186,294,738,0,0,0,0,0,1,3,0,0,0,0,0,0,0
2022-06-29,323,666,1758,10071,203,503,1351,8182,4,9,153,1196,0,0,0,0,8,1,0,108,146,249,693,0,0,0,0,0,0,4,0,0,0,0,0,0,0
2022-06-30,284,389,1830,9989,190,241,1288,8085,3,9,213,1295,0,0,0,0,2,0,0,89,137,325,609,0,0,0,0,0,0,4,0,0,0,0,0,0,0
2022-07-01,526,1618,2915,15866,418,1383,2130,12488,9,6,299,2208,0,0,0,0,0,0,0,98,228,477,1170,0,0,0,0,1,1,9,0,0,0,0,0,0,0
2022-07-02,277,725,1100,3778,222,640,835,2948,1,3,114,504,0,0,0,0,0,0,0,54,82,144,326,0,0,0,0,0,0,7,0,0,0,0,0,0,0
2022-07-03,6,11,22,51,5,5,20,37,0,1,0,14,0,0,0,0,0,0,0,1,5,0,0,0,0,0,0,0,0,2,0,0,0,0,0,0,0
2022-07-04,292,482,2071,8375,180,344,1534,6426,6,8,217,1237,0,0,0,0,13,0,0,93,117,319,712,0,0,0,0,0,0,1,0,0,0,0,0,0,0
2022-07-05,227,443,1715,11183,135,331,1230,9053,4,5,173,1262,0,0,0,0,0,0,0,88,107,309,868,0,0,0,0,0,0,3,0,0,0,0,0,0,0
2022-07-06,300,560,1989,12816,196,423,1515,9962,4,5,184,1726,0,0,0,0,13,0,0,87,119,287,1128,0,0,0,0,0,0,3,0,0,0,0,0,0,0
2022-07-07,320,594,2231,13598,206,475,1732,10488,8,7,198,1832,0,0,0,0,8,0,1,97,103,299,1277,0,0,0,0,1,1,2,0,0,0,0,0,0,0
2022-07-08,699,1411,3986,30055,517,1209,2893,23303,8,18,409,4119,0,0,0,0,7,0,0,165,177,682,2633,0,0,0,0,2,0,2,0,0,0,0,0,0,0
2022-07-09,297,704,1507,6930,245,649,1103,5427,2,3,161,876,0,0,1,0,0,0,0,50,52,240,627,0,0,0,0,0,0,2,0,0,0,0,0,0,0
2022-07-10,8,9,30,106,4,9,23,89,0,0,0,8,0,0,0,0,0,0,0,3,0,5,9,0,0,0,0,1,0,2,0,0,0,0,0,0,0
2022-07-11,359,496,2812,15430,218,372,2095,11518,4,9,301,2296,0,0,0,0,2,0,0,135,113,404,1616,0,0,0,0,0,0,12,0,0,0,0,0,0,0
2022-07-12,303,381,2435,20628,175,264,1752,15739,5,9,257,3089,0,0,0,0,1,0,0,122,107,413,1800,0,0,0,0,0,0,13,0,0,0,0,0,0,0
2022-07-13,330,459,2859,24269,224,321,2179,18070,7,19,267,3942,0,0,1,1,7,0,0,92,111,411,2256,0,0,0,0,0,1,1,0,0,0,0,0,0,0
2022-07-14,391,520,3224,26993,226,377,2352,20023,7,5,316,4549,0,0,0,0,4,0,0,154,134,556,2421,0,0,0,0,0,0,0,0,0,0,0,0,0,0
2022-07-15,804,1231,5430,59435,553,991,3914,44736,7,15,631,9769,0,0,0,0,9,0,0,235,215,875,4930,0,0,0,0,0,1,10,0,0,0,0,0,0,0
2022-07-16,379,559,1936,14795,292,498,1464,11473,3,2,205,2282,0,0,0,0,0,0,0,83,58,265,1040,0,0,0,0,1,1,2,0,0,0,0,0,0,0
2022-07-17,8,5,40,210,7,3,31,182,0,0,1,20,0,0,0,0,0,0,0,1,2,5,8,0,0,0,0,0,0,3,0,0,0,0,0,0,0
2022-07-18,455,468,4333,61876,283,335,3314,47595,4,14,455,8960,0,0,0,0,12,0,2,156,107,555,5319,0,0,0,0,0,0,9,0,0,0,0,0,0,0
2022-07-19,459,432,4022,73862,269,296,3043,58573,5,10,384,9807,0,0,0,0,2,0,0,182,123,586,5482,0,0,0,0,1,1,9,0,0,0,0,0,0,0
2022-07-20,595,571,4493,81612,360,383,3409,65037,4,12,454,10860,0,0,1,0,15,3,1,216,161,622,5713,0,0,0,0,0,0,4,1,0,0,0,0,0,0
2022-07-21,618,593,4926,81540,423,448,3672,64990,4,15,558,11115,0,0,0,0,4,0,0,186,126,693,5435,0,0,0,0,1,0,3,0,0,0,0,0,0,0
2022-07-22,1326,1317,8965,166407,1024,1087,6889,134037,13,16,880,21802,0,0,0,0,9,1,0,280,205,1187,10567,0,0,0,0,0,0,8,1,0,0,0,0,0,0
2022-07-23,615,584,3014,44485,497,504,2352,35964,6,1,305,5808,0,0,0,0,0,0,0,110,78,356,2713,0,0,0,0,2,1,1,0,0,0,0,0,0,0
2022-07-24,9,7,74,770,6,5,65,660,0,0,4,68,0,0,0,0,0,0,0,3,2,5,42,0,0,0,0,0,0,0,0,0,0,0,0,0,0
2022-07-25,598,520,4797,72473,403,372,3645,58359,6,9,482,9309,0,0,0,0,4,0,0,185,135,666,4805,0,0,0,0,0,0,4,0,0,0,0,0,0,0
2022-07-26,475,508,3997,70089,338,389,3131,56615,5,6,369,8563,0,0,0,0,1,0,0,131,112,495,4911,0,0,0,0,0,0,2,0,0,0,0,0,0,0
2022-07-27,541,409,3828,64834,381,280,2976,51905,4,5,343,7951,0,1,0,0,4,0,0,152,119,508,4978,0,0,0,0,0,0,1,0,0,0,0,0,0,0
2022-07-28,522,484,3699,56834,362,336,2841,45195,7,8,332,7240,0,0,0,0,9,0,4,144,131,525,4395,0,0,0,0,0,0,1,0,0,0,0,0,0,0
2022-07-29,883,967,5593,101863,626,757,4286,82499,5,11,550,12220,0,0,0,0,7,1,0,245,192,745,7144,0,0,0,0,0,0,11,0,0,0,0,0,0,0
2022-07-30,299,370,1890,27172,231,303,1463,22058,2,2,167,3308,0,0,0,0,3,0,0,63,61,260,1806,0,0,0,0,0,1,0,0,0,0,0,0,0,0
2022-07-31,3,4,39,436,2,1,33,382,0,0,3,40,0,0,0,0,0,0,0,1,3,1,14,0,0,0,0,0,0,2,0,0,0,0,0,0,0
2022-08-01,516,438,4042,99973,326,266,3073,77139,5,10,500,17132,0,0,0,0,9,1,0,176,151,466,5702,0,0,0,0,0,2,2,0,0,0,0,0,0,0
2022-08-02,466,384,3768,103583,306,255,2951,81226,8,6,370,16275,0,0,0,0,3,1,0,149,120,446,6082,0,0,0,0,0,0,0,0,0,0,0,0,0,0
2022-08-03,520,421,3813,91828,358,293,2911,71533,8,14,454,15283,0,0,0,0,4,0,2,150,110,447,5010,0,0,0,0,0,0,1,0,0,0,0,0,0,0
2022-08-04,600,458,3857,82474,393,291,2860,63312,9,8,425,13984,0,0,0,0,7,0,2,191,152,568,5176,0,0,0,0,0,0,4,0,0,0,0,0,0,0
2022-08-05,1063,825,6411,160633,824,597,4930,124133,14,15,724,27852,1,0,0,0,9,1,1,215,202,753,8647,0,0,0,0,0,2,3,0,0,0,0,0,0,0
2022-08-06,402,358,2310,50975,331,286,1828,40853,2,4,242,7791,0,0,0,0,1,0,0,67,67,240,2331,0,0,0,0,1,0,0,0,0,0,0,0,0,0
2022-08-07,10,4,43,1050,9,4,40,947,0,0,0,84,0,0,0,0,0,0,0,0,0,2,19,0,0,0,0,1,0,1,0,0,0,0,0,0,0
2022-08-08,593,472,3810,76312,423,286,2878,58385,7,11,432,13764,0,0,0,0,1,0,1,162,174,498,4162,0,0,0,0,0,0,2,0,0,0,0,0,0,0
2022-08-09,551,406,3562,74806,415,250,2797,58331,4,10,355,12029,0,0,0,1,2,1,1,129,144,409,4444,0,0,0,0,1,0,0,0,0,0,0,0,0,0
2022-08-10,491,460,3296,64640,364,272,2548,49934,10,4,348,10899,0,0,0,0,5,1,1,112,179,399,3806,0,0,0,0,0,0,0,0,0,0,0,0,0,0
2022-08-11,450,409,3408,59367,329,240,2578,45510,8,6,418,10426,0,0,0,0,5,0,1,108,158,411,3430,0,0,0,0,0,0,1,0,0,0,0,0,0,0
2022-08-12,944,825,5552,108476,710,539,4290,83308,9,14,577,18979,0,0,1,0,7,0,0,218,264,684,6189,0,0,0,0,0,1,0,0,0,0,0,0,0,0
2022-08-13,368,340,2006,36419,281,229,1531,28591,8,3,241,5986,0,0,0,0,2,0,0,77,106,234,1842,0,0,0,0,0,0,0,0,0,0,0,0,0,0
2022-08-14,2,7,36,632,2,3,26,543,0,0,4,53,0,0,0,0,0,0,0,0,4,6,36,0,0,0,0,0,0,0,0,0,0,0,0,0,0
2022-08-15,59,46,237,2017,48,27,187,1416,2,0,31,432,0,0,0,0,0,0,0,9,19,19,169,0,0,0,0,0,0,0,0,0,0,0,0,0,0
2022-08-16,535,354,3152,50144,385,224,2366,37675,12,6,370,9349,0,0,0,0,0,0,1,137,124,416,3119,0,0,0,0,1,0,0,0,0,0,0,0,0,0
2022-08-17,533,390,3194,53800,349,215,2354,40384,7,6,399,9672,0,0,0,0,6,0,0,171,163,440,3744,0,0,0,0,0,0,1,0,0,0,0,0,0,0
2022-08-18,517,431,3318,52439,374,241,2482,39054,3,11,412,9494,0,0,0,0,11,0,0,129,166,424,3890,0,0,0,0,0,2,0,1,0,0,0,0,0,0
2022-08-19,1154,810,5409,94747,925,531,4009,71721,17,12,666,17363,0,0,0,0,11,0,0,201,255,734,5662,0,0,0,0,0,1,0,1,0,0,0,0,0,0
2022-08-20,527,314,2198,31143,429,231,1692,23920,5,5,278,5409,0,0,0,0,1,0,0,92,77,225,1814,0,0,0,0,0,0,3,0,0,0,0,0,0,0
2022-08-21,9,2,38,627,7,2,30,525,0,0,4,72,0,0,0,0,0,0,0,2,0,3,30,0,0,0,0,0,0,1,0,0,0,0,0,0,0
2022-08-22,436,394,2943,39705,285,221,2158,29655,6,4,371,7366,0,0,0,0,3,0,0,141,166,414,2684,0,0,0,0,1,0,0,0,0,0,0,0,0,0
2022-08-23,417,304,2588,38582,283,170,1886,29803,4,9,312,6284,0,0,0,0,3,0,0,127,122,390,2495,0,0,0,0,0,0,0,0,0,0,0,0,0,0
2022-08-24,383,371,2393,32739,251,202,1772,25153,9,10,281,5611,0,0,0,0,4,0,0,118,155,338,1975,0,0,0,0,1,0,2,0,0,0,0,0,0,0
2022-08-25,402,383,2903,33035,262,200,2160,24703,5,16,345,6223,0,0,1,0,14,0,0,121,153,396,2109,0,0,0,0,0,0,1,0,0,0,0,0,0,0
2022-08-26,837,732,4213,57757,656,472,3116,43710,7,15,522,10199,0,0,0,0,9,1,0,165,236,573,3848,0,0,0,0,0,0,1,0,0,0,0,0,0,0
2022-08-27,406,308,1700,18005,354,224,1320,14028,1,8,191,2963,0,0,0,0,0,0,1,51,74,189,1013,0,0,0,0,0,2,0,0,0,0,0,0,0,0
2022-08-28,3,2,32,304,1,2,24,270,0,0,4,19,0,0,0,0,0,0,0,2,0,4,15,0,0,0,0,0,0,0,0,0,0,0,0,0,0
2022-08-29,300,353,2750,25697,196,203,2046,19119,7,7,376,4736,0,0,0,0,2,0,0,95,140,328,1842,0,0,0,0,0,1,0,0,0,0,0,0,0,0
2022-08-30,299,271,2246,25047,171,157,1676,19073,1,5,245,4171,0,0,0,0,5,1,2,122,104,324,1801,0,0,0,0,0,0,0,0,0,0,0,0,0,0
2022-08-31,299,303,2350,21843,204,170,1775,16525,5,4,256,3771,0,0,0,0,8,0,0,82,121,319,1547,0,0,0,0,0,0,0,0,0,0,0,0,0,0
2022-09-01,309,308,2371,19146,198,187,1754,14295,1,11,281,3317,0,0,0,0,10,0,1,100,100,336,1533,0,0,0,0,0,0,0,0,0,0,0,0,0,0
2022-09-02,612,665,3376,32356,451,446,2503,24323,9,12,423,5414,0,0,0,0,10,0,0,142,197,448,2619,0,0,0,0,0,0,2,0,0,0,0,0,0,0
2022-09-03,315,346,1356,10375,271,254,1045,8108,2,4,155,1598,0,0,0,0,1,0,0,41,87,155,669,0,0,0,0,0,0,1,0,0,0,0,0,0,0
2022-09-04,8,7,33,162,8,7,19,132,0,0,6,22,0,0,0,0,0,0,0,0,0,8,8,0,0,0,0,0,0,0,0,0,0,0,0,0,0
2022-09-05,267,231,2206,14828,121,165,1631,10779,13,6,268,2758,0,0,1,0,9,0,0,121,51,305,1291,3,0,0,0,0,0,1,0,0,0,0,0,0,0
2022-09-06,251,263,1828,12390,146,127,1420,9291,0,4,188,1983,0,0,0,0,2,0,0,103,130,219,1115,0,0,0,0,0,0,1,1,0,0,0,0,0,0
2022-09-07,361,404,2091,12575,172,199,1603,8983,1,0,229,2473,0,0,0,0,10,0,0,176,194,259,1119,2,0,0,0,0,1,0,0,0,0,0,0,0,0
2022-09-08,366,377,2583,11930,210,214,1920,8713,4,10,308,2145,0,0,0,0,13,1,0,136,140,354,1072,3,0,0,0,0,0,0,0,0,0,0,0,0,0
2022-09-09,56,57,230,679,36,35,164,488,1,0,34,123,0,0,0,0,0,0,0,19,21,30,68,0,0,0,0,0,1,2,0,0,0,0,0,0,0
2022-09-10,3,1,19,41,1,0,14,30,0,0,2,10,0,0,0,0,0,0,0,2,1,3,1,0,0,0,0,0,0,0,0,0,0,0,0,0,0
2022-09-11,2,1,7,24,1,0,4,18,0,0,0,1,0,0,0,0,0,0,0,1,1,3,5,0,0,0,0,0,0,0,0,0,0,0,0,0,0
2022-09-12,56,72,233,563,32,44,164,380,1,1,32,116,0,0,0,0,2,0,0,21,25,37,67,0,0,0,0,0,0,0,0,0,0,0,0,0,0
2022-09-13,247,401,1921,9749,124,249,1453,7218,7,12,221,1654,0,0,0,0,1,0,0,99,139,247,877,16,0,0,0,0,0,0,0,0,0,0,0,0,0
2022-09-14,260,490,1793,12064,130,312,1313,8757,2,3,218,1973,0,0,0,0,10,0,0,107,165,262,1334,11,0,0,0,0,0,0,0,0,0,0,0,0,0
2022-09-15,275,457,1994,12306,145,294,1426,8914,1,9,218,2316,0,0,0,0,10,0,0,112,144,350,1076,7,0,0,0,0,0,0,0,0,0,0,0,0,0
2022-09-16,541,1092,2917,20110,332,838,2084,15165,5,13,376,3144,0,0,0,0,3,0,0,189,238,457,1801,11,0,0,0,1,0,0,0,0,0,0,0,0,0
2022-09-17,280,578,1157,6524,211,480,893,5026,1,5,147,998,0,0,0,0,2,0,0,61,91,116,498,5,0,0,0,0,0,1,2,0,0,0,0,0,0
2022-09-18,2,3,31,116,0,3,23,99,0,0,2,10,0,0,0,0,0,0,0,2,0,6,7,0,0,0,0,0,0,0,0,0,0,0,0,0,0
2022-09-19,222,381,1710,10133,110,248,1193,7383,4,13,209,1754,0,0,0,0,13,0,0,91,106,303,980,4,0,5,16,0,1,0,0,0,0,0,0,0,0
2022-09-20,243,346,1541,9461,124,237,1124,7081,4,6,192,1430,0,0,0,0,4,0,0,99,99,224,944,12,0,0,6,0,0,1,0,0,0,0,0,0,0
2022-09-21,206,308,1442,8521,104,176,988,6250,1,6,194,1333,0,0,0,0,16,0,1,79,110,256,926,6,0,3,11,0,0,1,0,0,0,0,0,0,0
2022-09-22,223,346,1586,9753,127,230,1123,7041,3,6,203,1889,0,0,0,0,10,0,0,77,100,257,816,6,0,3,7,0,0,0,0,0,0,0,0,0,0
2022-09-23,408,734,2470,13267,242,550,1798,9830,5,7,322,2196,0,0,0,0,7,1,0,148,170,349,1232,6,0,0,9,0,0,0,0,0,0,0,0,0,0
2022-09-24,176,350,1010,3747,123,291,766,2843,2,5,143,559,0,0,0,0,1,0,0,45,53,101,343,5,0,0,2,0,0,0,0,0,0,0,0,0,0
2022-09-25,1,1,21,64,1,1,17,52,0,0,1,7,0,0,0,0,0,0,0,0,0,3,5,0,0,0,0,0,0,0,0,0,0,0,0,0,0
2022-09-26,203,330,1855,7232,118,210,1319,5033,2,4,229,1444,0,0,0,0,2,0,0,77,114,296,717,4,0,11,38,0,0,0,0,0,0,0,0,0,0
2022-09-27,188,282,1558,6301,101,190,1107,4678,5,3,180,951,0,0,0,0,2,0,0,77,87,260,617,3,0,11,55,0,0,0,0,0,0,0,0,0,0
2022-09-28,188,390,1566,6100,91,277,1109,4398,5,7,210,1045,0,0,0,0,13,0,0,76,93,238,633,3,0,8,24,0,0,1,0,0,0,0,0,0,0
2022-09-29,191,375,1731,7389,102,253,1220,5174,6,4,242,1483,0,0,0,0,15,0,0,64,103,267,695,4,0,2,36,0,0,0,1,0,0,0,0,0,0
2022-09-30,389,842,2775,10270,250,725,1918,7481,5,13,397,1662,0,0,0,0,7,0,0,126,97,447,1063,1,0,13,64,0,0,0,0,0,0,0,0,0,0
2022-10-01,144,349,1203,2796,100,306,830,2090,3,5,187,405,0,0,0,0,2,0,0,38,36,179,286,1,0,7,15,0,0,0,0,0,0,0,0,0,0
2022-10-02,0,10,26,66,0,10,21,60,0,0,0,1,0,0,0,0,0,0,0,0,0,5,5,0,0,0,0,0,0,0,0,0,0,0,0,0,0
2022-10-03,12,35,171,152,4,28,117,97,0,0,24,23,0,0,0,0,0,0,0,7,7,29,32,1,0,0,0,0,0,1,0,0,0,0,0,0,0
2022-10-04,160,345,1902,4670,79,253,1372,3300,0,4,220,800,0,0,0,0,2,0,0,71,86,304,544,8,0,6,26,0,0,0,0,0,0,0,0,0,0
2022-10-05,167,368,1808,4470,84,252,1208,3145,0,6,212,757,0,0,0,0,10,0,0,67,98,378,533,6,2,9,35,0,0,1,0,0,0,0,0,0,0
2022-10-06,206,380,1790,5113,96,230,1162,3446,2,8,227,1034,0,0,0,0,14,0,0,88,126,396,586,5,2,5,47,1,0,0,0,0,0,0,0,0,0
2022-10-07,350,769,2968,7323,223,575,2041,5256,2,12,388,1160,0,0,0,0,11,0,0,110,171,530,865,4,0,9,42,0,0,0,0,0,0,0,0,0,0
2022-10-08,191,384,1411,2043,142,321,1003,1498,1,4,176,266,0,0,0,0,1,0,0,43,58,228,258,4,0,4,21,0,0,0,0,0,0,0,0,0,0
2022-10-09,1,7,37,32,0,2,34,26,0,0,0,2,0,0,0,0,0,0,0,1,5,3,4,0,0,0,0,0,0,0,0,0,0,0,0,0,0
2022-10-10,41,62,417,378,22,39,288,239,0,0,49,58,0,0,0,0,1,0,0,18,22,78,78,0,0,1,3,0,0,1,0,0,0,0,0,0,0
2022-10-11,158,349,2003,3706,92,225,1388,2585,4,9,185,554,0,0,0,0,2,0,0,57,102,426,535,3,11,4,32,0,0,0,0,63455,62490,0,0,882,83
2022-10-12,191,323,1882,3362,103,222,1281,2312,3,6,221,504,0,0,0,0,8,1,0,69,80,373,510,3,4,6,36,5,3,0,0,59254,58341,0,0,810,103
2022-10-13,188,347,1935,3997,107,227,1356,2729,1,4,189,729,0,0,0,0,12,1,0,68,97,388,512,0,7,1,27,0,0,0,0,48718,47932,0,0,674,112
2022-10-14,388,866,3023,5365,248,683,2103,3897,1,17,342,640,0,0,0,0,4,0,0,132,152,573,771,3,10,5,57,0,0,0,0,90181,88630,0,0,1393,158
2022-10-15,144,376,1409,1595,94,336,1028,1182,0,2,143,169,0,0,0,0,0,0,0,48,35,234,227,2,3,4,17,0,0,0,0,19965,19629,0,0,299,37
2022-10-16,3,12,35,14,3,11,29,13,0,0,0,0,0,0,0,0,0,0,0,0,1,6,1,0,0,0,0,0,0,0,0,398,390,0,0,8,0
2022-10-17,183,312,2290,3475,106,204,1561,2327,3,6,264,549,0,0,0,0,3,0,0,68,94,462,567,2,5,3,32,1,0,0,0,49988,49235,0,0,692,61
2022-10-18,201,274,1926,3327,124,192,1395,2367,1,3,184,393,0,0,0,0,1,0,0,75,71,340,533,0,7,7,34,0,0,0,0,52479,51672,0,0,758,49
2022-10-19,203,336,1927,3509,101,213,1377,2516,5,9,187,485,0,0,0,0,17,0,0,78,91,360,493,2,6,3,15,0,0,0,0,56404,55537,0,0,815,52
2022-10-20,183,296,2055,4344,97,207,1466,2989,3,2,217,671,0,0,0,0,15,1,0,67,67,368,648,1,5,3,36,0,0,0,0,54212,53259,0,0,888,65
2022-10-21,387,706,3508,5753,243,548,2465,4019,2,11,407,734,0,0,0,0,6,0,0,134,136,628,958,2,5,8,42,0,0,0,0,101689,100062,0,0,1515,112
2022-10-22,179,372,1613,1730,138,316,1164,1280,1,1,179,171,0,0,0,0,1,0,0,39,49,269,263,0,5,1,16,0,0,0,0,21107,20731,0,0,364,12
2022-10-23,1,3,58,42,0,3,45,38,0,0,0,3,0,0,0,0,0,0,0,1,0,13,1,0,0,0,0,0,0,0,0,347,337,0,0,10,0
2022-10-24,246,242,2753,3658,123,161,1892,2413,7,7,314,562,0,0,0,0,10,0,0,103,62,541,642,3,2,6,41,0,0,0,0,51469,50538,0,0,880,51
2022-10-25,174,225,2105,3455,112,141,1579,2566,1,3,203,380,0,0,0,0,0,0,0,60,77,316,476,1,4,7,33,0,0,0,0,55899,55170,0,0,695,34
2022-10-26,201,274,2029,3509,106,188,1478,2594,4,8,223,410,0,0,0,0,11,0,0,75,65,325,485,4,2,3,20,1,0,0,0,56351,55589,0,0,726,36
2022-10-27,184,269,2223,4292,110,183,1590,3076,3,5,248,662,0,0,0,0,12,0,0,56,66,371,516,3,3,14,38,0,0,0,0,55300,54525,0,0,713,62
2022-10-28,395,639,3349,5586,271,478,2448,4152,5,17,371,688,0,0,0,0,3,0,0,115,136,527,694,1,5,3,52,0,0,0,0,101474,100349,0,0,1032,93
2022-10-29,189,278,1609,1620,146,231,1212,1231,2,2,140,183,0,0,0,0,1,0,0,40,43,254,187,0,1,3,19,0,0,0,0,20341,20067,0,0,259,15
2022-10-30,4,6,42,46,3,5,32,40,0,0,2,3,0,0,0,0,0,0,0,1,1,8,3,0,0,0,0,0,0,0,0,253,252,0,0,1,0
2022-10-31,186,200,2731,2655,105,140,1975,1830,2,8,314,448,0,0,0,0,10,0,0,66,40,437,348,3,2,5,29,0,0,0,0,41579,41143,0,0,405,31
2022-11-01,162,227,2082,2527,108,159,1494,1886,1,3,205,290,0,0,0,1,1,0,0,51,57,378,318,1,7,5,32,0,0,0,0,45162,44555,0,0,568,39
2022-11-02,190,213,1995,2497,100,131,1409,1816,5,3,208,336,0,0,0,0,7,0,0,77,64,371,328,1,6,7,17,0,2,0,0,42772,42306,1,0,449,16
2022-11-03,193,255,2231,3089,102,161,1548,2200,8,1,231,457,0,0,0,0,16,0,0,64,74,445,403,3,2,7,29,0,1,0,0,38853,38313,2,0,507,31
2022-11-04,382,388,3282,4046,240,237,2260,2834,4,5,399,546,0,0,0,0,7,0,0,129,135,618,623,2,4,5,43,0,0,0,0,67987,67059,1,0,879,48
2022-11-05,134,175,1680,1198,104,117,1196,864,2,0,181,167,0,0,0,0,0,0,0,27,54,300,158,1,4,3,9,0,0,0,0,14310,14086,8,0,197,19
2022-11-06,2,0,39,28,1,0,29,24,0,0,0,1,0,0,0,0,0,0,0,1,0,10,3,0,0,0,0,0,0,0,0,299,295,0,0,3,1
2022-11-07,177,181,2357,2030,89,102,1515,1328,0,2,284,360,0,0,0,0,8,0,0,76,68,551,324,4,1,7,18,0,0,0,0,54666,29888,24329,0,419,30
2022-11-08,177,228,1711,1909,105,146,1161,1349,3,5,169,234,0,0,0,0,0,0,0,69,76,378,308,0,1,2,18,0,0,1,0,59359,32816,25989,0,503,51
2022-11-09,189,248,1730,1849,100,154,1130,1229,6,4,208,249,0,0,0,0,9,0,0,73,79,388,354,1,2,4,17,0,0,0,0,52040,27962,23667,0,390,21
2022-11-10,205,222,1858,2528,120,155,1217,1634,3,5,191,466,0,0,0,0,7,0,0,74,54,449,416,1,1,1,12,0,0,0,0,51961,26728,24656,3,548,26
2022-11-11,384,502,3064,3114,237,344,1978,2072,4,10,398,431,0,0,0,0,7,0,0,131,137,683,563,5,4,5,48,0,0,0,0,89998,44272,44853,17,785,71
2022-11-12,174,204,1573,981,123,160,1131,677,1,4,178,151,0,0,0,0,1,0,0,47,39,262,145,2,0,2,8,0,0,0,0,21501,10721,10498,1,259,22
2022-11-13,2,5,47,31,1,1,37,29,0,0,0,2,0,0,0,0,0,0,0,1,4,10,0,0,0,0,0,0,0,0,0,321,179,137,0,5,0
2022-11-14,194,237,2257,1767,100,116,1440,1106,3,9,252,317,0,0,0,0,3,0,0,88,108,562,315,0,1,3,29,0,0,0,0,90332,18763,17585,53576,379,29
2022-11-15,199,189,1702,1812,107,116,1141,1256,1,8,150,231,0,0,0,0,3,0,0,87,62,408,307,0,0,3,18,1,0,0,0,99698,23887,22718,52531,536,26
2022-11-16,215,252,1674,1905,129,158,1085,1279,6,3,170,253,0,0,0,0,8,0,0,71,82,413,357,1,1,6,16,0,0,0,0,93553,21893,20706,50437,494,23
2022-11-17,229,228,2048,2119,143,150,1375,1346,5,8,221,406,0,0,0,0,7,0,0,72,61,452,353,2,2,0,14,0,0,0,0,94283,21845,20821,51119,468,30
2022-11-18,411,467,2971,2491,275,326,2019,1684,0,4,314,328,0,0,0,0,6,0,0,125,130,632,455,5,1,6,24,0,0,0,0,144890,30493,29998,83755,611,33
2022-11-19,178,247,1624,792,138,195,1124,546,0,2,185,109,0,0,0,0,2,0,0,37,48,312,132,1,0,3,5,0,0,0,0,40866,7541,6399,26678,239,9
2022-11-20,4,2,72,22,4,1,38,15,0,0,4,2,0,0,0,0,0,0,0,0,1,30,5,0,0,0,0,0,0,0,0,701,107,127,460,7,0
2022-11-21,264,250,2232,1655,145,156,1439,1012,2,10,252,316,0,0,0,0,4,0,0,110,77,538,304,3,3,3,23,0,0,0,0,94299,18440,18591,56713,509,46
2022-11-22,265,221,1783,1621,149,146,1159,1056,1,6,186,237,0,0,0,0,2,0,0,111,66,434,311,1,1,4,16,1,0,0,1,113555,22740,24310,65898,585,22
2022-11-23,265,246,1654,1514,158,140,1143,1020,0,4,139,229,0,0,0,0,5,0,0,99,95,370,252,3,2,2,13,0,0,0,0,102022,19179,21334,61044,450,15
2022-11-24,295,272,1687,1855,179,163,1087,1194,0,6,196,335,0,0,0,0,7,0,0,107,94,402,315,2,2,2,11,0,0,0,0,111313,20583,22370,67803,535,22
2022-11-25,436,447,2603,2083,292,294,1681,1404,1,10,319,290,0,1,0,0,5,0,1,137,135,599,365,1,2,4,23,0,0,0,0,153815,27032,28497,97478,767,41
2022-11-26,195,191,1548,650,146,159,1069,431,0,3,179,93,0,0,0,0,1,0,0,48,28,296,111,0,0,4,15,0,0,0,0,47059,7561,6802,32377,301,18
2022-11-27,7,3,84,17,5,3,65,15,0,0,4,0,0,0,0,0,0,0,0,2,0,15,2,0,0,0,0,0,0,0,0,834,166,151,512,4,1
2022-11-28,285,238,2133,1188,169,141,1356,687,0,7,239,250,0,0,0,0,6,0,0,108,82,537,239,2,2,1,12,0,0,0,0,106905,18563,20237,67610,479,16
2022-11-29,243,217,1681,1013,144,129,1084,631,0,2,172,157,0,1,0,0,1,0,0,97,83,423,217,1,1,2,8,0,0,0,0,117528,19633,22927,74412,510,46
2022-11-30,311,222,1437,833,182,111,906,510,0,6,144,133,0,0,0,0,11,0,0,113,92,384,186,5,0,3,4,0,2,0,0,91728,15186,15345,60747,435,15
2022-12-01,249,244,1413,743,142,153,888,451,0,6,158,109,0,0,0,0,12,0,0,92,71,367,179,3,2,0,4,0,0,0,0,103844,15982,19838,67560,443,21
2022-12-02,401,406,1882,845,269,269,1215,533,0,2,165,96,0,0,0,0,8,0,0,122,124,499,211,2,2,3,5,0,1,0,0,131632,20226,22890,87911,581,24
2022-12-03,213,193,1306,319,186,145,879,206,0,3,135,29,0,0,0,0,0,0,0,27,45,289,80,0,0,3,4,0,0,0,0,39828,5970,5023,28634,187,14
2022-12-04,2,3,86,8,2,2,54,6,0,0,7,1,0,0,0,0,0,0,0,0,1,25,1,0,0,0,0,0,0,0,0,836,121,102,607,6,0
2022-12-05,246,252,1634,474,151,137,1055,256,0,5,150,72,0,0,0,0,6,0,0,88,101,429,139,1,3,0,7,0,0,0,0,102045,14975,19227,67387,430,26
2022-12-06,245,201,1091,475,138,98,647,273,0,5,79,45,0,0,0,0,9,0,0,96,88,365,155,1,0,0,2,1,1,0,0,110123,15118,21278,73220,490,17
2022-12-07,208,247,1025,416,43,127,636,232,0,15,68,51,0,0,0,0,15,0,0,148,88,320,124,2,2,1,9,0,0,0,0,102901,13337,17848,71313,398,5
2022-12-08,207,234,1019,443,42,130,584,237,1,6,84,50,0,0,0,0,12,0,0,146,85,351,154,6,1,0,2,0,0,0,0,94169,12984,14883,65875,413,14
2022-12-09,341,425,,,154,259,,,0,6,,,0,0,,,4,,,179,153,,,4,3,,,0,0,,,122177,16713,19883,85162,402,17
2022-12-10,146,177,,,95,130,,,0,5,,,0,0,,,1,,,50,38,,,0,3,,,0,0,,,35611,4817,4025,26595,164,10
2022-12-11,4,10,,,4,7,,,0,0,,,0,0,,,0,,,0,3,,,0,0,,,0,0,,,708,82,70,549,7,0
2022-12-12,261,254,,,111,136,,,0,4,,,0,0,,,4,,,123,107,,,1,1,,,22,2,,,100619,12662,16868,70703,361,25
2022-12-13,269,264,,,115,141,,,0,8,,,0,0,,,3,,,149,112,,,1,0,,,1,0,,,101680,12281,16500,72424,323,152
2022-12-14,276,221,,,137,118,,,0,9,,,0,0,,,12,,,124,82,,,2,0,,,1,0,,,82951,10329,13409,58921,273,19
2022-12-15,187,263,,,94,145,,,0,16,,,0,0,,,9,,,83,91,,,1,2,,,0,0,,,83901,11032,11352,61195,310,12
2022-12-16,326,419,,,200,264,,,0,10,,,0,0,,,4,,,120,140,,,2,1,,,0,0,,,104466,0,14018,75961,389,19
2022-12-17,164,180,,,98,129,,,0,0,,,0,0,,,2,,,64,49,,,0,0,,,0,0,,,33022,0,3403,25334,291,11
2022-12-18,2,4,,,1,3,,,0,0,,,0,0,,,0,,,1,1,,,0,0,,,0,0,,,882,1,110,665,18,0
2022-12-19,245,268,,,119,144,,,0,0,,,0,0,,,8,,,118,114,,,0,2,,,0,0,,,80578,0,10946,58332,687,16
2022-12-20,259,250,,,145,140,,,0,0,,,0,0,,,2,,,110,107,,,2,1,,,0,0,,,94187,2,13922,67817,736,13
2022-12-21,234,251,,,121,133,,,0,0,,,0,0,,,11,,,101,104,,,1,3,,,0,0,,,70507,5,8388,52406,436,7
2022-12-22,217,241,,,101,151,,,0,0,,,0,0,,,12,,,101,75,,,3,3,,,0,0,,,77774,4,9637,57684,504,16
2022-12-23,282,337,,,180,228,,,0,0,,,0,0,,,6,,,95,102,,,1,1,,,0,0,,,79965,2,9760,60135,531,24
2022-12-24,119,130,,,97,104,,,0,0,,,0,0,,,0,,,22,25,,,0,1,,,0,0,,,27557,5,2752,21320,240,4
2022-12-25,0,4,,,0,4,,,0,0,,,0,0,,,0,,,0,0,,,0,0,,,0,0,,,472,0,58,348,11,0
2022-12-26,261,236,,,149,140,,,0,0,,,0,0,,,7,,,102,87,,,3,2,,,0,0,,,74606,6050,7947,52968,645,18
2022-12-27,248,259,,,130,157,,,0,0,,,0,0,,,4,,,113,98,,,1,0,,,0,0,,,76710,6356,8638,54144,623,11
2022-12-28,250,286,,,102,140,,,0,0,,,0,0,,,13,,,135,132,,,0,1,,,0,0,,,67367,5566,7112,48020,553,6
2022-12-29,249,284,,,144,131,,,0,0,,,0,0,,,10,,,90,139,,,4,4,,,1,0,,,72113,6539,7971,51039,671,20
2022-12-30,330,392,,,218,247,,,0,0,,,0,0,,,10,,,100,134,,,2,1,,,0,0,,,81358,8007,7983,58753,667,20
2022-12-31,116,115,,,87,76,,,0,0,,,0,0,,,3,,,26,36,,,0,0,,,0,0,,,26073,2605,2184,19364,284,5
2023-01-01,0,1,,,0,1,,,0,0,,,0,0,,,0,,,0,0,,,0,0,,,0,0,,,286,41,15,216,0,0
2023-01-02,211,267,,,98,132,,,0,0,,,0,0,,,14,,,97,121,,,2,0,,,0,0,,,47011,7399,4025,32590,563,11
2023-01-03,242,249,,,133,116,,,0,0,,,0,0,,,2,,,106,130,,,1,1,,,0,0,,,56662,8109,5714,39307,523,10
2023-01-04,196,224,,,89,99,,,0,0,,,0,0,,,12,,,93,112,,,2,1,,,0,0,,,52136,7290,4444,37145,520,4
2023-01-05,243,253,,,120,122,,,0,0,,,0,0,,,15,,,105,111,,,3,5,,,0,0,,,57481,7940,5305,40797,509,9
2023-01-06,319,414,,,168,265,,,0,0,,,0,0,,,11,,,138,138,,,2,0,,,0,0,,,71450,10407,6118,51127,703,12
2023-01-07,155,171,,,96,105,,,0,0,,,0,0,,,10,,,48,56,,,1,0,,,0,0,,,28549,4380,2008,20739,315,5
2023-01-08,7,3,,,2,1,,,0,0,,,0,0,,,0,,,5,2,,,0,0,,,0,0,,,719,66,75,535,15,1
2023-01-09,265,270,,,125,129,,,0,1,,,0,0,,,22,,,117,115,,,1,3,,,0,0,,,46570,6712,3727,33750,490,11
2023-01-10,263,244,,,113,117,,,0,0,,,0,0,,,7,,,140,119,,,3,1,,,0,0,,,45990,6452,4197,32824,428,38
2023-01-11,327,269,,,149,147,,,0,0,,,0,0,,,15,,,161,102,,,2,5,,,0,0,,,39795,1823,3514,28416,392,7
2023-01-12,295,281,,,106,149,,,0,0,,,0,0,,,19,,,169,111,,,1,2,,,0,0,,,43439,1835,3867,31222,468,3
2023-01-13,310,388,,,150,266,,,0,0,,,0,0,,,3,,,157,118,,,0,1,,,0,0,,,48802,2009,3693,35278,550,13
2023-01-14,135,159,,,86,127,,,0,0,,,0,0,,,4,,,44,28,,,1,0,,,0,0,,,21103,682,1377,15643,265,5
2023-01-15,1,1,,,0,1,,,0,0,,,0,0,,,0,,,1,0,,,0,0,,,0,0,,,606,21,54,418,16,0
2023-01-16,267,317,,,104,185,,,0,0,,,0,0,,,13,,,147,119,,,3,0,,,0,0,,,35577,1277,2809,25790,486,9
2023-01-17,190,265,,,93,151,,,0,0,,,0,0,,,5,,,91,109,,,1,0,,,0,0,,,34734,1370,2558,25661,443,9
2023-01-18,275,289,,,135,143,,,0,0,,,0,0,,,25,,,113,120,,,2,1,,,0,0,,,30297,1054,3892,2403,403,10
2023-01-19,241,262,,,112,136,,,0,0,,,0,0,,,7,,,121,119,,,1,0,,,0,0,,,31154,1285,4293,2358,485,10
2023-01-20,315,391,,,137,249,,,0,0,,,0,0,,,13,,,163,128,,,2,1,,,0,0,,,36027,1156,4803,2322,632,10
2023-01-21,12,26,,,10,22,,,0,0,,,0,0,,,0,,,2,4,,,0,0,,,0,0,,,1339,37,164,69,18,1
2023-01-22,2,0,,,1,0,,,0,0,,,0,0,,,0,,,1,0,,,0,0,,,0,0,,,84,2,4,8,1,0
2023-01-23,1,3,,,0,1,,,0,0,,,0,0,,,0,,,1,2,,,0,0,,,0,0,,,409,13,50,31,1,0
2023-01-24,12,20,,,10,16,,,0,0,,,0,0,,,0,,,2,4,,,0,0,,,0,0,,,1495,59,201,100,29,1
2023-01-25,204,326,,,88,185,,,0,0,,,0,0,,,11,,,100,130,,,5,0,,,0,0,,,24816,991,3301,2127,387,18
2023-01-26,198,322,,,94,177,,,0,0,,,0,0,,,11,,,91,129,,,2,5,,,0,0,,,23987,916,3020,1775,323,6
2023-01-27,243,461,,,135,302,,,0,0,,,0,0,,,2,,,106,156,,,0,1,,,0,0,,,29192,1052,3749,2107,455,12
2023-01-28,118,222,,,75,162,,,0,0,,,0,0,,,3,,,40,57,,,0,0,,,0,0,,,12640,378,1738,853,229,9
2023-01-29,5,4,,,5,2,,,0,0,,,0,0,,,0,,,0,2,,,0,0,,,0,0,,,417,15,64,30,7,0
2023-01-30,199,292,,,92,162,,,0,0,,,0,0,,,10,,,97,118,,,0,2,,,0,0,,,23156,741,3050,1664,340,9
2023-01-31,195,296,,,97,155,,,0,0,,,0,0,,,16,,,82,124,,,0,1,,,0,0,,,21022,704,2552,1606,300,9
2023-02-01,145,236,,,58,76,,,0,0,,,0,0,,,17,,,70,142,,,0,1,,,0,0,,,17783,572,2167,1389,284,4
2023-02-02,134,202,,,66,63,,,0,0,,,0,0,,,11,,,57,126,,,0,2,,,0,0,,,18796,545,2436,1360,316,2
2023-02-03,211,313,,,98,139,,,0,0,,,0,0,,,8,,,105,166,,,0,0,,,0,0,,,21825,659,2624,1516,411,9
2023-02-04,99,125,,,45,71,,,0,0,,,0,0,,,7,,,47,47,,,0,0,,,0,0,,,9355,289,1257,592,211,1
2023-02-05,4,8,,,2,5,,,0,0,,,0,0,,,0,,,2,3,,,0,0,,,0,0,,,373,11,50,42,8,0
2023-02-06,145,221,,,54,89,,,0,0,,,0,0,,,10,,,81,122,,,0,0,,,0,0,,,16596,514,2283,1309,293,5
2023-02-07,133,215,,,55,98,,,0,0,,,0,0,,,8,,,69,109,,,1,0,,,0,0,,,16322,489,1304,12239,281,1
2023-02-08,164,216,,,71,84,,,0,0,,,0,0,,,18,,,75,113,,,0,1,,,0,0,,,14771,716,1082,10973,228,2
2023-02-09,147,206,,,68,84,,,0,0,,,0,0,,,8,,,71,112,,,0,2,,,0,0,,,15859,503,1339,11605,301,2
2023-02-10,197,292,,,104,145,,,0,0,,,0,0,,,11,,,82,136,,,0,0,,,0,0,,,17327,484,1344,12893,359,1
2023-02-11,114,117,,,61,80,,,0,0,,,0,0,,,3,,,49,33,,,1,1,,,0,0,,,7397,184,458,5534,197,1
2023-02-12,5,5,,,5,3,,,0,0,,,0,0,,,0,,,0,2,,,0,0,,,0,0,,,367,7,25,250,10,0
2023-02-13,145,113,,,72,57,,,0,0,,,0,0,,,12,,,60,41,,,1,3,,,0,0,,,12709,402,814,9433,284,3
2023-02-14,,,,,,,,,,,,,,,,,,,,,,,,,,,,,,,,,,,,,
2023-02-15,219,238,,,99,79,,,0,0,,,0,0,,,67,,,52,90,,,1,2,,,0,0,,,12352,368,1146,9243,243,0
2023-02-16,154,180,,,80,79,,,0,0,,,0,0,,,7,,,66,93,,,1,1,,,0,0,,,13786,377,1090,10289,276,3
2023-02-17,226,259,,,129,139,,,0,0,,,0,0,,,6,,,91,111,,,0,3,,,0,0,,,15396,361,1126,11726,314,6
2023-02-18,97,128,,,62,82,,,0,0,,,0,0,,,2,,,33,43,,,0,1,,,0,0,,,6139,155,433,4593,204,2
2023-02-19,4,2,,,2,2,,,0,0,,,0,0,,,0,,,2,0,,,0,0,,,0,0,,,310,6,20,227,9,0
2023-02-20,116,144,,,58,75,,,0,0,,,0,0,,,6,,,52,63,,,0,0,,,0,0,,,10547,301,695,7942,277,4
2023-02-21,250,195,,,172,98,,,0,0,,,0,0,,,4,,,73,93,,,1,0,,,0,0,,,11822,255,810,9185,297,2
2023-02-22,291,231,,,186,115,,,0,0,,,0,0,,,40,,,65,76,,,0,0,,,0,0,,,11169,311,808,8608,234,1
2023-02-23,299,296,,,172,133,,,0,0,,,0,0,,,77,,,50,85,,,0,1,,,0,0,,,11970,378,948,8856,266,3
2023-02-24,424,366,,,245,159,,,0,0,,,0,0,,,101,,,77,104,,,1,2,,,0,0,,,12853,322,972,9713,283,0
2023-02-25,192,196,,,82,77,,,0,0,,,0,0,,,76,,,34,41,,,0,2,,,0,0,,,5240,126,341,3886,188,1
2023-02-26,4,6,,,4,0,,,0,0,,,0,0,,,0,,,0,6,,,0,0,,,0,0,,,323,4,19,226,9,0
2023-02-27,164,193,,,69,61,,,0,0,,,0,0,,,57,,,38,75,,,0,0,,,0,0,,,9840,286,590,7386,264,1
2023-02-28,193,184,,,129,100,,,0,0,,,0,0,,,6,,,56,78,,,2,0,,,0,0,,,10525,262,693,8020,292,0
2023-03-01,23,17,,,18,11,,,0,0,,,0,0,,,0,,,5,6,,,0,0,,,0,0,,,516,12,45,352,32,0
2023-03-02,159,200,,,65,71,,,0,0,,,0,0,,,27,,,67,102,,,0,0,,,0,0,,,11611,326,680,8498,337,2
2023-03-03,174,229,,,99,109,,,0,0,,,0,0,,,15,,,58,105,,,2,0,,,0,0,,,10383,260,593,8061,284,5
2023-03-04,79,146,,,49,90,,,0,0,,,0,0,,,1,,,29,55,,,0,0,,,0,0,,,4594,113,271,3487,149,0
2023-03-05,1,1,,,0,0,,,0,0,,,0,0,,,0,,,1,1,,,0,0,,,0,0,,,235,2,17,161,10,0
2023-03-06,95,127,,,53,61,,,0,0,,,0,0,,,3,,,37,63,,,2,0,,,0,0,,,8374,187,528,6274,247,4
2023-03-07,87,131,,,45,61,,,0,0,,,0,0,,,16,,,26,54,,,0,0,,,0,0,,,6429,129,425,4975,180,2
