tDate,AccSum,AccMan,AccWoman,NewSum,NewMan,NewWoman
2020-03-02,,,,686,262,424
2020-03-03,,,,600,219,381
2020-03-04,,,,516,186,330
2020-03-05,,,,438,153,285
2020-03-06,,,,518,197,321
2020-03-07,,,,483,176,307
2020-03-08,,,,367,172,195
2020-03-09,,,,248,103,145
2020-03-10,,,,131,53,78
2020-03-11,,,,242,95,147
2020-03-12,,,,114,47,67
2020-03-13,,,,110,50,60
2020-03-14,,,,107,57,50
2020-03-15,,,,76,35,41
2020-03-16,,,,74,33,41
2020-03-17,,,,84,31,53
2020-03-18,,,,93,40,53
2020-03-19,,,,152,57,95
2020-03-20,,,,87,33,54
2020-03-21,,,,147,57,90
2020-03-22,,,,98,43,55
2020-03-23,,,,64,27,37
2020-03-24,,,,76,40,36
2020-03-25,,,,100,53,47
2020-03-26,,,,104,48,56
2020-03-27,,,,91,40,51
2020-03-28,,,,146,98,48
2020-03-29,,,,105,63,42
2020-03-30,,,,78,35,43
2020-03-31,,,,125,71,54
2020-04-01,,,,101,41,60
2020-04-02,,,,89,34,55
2020-04-03,,,,86,34,52
2020-04-04,,,,94,39,55
2020-04-05,,,,81,46,35
2020-04-06,,,,47,21,26
2020-04-07,,,,47,18,29
2020-04-08,,,,53,25,28
2020-04-09,,,,39,22,17
2020-04-10,,,,27,15,12
2020-04-11,,,,30,15,15
2020-04-12,,,,32,14,18
2020-04-13,,,,25,14,11
2020-04-14,,,,27,13,14
2020-04-15,,,,27,10,17
2020-04-16,,,,22,6,16
2020-04-17,,,,22,14,8
2020-04-18,,,,18,7,11
2020-04-19,,,,8,4,4
2020-04-20,,,,13,5,8
2020-04-21,,,,9,6,3
2020-04-22,,,,11,6,5
2020-04-23,,,,8,4,4
2020-04-24,,,,6,5,1
2020-04-25,,,,10,4,6
2020-04-26,,,,10,6,4
2020-04-27,,,,10,4,6
2020-04-28,,,,14,7,7
2020-04-29,,,,9,4,5
2020-04-30,,,,4,4,
2020-05-01,,,,9,4,5
2020-05-02,,,,6,6,
2020-05-03,,,,13,7,6
2020-05-04,,,,8,6,2
2020-05-05,,,,3,2,1
2020-05-06,,,,2,2,
2020-05-07,,,,4,3,1
2020-05-08,,,,12,7,5
2020-05-09,,,,18,17,1
2020-05-10,,,,34,24,10
2020-05-11,,,,35,31,4
2020-05-12,,,,27,20,7
2020-05-13,,,,26,18,8
2020-05-14,,,,29,17,12
2020-05-15,,,,27,17,10
2020-05-16,,,,19,11,8
2020-05-17,,,,13,5,8
2020-05-18,,,,15,11,4
2020-05-19,,,,13,10,3
2020-05-20,,,,32,23,9
2020-05-21,,,,12,9,3
2020-05-22,,,,20,15,5
2020-05-23,,,,23,12,11
2020-05-24,,,,25,15,10
2020-05-25,,,,16,8,8
2020-05-26,,,,19,13,6
2020-05-27,,,,40,16,24
2020-05-28,,,,79,48,31
2020-05-29,,,,58,31,27
2020-05-30,,,,39,21,18
2020-05-31,,,,27,15,12
2020-06-01,,,,35,12,23
2020-06-02,,,,38,23,15
2020-06-03,,,,49,23,26
2020-06-04,,,,39,19,20
2020-06-05,,,,39,21,18
2020-06-06,,,,51,27,24
2020-06-07,,,,57,30,27
2020-06-08,,,,37,12,25
2020-06-09,,,,38,18,20
2020-06-10,,,,50,22,28
2020-06-11,,,,45,28,17
2020-06-12,,,,56,31,25
2020-06-13,,,,48,19,29
2020-06-14,,,,34,16,18
2020-06-15,,,,37,20,17
2020-06-16,,,,34,22,12
2020-06-17,,,,43,18,25
2020-06-18,,,,59,25,34
2020-06-19,,,,49,25,24
2020-06-20,,,,67,39,28
2020-06-21,,,,48,25,23
2020-06-22,,,,17,9,8
2020-06-23,,,,46,35,11
2020-06-24,,,,51,31,20
2020-06-25,,,,28,16,12
2020-06-26,,,,39,23,16
2020-06-27,,,,51,28,23
2020-06-28,,,,62,38,24
2020-06-29,,,,42,20,22
2020-06-30,,,,42,25,17
2020-07-01,,,,51,29,22
2020-07-02,,,,54,31,23
2020-07-03,,,,61,31,30
2020-07-04,,,,63,38,25
2020-07-05,,,,61,31,30
2020-07-06,,,,48,26,22
2020-07-07,,,,44,22,22
2020-07-08,,,,62,35,27
2020-07-09,,,,50,28,22
2020-07-10,,,,45,36,9
2020-07-11,,,,35,22,13
2020-07-12,,,,44,32,12
2020-07-13,,,,62,39,23
2020-07-14,,,,33,16,17
2020-07-15,,,,39,33,6
2020-07-16,,,,61,47,14
2020-07-17,,,,60,35,25
2020-07-18,,,,39,23,16
2020-07-19,,,,34,21,13
2020-07-20,,,,26,19,7
2020-07-21,,,,45,25,20
2020-07-22,,,,63,39,24
2020-07-23,,,,59,38,21
2020-07-24,,,,41,23,18
2020-07-25,,,,113,96,17
2020-07-26,,,,58,49,9
2020-07-27,,,,25,13,12
2020-07-28,,,,28,22,6
2020-07-29,,,,48,32,16
2020-07-30,,,,18,13,5
2020-07-31,,,,36,24,12
2020-08-01,,,,31,23,8
2020-08-02,,,,30,21,9
2020-08-03,,,,23,15,8
2020-08-04,,,,34,23,11
2020-08-05,,,,33,23,10
2020-08-06,,,,43,34,9
2020-08-07,,,,20,12,8
2020-08-08,,,,43,23,20
2020-08-09,,,,36,17,19
2020-08-10,,,,28,14,14
2020-08-11,,,,34,20,14
2020-08-12,,,,54,34,20
2020-08-13,,,,56,31,25
2020-08-14,,,,103,51,52
2020-08-15,,,,166,70,96
2020-08-16,,,,279,102,177
2020-08-17,,,,197,75,122
2020-08-18,,,,246,90,156
2020-08-19,,,,297,108,189
2020-08-20,,,,288,134,154
2020-08-21,,,,324,148,176
2020-08-22,,,,332,145,187
2020-08-23,,,,396,157,239
2020-08-24,,,,266,118,148
2020-08-25,,,,280,137,143
2020-08-26,,,,320,145,175
2020-08-27,,,,441,207,234
2020-08-28,,,,371,175,196
2020-08-29,,,,323,141,182
2020-08-30,,,,299,154,145
2020-08-31,,,,248,114,134
2020-09-01,,,,235,114,121
2020-09-02,,,,267,133,134
2020-09-03,,,,195,87,108
2020-09-04,,,,198,94,104
2020-09-05,,,,168,82,86
2020-09-06,,,,167,79,88
2020-09-07,,,,119,66,53
2020-09-08,,,,136,73,63
2020-09-09,,,,156,76,80
2020-09-10,,,,155,76,79
2020-09-11,,,,176,77,99
2020-09-12,,,,136,81,55
2020-09-13,,,,121,63,58
2020-09-14,,,,109,51,58
2020-09-15,,,,106,48,58
2020-09-16,,,,113,67,46
2020-09-17,,,,153,74,79
2020-09-18,,,,126,57,69
2020-09-19,,,,110,45,65
2020-09-20,,,,82,48,34
2020-09-21,,,,70,36,34
2020-09-22,,,,61,37,24
2020-09-23,,,,110,59,51
2020-09-24,,,,125,65,60
2020-09-25,,,,114,54,60
2020-09-26,,,,61,25,36
2020-09-27,,,,95,42,53
2020-09-28,,,,50,26,24
2020-09-29,,,,38,27,11
2020-09-30,,,,113,77,36
2020-10-01,,,,77,42,35
2020-10-02,,,,63,38,25
2020-10-03,,,,75,47,28
2020-10-04,,,,64,40,24
2020-10-05,,,,73,47,26
2020-10-06,,,,75,49,26
2020-10-07,,,,114,53,61
2020-10-08,,,,69,39,30
2020-10-09,,,,54,28,26
2020-10-10,,,,72,40,32
2020-10-11,,,,58,34,24
2020-10-12,,,,98,56,42
2020-10-13,,,,91,53,38
2020-10-14,,,,84,51,33
2020-10-15,,,,110,32,78
2020-10-16,,,,47,21,26
2020-10-17,,,,73,26,47
2020-10-18,,,,91,48,43
2020-10-19,,,,76,36,40
2020-10-20,,,,58,38,20
2020-10-21,,,,89,47,42
2020-10-22,,,,121,60,61
2020-10-23,,,,155,73,82
2020-10-24,,,,77,41,36
2020-10-25,,,,61,26,35
2020-10-26,,,,119,51,68
2020-10-27,,,,88,41,47
2020-10-28,,,,103,46,57
2020-10-29,,,,125,68,57
2020-10-30,,,,113,54,59
2020-10-31,,,,127,63,64
2020-11-01,,,,124,60,64
2020-11-02,,,,97,48,49
2020-11-03,,,,75,43,32
2020-11-04,,,,117,60,57
2020-11-05,,,,125,63,62
2020-11-06,,,,145,74,71
2020-11-07,,,,89,50,39
2020-11-08,,,,143,76,67
2020-11-09,,,,126,57,69
2020-11-10,,,,100,56,44
2020-11-11,,,,145,67,78
2020-11-12,,,,143,77,66
2020-11-13,,,,191,91,100
2020-11-14,,,,205,105,100
2020-11-15,,,,208,100,108
2020-11-16,,,,222,117,105
2020-11-17,,,,230,118,112
2020-11-18,,,,285,158,127
2020-11-19,,,,325,164,161
2020-11-20,,,,348,177,171
2020-11-21,,,,386,210,176
2020-11-22,,,,330,173,157
2020-11-23,,,,271,128,143
2020-11-24,,,,349,190,159
2020-11-25,,,,382,206,176
2020-11-26,,,,581,294,287
2020-11-27,,,,555,299,256
2020-11-28,,,,503,262,241
2020-11-29,,,,450,233,217
2020-11-30,,,,438,213,225
2020-12-01,,,,451,233,218
2020-12-02,,,,511,262,249
2020-12-03,,,,540,273,267
2020-12-04,,,,628,287,341
2020-12-05,,,,577,282,295
2020-12-06,,,,631,339,292
2020-12-07,,,,615,296,319
2020-12-08,,,,587,271,316
2020-12-09,,,,670,335,335
2020-12-10,,,,680,351,329
2020-12-11,,,,689,336,353
2020-12-12,,,,950,436,514
2020-12-13,,,,1030,483,547
2020-12-14,,,,718,331,387
2020-12-15,,,,880,415,465
2020-12-16,,,,1078,556,522
2020-12-17,,,,1014,473,541
2020-12-18,,,,1064,483,581
2020-12-19,,,,1045,470,575
2020-12-20,,,,1096,626,470
2020-12-21,,,,924,459,465
2020-12-22,,,,866,421,445
2020-12-23,,,,1090,528,562
2020-12-24,,,,985,485,500
2020-12-25,,,,1240,771,469
2020-12-26,,,,1131,565,566
2020-12-27,,,,970,472,498
2020-12-28,,,,806,395,411
2020-12-29,,,,1044,618,426
2020-12-30,,,,1050,522,528
2020-12-31,,,,967,505,462
2021-01-01,,,,1027,555,472
2021-01-02,,,,820,418,402
2021-01-03,,,,657,301,356
2021-01-04,,,,1020,536,484
2021-01-05,,,,714,355,359
2021-01-06,,,,838,407,431
2021-01-07,,,,869,458,411
2021-01-08,,,,674,319,355
2021-01-09,,,,641,323,318
2021-01-10,,,,657,337,320
2021-01-11,,,,451,239,212
2021-01-12,,,,537,267,270
2021-01-13,,,,561,276,285
2021-01-14,,,,524,272,252
2021-01-15,,,,512,261,251
2021-01-16,,,,580,279,301
2021-01-17,,,,520,255,265
2021-01-18,,,,389,196,193
2021-01-19,,,,386,197,189
2021-01-20,,,,404,202,202
2021-01-21,,,,400,183,217
2021-01-22,,,,346,168,178
2021-01-23,,,,431,208,223
2021-01-24,,,,392,198,194
2021-01-25,,,,437,234,203
2021-01-26,,,,349,156,193
2021-01-27,,,,559,279,280
2021-01-28,,,,497,274,223
2021-01-29,,,,469,215,254
2021-01-30,,,,456,224,232
2021-01-31,,,,354,183,171
2021-02-01,,,,305,147,158
2021-02-02,,,,336,187,149
2021-02-03,,,,467,251,216
2021-02-04,,,,451,212,239
2021-02-05,,,,370,185,185
2021-02-06,,,,390,197,193
2021-02-07,,,,371,214,157
2021-02-08,,,,288,152,136
2021-02-09,,,,303,158,145
2021-02-10,,,,444,250,194
2021-02-11,,,,504,244,260
2021-02-12,,,,403,199,204
2021-02-13,,,,362,187,175
2021-02-14,,,,326,160,166
2021-02-15,,,,343,166,177
2021-02-16,,,,457,248,209
2021-02-17,,,,621,305,316
2021-02-18,,,,621,320,301
2021-02-19,,,,561,267,294
2021-02-20,,,,448,238,210
2021-02-21,,,,416,202,214
2021-02-22,,,,332,161,171
2021-02-23,,,,356,191,165
2021-02-24,,,,440,208,232
2021-02-25,,,,395,200,195
2021-02-26,,,,387,195,192
2021-02-27,,,,415,210,205
2021-02-28,,,,355,182,173
2021-03-01,,,,355,184,171
2021-03-02,,,,344,172,172
2021-03-03,,,,444,259,185
2021-03-04,,,,424,230,194
2021-03-05,,,,398,212,186
2021-03-06,,,,418,227,191
2021-03-07,,,,416,218,198
2021-03-08,,,,346,197,149
2021-03-09,,,,446,229,217
2021-03-10,,,,470,253,217
2021-03-11,,,,465,233,232
2021-03-12,,,,488,251,237
2021-03-13,,,,490,234,256
2021-03-14,,,,459,237,222
2021-03-15,,,,379,213,166
2021-03-16,,,,363,186,177
2021-03-17,,,,469,242,227
2021-03-18,,,,445,244,201
2021-03-19,,,,463,230,233
2021-03-20,,,,447,239,208
2021-03-21,,,,456,246,210
2021-03-22,,,,415,208,207
2021-03-23,,,,346,156,190
2021-03-24,,,,428,229,199
2021-03-25,,,,430,226,204
2021-03-26,,,,489,238,251
2021-03-27,,,,505,245,260
2021-03-28,,,,481,253,228
2021-03-29,,,,382,198,184
2021-03-30,,,,447,240,207
2021-03-31,,,,506,239,267
2021-04-01,,,,551,281,270
2021-04-02,,,,557,294,263
2021-04-03,,,,543,274,269
2021-04-04,,,,543,246,297
2021-04-05,,,,473,227,246
2021-04-06,,,,477,231,246
2021-04-07,,,,668,334,334
2021-04-08,,,,700,342,358
2021-04-09,,,,671,331,340
2021-04-10,,,,677,336,341
2021-04-11,,,,614,339,275
2021-04-12,,,,587,300,287
2021-04-13,,,,542,281,261
2021-04-14,,,,731,379,352
2021-04-15,,,,698,353,345
2021-04-16,,,,673,323,350
2021-04-17,,,,658,327,331
2021-04-18,,,,671,344,327
2021-04-19,,,,532,278,254
2021-04-20,,,,549,295,254
2021-04-21,,,,731,366,365
2021-04-22,,,,735,386,349
2021-04-23,,,,797,393,404
2021-04-24,,,,785,405,380
2021-04-25,,,,644,323,321
2021-04-26,,,,499,253,246
2021-04-27,,,,512,270,242
2021-04-28,,,,769,376,393
2021-04-29,,,,679,327,352
2021-04-30,,,,661,353,308
2021-05-01,,,,626,313,313
2021-05-02,,,,606,310,296
2021-05-03,,,,488,236,252
2021-05-04,,,,541,273,268
2021-05-05,,,,676,368,308
2021-05-06,,,,574,295,279
2021-05-07,,,,525,258,267
2021-05-08,,,,701,339,362
2021-05-09,,,,564,293,271
2021-05-10,,,,463,236,227
2021-05-11,,,,510,253,257
2021-05-12,,,,634,325,309
2021-05-13,,,,715,373,342
2021-05-14,,,,747,367,380
2021-05-15,,,,681,360,321
2021-05-16,,,,610,312,298
2021-05-17,,,,619,336,283
2021-05-18,,,,528,283,245
2021-05-19,,,,654,356,298
2021-05-20,,,,646,308,338
2021-05-21,,,,561,310,251
2021-05-22,,,,666,345,321
2021-05-23,,,,585,307,278
2021-05-24,,,,530,286,244
2021-05-25,,,,516,289,227
2021-05-26,,,,705,357,348
2021-05-27,,,,629,326,303
2021-05-28,,,,587,319,268
2021-05-29,,,,533,271,262
2021-05-30,,,,480,249,231
2021-05-31,,,,430,202,228
2021-06-01,,,,459,270,189
2021-06-02,,,,677,351,326
2021-06-03,,,,681,337,344
2021-06-04,,,,695,381,314
2021-06-05,,,,744,395,349
2021-06-06,,,,556,297,259
2021-06-07,,,,485,267,218
2021-06-08,,,,454,256,198
2021-06-09,,,,602,324,278
2021-06-10,,,,610,322,288
2021-06-11,,,,556,301,255
2021-06-12,,,,565,296,269
2021-06-13,,,,452,245,207
2021-06-14,,,,399,211,188
2021-06-15,,,,373,192,181
2021-06-16,,,,545,261,284
2021-06-17,,,,540,281,259
2021-06-18,,,,507,273,234
2021-06-19,,,,482,248,234
2021-06-20,,,,429,218,211
2021-06-21,,,,357,179,178
2021-06-22,,,,394,210,184
2021-06-23,,,,645,356,289
2021-06-24,,,,610,340,270
2021-06-25,,,,634,372,262
2021-06-26,,,,668,363,305
2021-06-27,,,,614,334,280
2021-06-28,,,,501,281,220
2021-06-29,,,,595,320,275
2021-06-30,,,,794,405,389
2021-07-01,,,,761,434,327
2021-07-02,,,,825,448,377
2021-07-03,,,,794,413,381
2021-07-04,,,,743,402,341
2021-07-05,,,,711,360,351
2021-07-06,,,,746,386,360
2021-07-07,,,,1211,629,582
2021-07-08,,,,1275,697,578
2021-07-09,,,,1316,695,621
2021-07-10,,,,1378,704,674
2021-07-11,,,,1324,748,576
2021-07-12,,,,1100,579,521
2021-07-13,,,,1150,620,530
2021-07-14,,,,1613,890,723
2021-07-15,,,,1599,869,730
2021-07-16,,,,1535,829,706
2021-07-17,,,,1449,775,674
2021-07-18,,,,1453,793,660
2021-07-19,,,,1251,668,583
2021-07-20,,,,1278,660,618
2021-07-21,,,,1781,950,831
2021-07-22,,,,1841,1058,783
2021-07-23,,,,1629,874,755
2021-07-24,,,,1627,864,763
2021-07-25,,,,1487,802,685
2021-07-26,,,,1318,711,607
2021-07-27,,,,1363,742,621
2021-07-28,,,,1895,950,945
2021-07-29,,,,1673,845,828
2021-07-30,,,,1710,895,815
2021-07-31,,,,1538,796,742
2021-08-01,,,,1442,731,711
2021-08-02,,,,1218,588,630
2021-08-03,,,,1200,598,602
2021-08-04,,,,1725,903,822
2021-08-05,,,,1775,944,831
2021-08-06,,,,1704,912,792
2021-08-07,,,,1823,941,882
2021-08-08,,,,1727,911,816
2021-08-09,,,,1491,755,736
2021-08-10,,,,1537,781,756
2021-08-11,,,,2221,1103,1118
2021-08-12,,,,1987,1064,923
2021-08-13,,,,1989,1092,897
2021-08-14,,,,1928,1060,868
2021-08-15,,,,1816,968,848
2021-08-16,,,,1554,836,718
2021-08-17,,,,1372,711,661
2021-08-18,,,,1803,1009,794
2021-08-19,,,,2152,1220,932
2021-08-20,,,,2049,1144,905
2021-08-21,,,,1876,1041,835
2021-08-22,,,,1626,851,775
2021-08-23,,,,1417,781,636
2021-08-24,,,,1507,824,683
2021-08-25,,,,2154,1197,957
2021-08-26,,,,1882,1083,799
2021-08-27,,,,1837,1000,837
2021-08-28,,,,1791,923,868
2021-08-29,,,,1619,881,738
2021-08-30,,,,1485,828,657
2021-08-31,,,,1369,750,619
2021-09-01,,,,2024,1116,908
2021-09-02,,,,1959,1091,868
2021-09-03,,,,1708,964,744
2021-09-04,,,,1803,1035,768
2021-09-05,,,,1490,799,691
2021-09-06,,,,1375,760,615
2021-09-07,,,,1597,908,689
2021-09-08,,,,2048,1145,903
2021-09-09,,,,2049,1122,927
2021-09-10,,,,1892,1067,825
2021-09-11,,,,1864,1020,844
2021-09-12,,,,1755,978,777
2021-09-13,,,,1433,821,612
2021-09-14,,,,1495,866,629
2021-09-15,,,,2077,1155,922
2021-09-16,,,,1942,1057,885
2021-09-17,,,,2008,1136,872
2021-09-18,,,,2087,1154,933
2021-09-19,,,,1909,1046,863
2021-09-20,,,,1603,896,707
2021-09-21,,,,1729,974,755
2021-09-22,,,,1720,940,780
2021-09-23,,,,1715,988,727
2021-09-24,,,,2429,1387,1042
2021-09-25,,,,3268,1853,1415
2021-09-26,,,,2768,1591,1177
2021-09-27,,,,2381,1320,1061
2021-09-28,,,,2287,1304,983
2021-09-29,,,,2881,1680,1201
2021-09-30,,,,2561,1478,1083
2021-10-01,,,,2483,1476,1007
2021-10-02,,,,2247,1345,902
2021-10-03,,,,2084,1231,853
2021-10-04,,,,1670,1022,648
2021-10-05,,,,1574,983,591
2021-10-06,,,,2027,1252,775
2021-10-07,,,,2425,1400,1025
2021-10-08,,,,2171,1279,892
2021-10-09,,,,1953,1130,823
2021-10-10,,,,1594,945,649
2021-10-11,,,,1297,743,554
2021-10-12,,,,1346,802,544
2021-10-13,,,,1582,904,678
2021-10-14,,,,1938,1106,832
2021-10-15,,,,1683,943,740
2021-10-16,,,,1616,882,734
2021-10-17,,,,1420,812,608
2021-10-18,,,,1049,584,465
2021-10-19,,,,1073,573,500
2021-10-20,,,,1571,887,684
2021-10-21,,,,1441,809,632
2021-10-22,,,,1437,805,632
2021-10-23,,,,1508,833,675
2021-10-24,,,,1422,807,615
2021-10-25,,,,1190,627,563
2021-10-26,,,,1265,672,593
2021-10-27,,,,1952,1093,859
2021-10-28,,,,2110,1182,928
2021-10-29,,,,2122,1141,981
2021-10-30,,,,2102,1158,944
2021-10-31,,,,2061,1177,884
2021-11-01,,,,1684,855,829
2021-11-02,,,,1589,804,785
2021-11-03,,,,2665,1423,1242
2021-11-04,,,,2482,1282,1200
2021-11-05,,,,2342,1231,1111
2021-11-06,,,,2246,1196,1050
2021-11-07,,,,2224,1189,1035
2021-11-08,,,,1758,904,854
2021-11-09,,,,1715,886,829
2021-11-10,,,,2424,1309,1115
2021-11-11,,,,2519,1275,1244
2021-11-12,,,,2368,1218,1150
2021-11-13,,,,2324,1185,1139
2021-11-14,,,,2417,1259,1158
2021-11-15,,,,2003,967,1036
2021-11-16,,,,2124,1034,1090
2021-11-17,,,,3184,1649,1535
2021-11-18,,,,3292,1682,1610
2021-11-19,,,,3033,1562,1471
2021-11-20,,,,3203,1592,1611
2021-11-21,,,,3119,1574,1545
2021-11-22,,,,2826,1421,1405
2021-11-23,,,,2697,1380,1317
2021-11-24,,,,4115,2092,2023
2021-11-25,,,,3937,2044,1893
2021-11-26,,,,3895,1983,1912
2021-11-27,,,,4067,2042,2025
2021-11-28,,,,3925,1944,1981
2021-11-29,,,,3307,1678,1629
2021-11-30,,,,3032,1530,1502
2021-12-01,,,,5120,2579,2541
2021-12-02,,,,5262,2689,2573
2021-12-03,,,,4943,2458,2485
2021-12-04,,,,5352,2672,2680
2021-12-05,,,,5124,2537,2587
2021-12-06,,,,4324,2124,2200
2021-12-07,,,,4952,2599,2353
2021-12-08,,,,7173,3617,3556
2021-12-09,,,,7101,3552,3549
2021-12-10,,,,7020,3369,3651
2021-12-11,,,,6972,3439,3533
2021-12-12,,,,6683,3288,3395
2021-12-13,,,,5816,2982,2834
2021-12-14,,,,5565,2841,2724
2021-12-15,,,,7848,4018,3830
2021-12-16,,,,7618,3815,3803
2021-12-17,,,,7434,3674,3760
2021-12-18,,,,7310,3663,3647
2021-12-19,,,,6232,3184,3048
2021-12-20,,,,5315,2685,2630
2021-12-21,,,,5194,2612,2582
2021-12-22,,,,7454,3741,3713
2021-12-23,,,,6914,3492,3422
2021-12-24,,,,6233,3111,3122
2021-12-25,,,,5838,2924,2914
2021-12-26,,,,5415,2758,2657
2021-12-27,,,,4204,2165,2039
2021-12-28,,,,3864,1908,1956
2021-12-29,,,,5405,2654,2751
2021-12-30,,,,5034,2503,2531
2021-12-31,,,,4872,2475,2397
2022-01-01,,,,4414,2161,2253
2022-01-02,,,,3830,1899,1931
2022-01-03,,,,3124,1591,1533
2022-01-04,,,,3020,1561,1459
2022-01-05,,,,4441,2240,2201
2022-01-06,,,,4120,2087,2033
2022-01-07,,,,3711,1884,1827
2022-01-08,,,,3503,1783,1720
2022-01-09,,,,3369,1711,1658
2022-01-10,,,,3004,1571,1433
2022-01-11,,,,3094,1573,1521
2022-01-12,,,,4382,2412,1970
2022-01-13,,,,4160,2188,1972
2022-01-14,,,,4537,2460,2077
2022-01-15,,,,4418,2360,2058
2022-01-16,,,,4186,2147,2039
2022-01-17,,,,3853,1934,1919
2022-01-18,,,,4067,2089,1978
2022-01-19,,,,5804,2958,2846
2022-01-20,,,,6599,3368,3231
2022-01-21,,,,6763,3504,3259
2022-01-22,,,,6999,3485,3514
2022-01-23,,,,7624,3849,3775
2022-01-24,,,,7510,3782,3728
2022-01-25,,,,8568,4247,4321
2022-01-26,,,,13002,6571,6431
2022-01-27,,,,14514,7184,7330
2022-01-28,,,,16089,7826,8263
2022-01-29,,,,17505,8632,8873
2022-01-30,,,,17520,8794,8726
2022-01-31,,,,17071,8443,8628
2022-02-01,,,,18332,9203,9129
2022-02-02,,,,20267,10037,10230
2022-02-03,,,,22836,11047,11789
2022-02-04,,,,27432,13397,14035
2022-02-05,,,,36323,17331,18992
2022-02-06,,,,38683,18443,20240
2022-02-07,,,,35268,17005,18263
2022-02-08,,,,36708,17849,18859
2022-02-09,,,,49539,24165,25374
2022-02-10,,,,54116,26307,27809
2022-02-11,,,,53886,26485,27401
2022-02-12,,,,54931,26820,28111
2022-02-13,,,,56397,27531,28866
2022-02-14,,,,54554,26596,27958
2022-02-15,,,,57163,28144,29019
2022-02-16,,,,90433,44215,46218
2022-02-17,,,,93119,44592,48527
2022-02-18,,,,109803,52868,56935
2022-02-19,,,,102192,48888,53304
2022-02-20,,,,104815,50123,54692
2022-02-21,,,,95350,45678,49672
2022-02-22,,,,99556,48285,51271
2022-02-23,,,,171430,82730,88700
2022-02-24,,,,169995,80963,89032
2022-02-25,,,,165879,78745,87134
2022-02-26,,,,166189,78402,87787
2022-02-27,,,,163550,77601,85949
2022-02-28,,,,139620,66558,73062
2022-03-01,,,,138980,67704,71276
2022-03-02,,,,219214,104526,114688
2022-03-03,,,,198794,94812,103982
2022-03-04,,,,266839,126191,140648
2022-03-05,,,,254316,118255,136061
2022-03-06,,,,243611,113330,130281
2022-03-07,,,,210693,98780,111913
2022-03-08,,,,202694,98085,104609
2022-03-09,,,,342420,163313,179107
2022-03-10,,,,327515,152858,174657
2022-03-11,,,,282966,132860,150106
2022-03-12,,,,383634,180035,203599
2022-03-13,,,,350150,165493,184657
2022-03-14,,,,309764,145792,163972
2022-03-15,,,,362249,173192,189057
2022-03-16,,,,400524,190347,210177
2022-03-17,,,,621130,288753,332377
2022-03-18,,,,406824,189067,217757
2022-03-19,,,,381364,177108,204256
2022-03-20,,,,334588,155160,179428
2022-03-21,,,,209114,99098,110016
2022-03-22,,,,353877,166813,187064
2022-03-23,,,,490753,226954,263799
2022-03-24,,,,395517,181696,213821
2022-03-25,,,,339451,156631,182820
2022-03-26,,,,335511,155691,179820
2022-03-27,,,,318052,146911,171141
2022-03-28,,,,187166,89509,97657
2022-03-29,,,,347467,164211,183256
2022-03-30,,,,424555,196799,227756
2022-03-31,,,,320681,146758,173923
2022-04-01,,,,280235,128506,151729
2022-04-02,,,,264144,121335,142809
2022-04-03,,,,234249,107593,126656
2022-04-04,,,,127162,60347,66815
2022-04-05,,,,266092,123861,142231
2022-04-06,,,,286256,131728,154528
2022-04-07,,,,224783,103141,121642
2022-04-08,,,,205308,94018,111290
2022-04-09,,,,185532,85120,100412
2022-04-10,,,,164451,75097,89354
2022-04-11,,,,90908,43151,47757
2022-04-12,,,,210722,98395,112327
2022-04-13,,,,195385,90046,105339
2022-04-14,,,,148421,67768,80653
2022-04-15,,,,125821,57346,68475
2022-04-16,,,,107891,48860,59031
2022-04-17,,,,92970,41708,51262
2022-04-18,,,,47724,22312,25412
2022-04-19,,,,118471,55024,63447
2022-04-20,,,,111290,51300,59990
2022-04-21,,,,90846,41249,49597
2022-04-22,,,,81041,36595,44446
2022-04-23,,,,75420,34421,40999
2022-04-24,,,,64692,29321,35371
2022-04-25,,,,34361,16192,18169
2022-04-26,,,,80338,36914,43424
2022-04-27,,,,76761,35123,41638
2022-04-28,,,,57452,26159,31293
2022-04-29,,,,50554,23226,27328
2022-04-30,,,,43273,19741,23532
2022-05-01,,,,37757,17287,20470
2022-05-02,,,,20072,9601,10471
2022-05-03,,,,51115,23856,27259
2022-05-04,,,,49050,22247,26803
2022-05-05,,,,42286,18728,23558
2022-05-06,,,,26699,12159,14540
2022-05-07,,,,39590,17629,21961
2022-05-08,,,,40046,18198,21848
2022-05-09,,,,20585,9697,10888
2022-05-10,,,,49919,22908,27011
2022-05-11,,,,43908,19897,24011
2022-05-12,,,,35894,16326,19568
2022-05-13,,,,32437,14743,17694
2022-05-14,,,,29576,13484,16092
2022-05-15,,,,25423,11429,13994
2022-05-16,,,,13289,6416,6873
2022-05-17,,,,35104,16435,18669
2022-05-18,,,,31338,14518,16820
2022-05-19,,,,28122,12941,15181
2022-05-20,,,,25119,11714,13405
2022-05-21,,,,23455,10994,12461
2022-05-22,,,,19287,9065,10222
2022-05-23,,,,9971,4913,5058
2022-05-24,,,,26338,12291,14047
2022-05-25,,,,23945,11423,12522
2022-05-26,,,,18805,8898,9907
2022-05-27,,,,16575,7909,8666
2022-05-28,,,,14393,6864,7529
2022-05-29,,,,12646,6000,6646
2022-05-30,,,,6133,2958,3175
2022-05-31,,,,17182,8117,9065
2022-06-01,,,,15787,7590,8197
2022-06-02,,,,9886,4659,5227
2022-06-03,,,,12534,5948,6586
2022-06-04,,,,12036,5656,6380
2022-06-05,,,,9828,4634,5194
2022-06-06,,,,5015,2537,2478
2022-06-07,,,,6171,3084,3087
2022-06-08,,,,13353,6391,6962
2022-06-09,,,,12149,6104,6045
2022-06-10,,,,9307,4518,4789
2022-06-11,,,,8435,4064,4371
2022-06-12,,,,7376,3582,3794
2022-06-13,,,,3817,1949,1868
2022-06-14,,,,9768,4882,4886
2022-06-15,,,,9426,4681,4745
2022-06-16,,,,7979,3998,3981
2022-06-17,,,,7191,3533,3658
2022-06-18,,,,6821,3273,3548
2022-06-19,,,,6063,2969,3094
2022-06-20,,,,3531,1779,1752
2022-06-21,,,,9299,4551,4748
2022-06-22,,,,8974,4327,4647
2022-06-23,,,,7492,3518,3974
2022-06-24,,,,7218,3479,3739
2022-06-25,,,,6779,3188,3591
2022-06-26,,,,6236,2970,3266
2022-06-27,,,,3419,1754,1665
2022-06-28,,,,9889,4710,5179
2022-06-29,,,,10447,5016,5431
2022-06-30,,,,9590,4396,5194
2022-07-01,,,,9514,4278,5236
2022-07-02,,,,10708,5021,5687
2022-07-03,,,,10037,4659,5378
2022-07-04,,,,6241,3032,3209
2022-07-05,,,,18125,8429,9696
2022-07-06,,,,19352,9167,10185
2022-07-07,,,,18494,8638,9856
2022-07-08,,,,19294,9057,10237
2022-07-09,,,,20259,9562,10697
2022-07-10,,,,20383,9501,10882
2022-07-11,,,,12671,6087,6584
2022-07-12,,,,37332,17228,20104
2022-07-13,,,,40240,18845,21395
2022-07-14,,,,39154,18117,21037
2022-07-15,,,,38856,18002,20854
2022-07-16,,,,41290,19204,22086
2022-07-17,,,,40312,18909,21403
2022-07-18,,,,26273,12653,13620
2022-07-19,,,,73536,34422,39114
2022-07-20,,,,76350,35474,40876
2022-07-21,,,,71128,32021,39107
2022-07-22,,,,68587,31552,37035
2022-07-23,,,,68523,31636,36887
2022-07-24,,,,65364,30106,35258
2022-07-25,,,,35848,17164,18684
2022-07-26,,,,99211,45538,53673
2022-07-27,,,,100222,46361,53861
2022-07-28,,,,88335,40372,47963
2022-07-29,,,,85271,38872,46399
2022-07-30,,,,81931,37814,44117
2022-07-31,,,,73552,33722,39830
2022-08-01,,,,44635,20968,23667
2022-08-02,,,,111743,51186,60557
2022-08-03,,,,119861,54729,65132
2022-08-04,,,,107845,49320,58525
2022-08-05,,,,112825,51802,61023
2022-08-06,,,,110622,51166,59456
2022-08-07,,,,105454,48489,56965
2022-08-08,,,,55242,26515,28727
2022-08-09,,,,149848,69426,80422
2022-08-10,,,,151719,69917,81802
2022-08-11,,,,137160,62442,74718
2022-08-12,,,,128652,59027,69625
2022-08-13,,,,124536,57099,67437
2022-08-14,,,,119524,54793,64731
2022-08-15,,,,62045,29365,32680
2022-08-16,,,,84091,39678,44413
2022-08-17,,,,180745,82485,98260
2022-08-18,,,,178501,81512,96989
2022-08-19,,,,138766,63671,75095
2022-08-20,,,,129350,59139,70211
2022-08-21,,,,110903,51081,59822
2022-08-22,,,,59014,27955,31059
2022-08-23,,,,150198,68964,81234
2022-08-24,,,,139290,64495,74795
2022-08-25,,,,113343,52246,61097
2022-08-26,,,,101110,46472,54638
2022-08-27,,,,95565,44329,51236
2022-08-28,,,,85230,39192,46038
2022-08-29,,,,43110,20502,22608
2022-08-30,,,,115610,53317,62293
2022-08-31,,,,103913,47935,55978
2022-09-01,,,,81553,37296,44257
2022-09-02,,,,89552,40909,48643
2022-09-03,,,,79710,36864,42846
2022-09-04,,,,72112,32930,39182
2022-09-05,,,,37524,17748,19776
2022-09-06,,,,99813,45866,53947
2022-09-07,,,,85504,38656,46848
2022-09-08,,,,72620,32424,40196
2022-09-09,,,,69391,31239,38152
2022-09-10,,,,42694,19950,22744
2022-09-11,,,,28193,13428,14765
2022-09-12,,,,36917,17271,19646
2022-09-13,,,,57276,26187,31089
2022-09-14,,,,93949,42549,51400
2022-09-15,,,,71444,32652,38792
2022-09-16,,,,51848,23875,27973
2022-09-17,,,,43430,20141,23289
2022-09-18,,,,34735,16234,18501
2022-09-19,,,,19382,9317,10065
2022-09-20,,,,47889,22254,25635
2022-09-21,,,,41264,18922,22342
2022-09-22,,,,32990,14984,18006
2022-09-23,,,,29091,13238,15853
2022-09-24,,,,29330,13385,15945
2022-09-25,,,,25766,11813,13953
2022-09-26,,,,14152,6740,7412
2022-09-27,,,,39401,17844,21557
2022-09-28,,,,36131,16589,19542
2022-09-29,,,,30857,13975,16882
2022-09-30,,,,28487,12982,15505
2022-10-01,,,,26946,12242,14704
2022-10-02,,,,23575,10474,13101
2022-10-03,,,,12142,5651,6491
2022-10-04,,,,16413,7635,8778
2022-10-05,,,,34725,15650,19075
2022-10-06,,,,28634,12651,15983
2022-10-07,,,,22286,9878,12408
2022-10-08,,,,19421,8661,10760
2022-10-09,,,,17646,7855,9791
2022-10-10,,,,8974,4071,4903
2022-10-11,,,,15465,6973,8492
2022-10-12,,,,30516,13458,17058
2022-10-13,,,,26936,11862,15074
2022-10-14,,,,23572,10536,13036
2022-10-15,,,,22829,10126,12703
2022-10-16,,,,21454,9386,12068
2022-10-17,,,,11024,5223,5801
2022-10-18,,,,33218,14763,18455
2022-10-19,,,,29492,13148,16344
2022-10-20,,,,25375,11025,14350
2022-10-21,,,,24731,10777,13954
2022-10-22,,,,26892,11732,15160
2022-10-23,,,,26234,11632,14602
2022-10-24,,,,14296,6505,7791
2022-10-25,,,,43738,19288,24450
2022-10-26,,,,40816,17730,23086
2022-10-27,,,,34974,15128,19846
2022-10-28,,,,35913,15474,20439
2022-10-29,,,,37310,16371,20939
2022-10-30,,,,34491,15199,19292
2022-10-31,,,,18503,8471,10032
2022-11-01,,,,58360,25820,32540
2022-11-02,,,,54733,23794,30939
2022-11-03,,,,46880,20252,26628
2022-11-04,,,,43436,18978,24458
2022-11-05,,,,40893,17984,22909
2022-11-06,,,,36665,16160,20505
2022-11-07,,,,18665,8426,10239
2022-11-08,,,,62259,27827,34432
2022-11-09,,,,62466,27452,35014
2022-11-10,,,,55348,24098,31250
2022-11-11,,,,54498,24191,30307
2022-11-12,,,,54309,23583,30726
2022-11-13,,,,48442,21285,27157
2022-11-14,,,,23748,10699,13049
2022-11-15,,,,72864,32338,40526
2022-11-16,,,,66567,29031,37536
2022-11-17,,,,55418,24003,31415
2022-11-18,,,,49399,21510,27889
2022-11-19,,,,50568,22145,28423
2022-11-20,,,,45998,20178,25820
2022-11-21,26581856,12385023,14196833,23077,10548,12529
2022-11-22,,,,72860,32185,40675
2022-11-23,,,,70306,31115,39191
2022-11-24,26784142,12474287,14309855,59082,25947,33135
2022-11-25,,,,53698,23508,30190
2022-11-26,,,,52788,23128,29660
2022-11-27,,,,47028,20965,26063
2022-11-28,,,,22327,10260,12067
2022-11-29,,,,71476,31832,39644
2022-11-30,27098734,12613747,14484987,67415,29828,37587
2022-12-01,,,,57069,24960,32109
2022-12-02,,,,52987,23291,29696
2022-12-03,,,,52861,23399,29462
2022-12-04,,,,46564,20379,26185
2022-12-05,,,,23160,10533,12627
2022-12-06,,,,77604,35642,41962
2022-12-07,,,,74714,33415,41299
2022-12-08,27548821,12814456,14734365,65253,29142,36111
2022-12-09,,,,62734,27778,34956
2022-12-10,,,,62738,27937,34801
2022-12-11,,,,54319,23809,30510
2022-12-12,,,,25667,11817,13850
2022-12-13,,,,86852,39458,47394
2022-12-14,,,,84571,37673,46898
2022-12-15,,,,70154,30960,39194
2022-12-16,28062679,13043246,15019433,66953,29424,37529
2022-12-17,,,,66914,29866,37048
2022-12-18,,,,58838,25974,32864
2022-12-19,,,,26608,12423,14185
2022-12-20,,,,87536,40195,47341
2022-12-21,,,,88160,39490,48670
2022-12-22,,,,75729,33884,41845
2022-12-23,,,,68168,30379,37789
2022-12-24,,,,66211,29156,37055
2022-12-25,,,,58448,25929,32519
2022-12-26,,,,25545,11838,13707
2022-12-27,,,,87596,39330,48266
2022-12-28,,,,87517,38394,49123
2022-12-29,28931140,13431275,15499865,71427,31271,40156
2022-12-30,,,,65201,28230,36971
2022-12-31,,,,63096,27550,35546
2023-01-01,,,,57501,25441,32060
2023-01-02,,,,22724,10592,12132
2023-01-03,,,,81039,36608,44431
2023-01-04,,,,78554,34967,43587
2023-01-05,,,,64094,28152,35942
2023-01-06,,,,56954,24927,32027
2023-01-07,,,,53807,23633,30174
2023-01-08,,,,46766,20741,26025
2023-01-09,,,,19106,8965,10141
2023-01-10,,,,60041,27103,32938
2023-01-11,29654090,13752320,15901770,54343,24251,30092
2023-01-12,,,,43949,19370,24579
2023-01-13,,,,39726,17493,22233
2023-01-14,,,,36699,16475,20224
2023-01-15,,,,32570,14225,18345
2023-01-16,,,,14144,6445,7699
2023-01-17,,,,40199,17924,22275
2023-01-18,29898142,13860391,16037751,36908,16203,20705
2023-01-19,,,,29806,13140,16666
2023-01-20,,,,27408,11988,15420
2023-01-21,,,,27654,12043,15611
2023-01-22,,,,16624,7460,9164
2023-01-23,,,,9227,4412,4815
2023-01-24,30021018,13915071,16105947,12262,5687,6575
2023-01-25,,,,19527,8675,10852
2023-01-26,,,,35086,15440,19646
2023-01-27,,,,31711,14022,17689
2023-01-28,,,,23612,10415,13197
2023-01-29,,,,18871,8346,10525
2023-01-30,,,,7416,3480,3936
2023-01-31,30176646,13984497,16192149,19629,9166,10463
2023-02-01,,,,20414,9369,11045
2023-02-02,,,,16856,7698,9158
2023-02-03,,,,14961,6753,8208
2023-02-04,,,,14624,6686,7938
2023-02-05,,,,14018,6231,7787
2023-02-06,,,,5850,2743,3107
2023-02-07,30279381,14031375,16248006,16120,7439,8681
2023-02-08,,,,17927,8092,9835
2023-02-09,,,,14662,6446,8216
2023-02-10,,,,13504,6017,7487
2023-02-11,,,,12805,5612,7193
2023-02-12,,,,12051,5291,6760
2023-02-13,,,,5174,2423,2751
2023-02-14,30369744,14071760,16297984,14371,6557,7814
