tDate,AccSum,AccAge0_9,AccAge10_19,AccAge20_29,AccAge30_39,AccAge40_49,AccAge50_59,AccAge60_69,AccAge70_79,AccAge80More,NewSum,Age0_9New,Age10_19New,Age20_29New,Age30_39New,Age40_49New,Age50_59New,Age60_69New,Age70_79New,Age80MoreNew
2020-03-02,,,,,,,,,,,686,5,29,181,82,113,146,82,33,15
2020-03-03,,,,,,,,,,,600,3,37,179,73,81,118,65,32,12
2020-03-04,,,,,,,,,,,516,,29,158,53,79,100,47,35,15
2020-03-05,,,,,,,,,,,438,4,25,154,27,54,74,53,30,17
2020-03-06,,,,,,,,,,,518,7,35,148,33,43,89,65,54,44
2020-03-07,,,,,,,,,,,483,7,34,154,33,54,70,65,43,23
2020-03-08,,,,,,,,,,,367,6,33,103,32,34,64,48,26,21
2020-03-09,,,,,,,,,,,248,8,18,60,18,30,42,38,29,5
2020-03-10,,,,,,,,,,,131,1,12,21,11,25,26,13,16,6
2020-03-11,,,,,,,,,,,242,8,12,25,15,52,56,31,29,14
2020-03-12,,,,,,,,,,,114,1,7,21,8,18,25,12,14,8
2020-03-13,,,,,,,,,,,110,1,9,13,12,16,28,13,9,9
2020-03-14,,,,,,,,,,,107,4,3,15,10,16,27,15,9,8
2020-03-15,,,,,,,,,,,76,2,3,12,9,9,17,12,10,2
2020-03-16,,,,,,,,,,,74,2,5,13,7,6,17,12,5,7
2020-03-17,,,,,,,,,,,84,1,4,17,7,17,16,10,8,4
2020-03-18,,,,,,,,,,,93,1,2,12,17,7,14,25,3,12
2020-03-19,,,,,,,,,,,152,5,5,16,13,10,27,21,20,35
2020-03-20,,,,,,,,,,,87,6,8,7,7,12,14,19,6,8
2020-03-21,,,,,,,,,,,147,1,6,15,7,10,16,19,21,52
2020-03-22,,,,,,,,,,,98,2,3,16,9,19,19,13,6,11
2020-03-23,,,,,,,,,,,64,2,,21,8,7,11,7,4,4
2020-03-24,,,,,,,,,,,76,3,7,22,3,6,14,7,9,5
2020-03-25,,,,,,,,,,,100,,7,34,23,12,7,9,3,5
2020-03-26,,,,,,,,,,,104,1,13,35,12,6,14,8,5,10
2020-03-27,,,,,,,,,,,91,2,8,24,5,4,14,8,14,12
2020-03-28,,,,,,,,,,,146,1,5,34,19,22,28,31,2,4
2020-03-29,,,,,,,,,,,105,2,7,35,15,14,19,8,3,2
2020-03-30,,,,,,,,,,,78,1,5,28,9,5,14,8,5,3
2020-03-31,,,,,,,,,,,125,,3,25,10,16,37,18,11,5
2020-04-01,,,,,,,,,,,101,3,4,28,14,11,14,10,7,10
2020-04-02,,,,,,,,,,,89,3,3,22,16,11,15,12,5,2
2020-04-03,,,,,,,,,,,86,2,6,30,9,13,9,9,5,3
2020-04-04,,,,,,,,,,,94,1,2,27,14,8,10,17,10,5
2020-04-05,,,,,,,,,,,81,2,5,28,17,12,6,7,3,1
2020-04-06,,,,,,,,,,,47,2,7,15,3,5,2,5,5,3
2020-04-07,,,,,,,,,,,47,,2,15,6,7,3,10,3,1
2020-04-08,,,,,,,,,,,53,,4,13,9,5,7,8,3,4
2020-04-09,,,,,,,,,,,39,2,4,12,7,7,1,3,,3
2020-04-10,,,,,,,,,,,27,1,1,7,5,2,4,4,2,1
2020-04-11,,,,,,,,,,,30,1,5,6,2,2,6,7,,1
2020-04-12,,,,,,,,,,,32,,3,12,5,2,4,3,3,
2020-04-13,,,,,,,,,,,25,2,1,9,3,1,2,5,1,1
2020-04-14,,,,,,,,,,,27,,3,7,4,4,3,3,2,1
2020-04-15,,,,,,,,,,,27,,4,10,4,3,2,1,2,1
2020-04-16,,,,,,,,,,,22,3,3,5,1,2,3,2,1,2
2020-04-17,,,,,,,,,,,22,1,4,9,3,1,2,1,1,
2020-04-18,,,,,,,,,,,18,2,,9,1,1,2,1,1,1
2020-04-19,,,,,,,,,,,8,,2,3,1,,1,,,1
2020-04-20,,,,,,,,,,,13,,3,5,2,,3,,,
2020-04-21,,,,,,,,,,,9,,2,1,,1,3,,1,1
2020-04-22,,,,,,,,,,,11,,1,3,1,4,,1,1,
2020-04-23,,,,,,,,,,,8,,1,2,1,1,1,,1,1
2020-04-24,,,,,,,,,,,6,,1,1,1,,1,1,,1
2020-04-25,,,,,,,,,,,10,1,1,3,1,2,,2,,
2020-04-26,,,,,,,,,,,10,1,,3,5,1,,,,
2020-04-27,,,,,,,,,,,10,,2,3,4,1,,,,
2020-04-28,,,,,,,,,,,14,,2,5,2,1,2,1,1,
2020-04-29,,,,,,,,,,,9,,,3,2,3,1,,,
2020-04-30,,,,,,,,,,,4,,,1,2,1,,,,
2020-05-01,,,,,,,,,,,9,,,5,1,2,,,,1
2020-05-02,,,,,,,,,,,6,,,3,1,1,,1,,
2020-05-03,,,,,,,,,,,13,,1,2,3,2,,2,1,2
2020-05-04,,,,,,,,,,,8,,,2,1,3,,2,,
2020-05-05,,,,,,,,,,,3,,,,1,1,1,,,
2020-05-06,,,,,,,,,,,2,,,,1,,,1,,
2020-05-07,,,,,,,,,,,4,,1,2,1,,,,,
2020-05-08,,,,,,,,,,,12,1,,1,7,2,,1,,
2020-05-09,,,,,,,,,,,18,,2,12,3,,1,,,
2020-05-10,,,,,,,,,,,34,,3,19,3,4,2,2,1,
2020-05-11,,,,,,,,,,,35,,1,21,8,4,,1,,
2020-05-12,,,,,,,,,,,27,1,4,10,6,2,3,,,1
2020-05-13,,,,,,,,,,,26,1,1,13,5,2,1,1,1,1
2020-05-14,,,,,,,,,,,29,,11,14,3,1,,,,
2020-05-15,,,,,,,,,,,27,2,3,11,4,2,1,2,2,
2020-05-16,,,,,,,,,,,19,2,2,7,3,1,1,3,,
2020-05-17,,,,,,,,,,,13,,1,5,2,3,1,,1,
2020-05-18,,,,,,,,,,,15,,1,3,4,5,1,1,,
2020-05-19,,,,,,,,,,,13,1,,5,,,3,3,1,
2020-05-20,,,,,,,,,,,32,,7,12,4,6,1,1,1,
2020-05-21,,,,,,,,,,,12,,4,3,2,3,,,,
2020-05-22,,,,,,,,,,,20,1,2,8,4,2,2,,1,
2020-05-23,,,,,,,,,,,23,,1,2,6,1,9,3,,1
2020-05-24,,,,,,,,,,,25,,2,4,4,7,4,3,1,
2020-05-25,,,,,,,,,,,16,,1,3,3,2,5,2,,
2020-05-26,,,,,,,,,,,19,1,1,3,4,3,4,1,2,
2020-05-27,,,,,,,,,,,40,3,2,8,6,3,6,8,3,1
2020-05-28,,,,,,,,,,,79,2,4,15,26,14,12,6,,
2020-05-29,,,,,,,,,,,58,1,6,12,9,10,9,8,,3
2020-05-30,,,,,,,,,,,39,1,5,9,2,4,10,4,1,3
2020-05-31,,,,,,,,,,,27,,,9,7,4,6,1,,
2020-06-01,,,,,,,,,,,35,1,2,2,4,6,13,5,2,
2020-06-02,,,,,,,,,,,38,,2,5,3,2,9,11,5,1
2020-06-03,,,,,,,,,,,49,1,2,5,6,5,9,15,6,
2020-06-04,,,,,,,,,,,39,1,1,5,3,2,10,9,6,2
2020-06-05,,,,,,,,,,,39,1,1,5,2,4,6,10,7,3
2020-06-06,,,,,,,,,,,51,3,1,2,6,11,8,9,8,3
2020-06-07,,,,,,,,,,,57,1,6,3,6,8,11,12,8,2
2020-06-08,,,,,,,,,,,37,1,1,5,2,5,6,11,3,3
2020-06-09,,,,,,,,,,,38,,,3,2,4,10,9,5,5
2020-06-10,,,,,,,,,,,50,1,2,6,9,1,7,16,7,1
2020-06-11,,,,,,,,,,,45,1,3,6,10,4,10,5,5,1
2020-06-12,,,,,,,,,,,56,,3,11,8,2,16,13,2,1
2020-06-13,,,,,,,,,,,48,,2,9,1,3,9,8,6,10
2020-06-14,,,,,,,,,,,34,,,8,3,6,7,8,1,1
2020-06-15,,,,,,,,,,,37,2,,5,5,11,6,4,3,1
2020-06-16,,,,,,,,,,,34,2,1,3,4,4,6,8,6,
2020-06-17,,,,,,,,,,,43,2,1,8,14,2,7,3,5,1
2020-06-18,,,,,,,,,,,59,1,1,10,4,6,9,13,7,8
2020-06-19,,,,,,,,,,,49,,2,8,9,3,12,11,3,1
2020-06-20,,,,,,,,,,,67,2,4,9,13,8,12,13,3,3
2020-06-21,,,,,,,,,,,48,,1,5,10,5,8,10,6,3
2020-06-22,,,,,,,,,,,17,,1,3,4,1,5,2,1,
2020-06-23,,,,,,,,,,,46,3,,5,9,9,8,7,4,1
2020-06-24,,,,,,,,,,,51,2,1,3,14,12,10,5,2,2
2020-06-25,,,,,,,,,,,28,1,2,1,9,2,6,5,2,
2020-06-26,,,,,,,,,,,39,1,1,8,10,5,5,6,1,2
2020-06-27,,,,,,,,,,,51,1,2,14,10,6,5,7,4,2
2020-06-28,,,,,,,,,,,62,2,3,12,13,9,6,13,3,1
2020-06-29,,,,,,,,,,,42,3,1,9,5,6,5,12,1,
2020-06-30,,,,,,,,,,,42,2,4,10,6,8,6,3,3,
2020-07-01,,,,,,,,,,,51,,2,4,12,2,17,6,7,1
2020-07-02,,,,,,,,,,,54,2,2,8,6,2,14,12,7,1
2020-07-03,,,,,,,,,,,61,1,10,10,10,6,7,10,4,3
2020-07-04,,,,,,,,,,,63,3,2,12,16,8,8,9,2,3
2020-07-05,,,,,,,,,,,61,3,3,8,9,11,7,14,6,
2020-07-06,,,,,,,,,,,48,5,1,8,9,6,9,5,2,3
2020-07-07,,,,,,,,,,,44,1,2,11,7,7,7,7,2,
2020-07-08,,,,,,,,,,,62,1,3,11,11,15,9,5,6,1
2020-07-09,,,,,,,,,,,50,2,4,11,7,11,10,3,1,1
2020-07-10,,,,,,,,,,,45,3,3,10,9,5,8,3,3,1
2020-07-11,,,,,,,,,,,35,1,,8,6,2,8,2,4,4
2020-07-12,,,,,,,,,,,44,2,6,4,13,5,3,9,1,1
2020-07-13,,,,,,,,,,,62,3,4,18,15,9,4,5,3,1
2020-07-14,,,,,,,,,,,33,2,2,6,5,3,6,4,4,1
2020-07-15,,,,,,,,,,,39,1,1,4,8,9,9,7,,
2020-07-16,,,,,,,,,,,61,6,2,13,15,9,6,6,3,1
2020-07-17,,,,,,,,,,,60,3,1,9,14,14,8,6,3,2
2020-07-18,,,,,,,,,,,39,3,4,10,5,9,7,,1,
2020-07-19,,,,,,,,,,,34,3,2,4,9,3,4,6,2,1
2020-07-20,,,,,,,,,,,26,2,2,8,6,4,2,1,,1
2020-07-21,,,,,,,,,,,45,1,1,12,8,3,5,3,8,4
2020-07-22,,,,,,,,,,,63,,7,8,8,10,9,11,6,4
2020-07-23,,,,,,,,,,,59,,4,19,3,8,12,9,4,
2020-07-24,,,,,,,,,,,41,1,1,3,5,6,8,11,4,2
2020-07-25,,,,,,,,,,,113,1,1,13,38,34,14,8,2,2
2020-07-26,,,,,,,,,,,58,,,4,13,15,18,5,1,2
2020-07-27,,,,,,,,,,,25,1,1,5,8,3,,2,4,1
2020-07-28,,,,,,,,,,,28,2,2,4,4,7,5,3,1,
2020-07-29,,,,,,,,,,,48,,1,6,16,11,5,4,5,
2020-07-30,,,,,,,,,,,18,,,2,6,4,,6,,
2020-07-31,,,,,,,,,,,36,1,,5,13,8,4,3,1,1
2020-08-01,,,,,,,,,,,31,1,,,10,6,8,5,1,
2020-08-02,,,,,,,,,,,30,2,,5,7,8,4,2,1,1
2020-08-03,,,,,,,,,,,23,2,3,4,2,2,5,4,1,
2020-08-04,,,,,,,,,,,34,4,5,6,5,6,4,2,,2
2020-08-05,,,,,,,,,,,33,1,3,6,7,4,6,5,1,
2020-08-06,,,,,,,,,,,43,,4,13,3,3,8,9,3,
2020-08-07,,,,,,,,,,,20,,4,3,1,5,2,5,,
2020-08-08,,,,,,,,,,,43,1,1,7,4,4,10,13,3,
2020-08-09,,,,,,,,,,,36,4,1,7,5,3,7,7,,2
2020-08-10,,,,,,,,,,,28,,,4,3,3,4,13,1,
2020-08-11,,,,,,,,,,,34,,,6,5,4,9,7,3,
2020-08-12,,,,,,,,,,,54,1,7,4,11,12,12,2,3,2
2020-08-13,,,,,,,,,,,56,2,6,11,12,5,10,6,2,2
2020-08-14,,,,,,,,,,,103,4,10,14,17,16,19,15,6,2
2020-08-15,,,,,,,,,,,166,4,10,32,20,24,33,29,11,3
2020-08-16,,,,,,,,,,,279,3,23,39,28,35,58,56,31,6
2020-08-17,,,,,,,,,,,197,5,13,22,27,23,37,49,14,7
2020-08-18,,,,,,,,,,,246,5,18,17,27,27,62,66,22,2
2020-08-19,,,,,,,,,,,297,14,17,28,32,39,58,73,29,7
2020-08-20,,,,,,,,,,,288,12,35,31,35,32,55,47,30,11
2020-08-21,,,,,,,,,,,324,6,19,42,40,42,61,74,34,6
2020-08-22,,,,,,,,,,,332,11,19,55,40,48,66,56,34,3
2020-08-23,,,,,,,,,,,396,16,35,34,40,62,82,86,27,14
2020-08-24,,,,,,,,,,,266,9,13,30,35,39,48,52,24,16
2020-08-25,,,,,,,,,,,280,15,18,42,30,33,53,50,30,9
2020-08-26,,,,,,,,,,,320,13,13,37,47,42,60,57,34,17
2020-08-27,,,,,,,,,,,441,9,27,51,49,71,109,65,41,19
2020-08-28,,,,,,,,,,,371,16,18,32,49,52,71,65,48,20
2020-08-29,,,,,,,,,,,323,16,18,31,36,47,54,67,36,18
2020-08-30,,,,,,,,,,,299,10,12,44,39,38,55,72,21,8
2020-08-31,,,,,,,,,,,248,10,11,43,15,28,49,55,26,11
2020-09-01,,,,,,,,,,,235,14,17,25,24,24,46,45,30,10
2020-09-02,,,,,,,,,,,267,10,12,43,25,24,48,51,40,14
2020-09-03,,,,,,,,,,,195,7,7,22,21,29,36,34,22,17
2020-09-04,,,,,,,,,,,198,9,7,17,24,27,39,38,22,15
2020-09-05,,,,,,,,,,,168,3,6,14,19,19,38,42,18,9
2020-09-06,,,,,,,,,,,167,8,3,19,15,25,35,39,16,7
2020-09-07,,,,,,,,,,,119,3,5,13,17,16,22,21,20,2
2020-09-08,,,,,,,,,,,136,5,8,12,17,17,33,27,14,3
2020-09-09,,,,,,,,,,,156,6,8,8,16,15,29,46,22,6
2020-09-10,,,,,,,,,,,155,12,4,12,13,17,29,45,12,11
2020-09-11,,,,,,,,,,,176,3,3,22,19,22,34,40,16,17
2020-09-12,,,,,,,,,,,136,4,5,16,12,18,34,29,14,4
2020-09-13,,,,,,,,,,,121,4,3,24,14,11,19,30,12,4
2020-09-14,,,,,,,,,,,109,2,3,17,11,11,24,26,12,3
2020-09-15,,,,,,,,,,,106,6,8,8,10,18,18,25,11,2
2020-09-16,,,,,,,,,,,113,1,3,14,9,17,22,25,18,4
2020-09-17,,,,,,,,,,,153,5,8,25,11,20,36,27,17,4
2020-09-18,,,,,,,,,,,126,3,4,16,17,21,24,24,12,5
2020-09-19,,,,,,,,,,,110,1,5,6,7,9,35,26,15,6
2020-09-20,,,,,,,,,,,82,1,4,7,10,14,12,17,12,5
2020-09-21,,,,,,,,,,,70,1,4,18,10,6,13,9,9,
2020-09-22,,,,,,,,,,,61,1,2,6,10,10,16,10,5,1
2020-09-23,,,,,,,,,,,110,4,4,9,10,14,23,19,22,5
2020-09-24,,,,,,,,,,,125,6,4,15,9,17,29,27,9,9
2020-09-25,,,,,,,,,,,114,5,3,12,14,15,19,22,14,10
2020-09-26,,,,,,,,,,,61,1,6,7,7,5,10,16,9,
2020-09-27,,,,,,,,,,,95,,4,14,16,12,19,20,7,3
2020-09-28,,,,,,,,,,,50,4,4,5,3,5,10,12,3,4
2020-09-29,,,,,,,,,,,38,2,2,8,7,7,5,4,,3
2020-09-30,,,,,,,,,,,113,5,5,8,20,20,26,18,9,2
2020-10-01,,,,,,,,,,,77,6,4,7,9,14,13,13,7,4
2020-10-02,,,,,,,,,,,63,3,6,6,10,6,11,13,4,4
2020-10-03,,,,,,,,,,,75,1,1,6,13,11,11,16,13,3
2020-10-04,,,,,,,,,,,64,,4,4,9,13,8,12,8,6
2020-10-05,,,,,,,,,,,73,,3,17,9,8,12,14,6,4
2020-10-06,,,,,,,,,,,75,5,8,26,8,2,11,9,4,2
2020-10-07,,,,,,,,,,,114,1,2,8,13,10,28,31,16,5
2020-10-08,,,,,,,,,,,69,6,5,6,7,9,12,11,10,3
2020-10-09,,,,,,,,,,,54,1,11,8,7,6,5,10,4,2
2020-10-10,,,,,,,,,,,72,1,3,11,7,6,11,22,7,4
2020-10-11,,,,,,,,,,,58,4,,11,14,8,6,6,6,3
2020-10-12,,,,,,,,,,,98,8,2,19,19,16,12,12,8,2
2020-10-13,,,,,,,,,,,91,5,7,18,15,17,10,11,7,1
2020-10-14,,,,,,,,,,,84,4,7,30,11,11,9,8,2,2
2020-10-15,,,,,,,,,,,110,5,3,16,11,11,8,14,11,31
2020-10-16,,,,,,,,,,,47,,2,7,9,10,8,7,2,2
2020-10-17,,,,,,,,,,,73,2,2,6,15,5,20,17,2,4
2020-10-18,,,,,,,,,,,91,2,4,12,14,14,21,15,8,1
2020-10-19,,,,,,,,,,,76,2,3,13,7,15,13,7,7,9
2020-10-20,,,,,,,,,,,58,3,3,11,7,12,9,9,3,1
2020-10-21,,,,,,,,,,,89,1,4,12,10,18,15,14,5,10
2020-10-22,,,,,,,,,,,121,2,2,18,12,18,24,26,11,8
2020-10-23,,,,,,,,,,,155,2,11,10,18,21,26,26,13,28
2020-10-24,,,,,,,,,,,77,7,7,12,4,9,14,14,5,5
2020-10-25,,,,,,,,,,,61,5,7,10,8,11,9,6,1,4
2020-10-26,,,,,,,,,,,119,6,5,21,25,22,22,11,3,4
2020-10-27,,,,,,,,,,,88,2,7,12,9,14,23,13,4,4
2020-10-28,,,,,,,,,,,103,4,6,20,15,17,20,9,7,5
2020-10-29,,,,,,,,,,,125,11,8,13,23,14,18,24,10,4
2020-10-30,,,,,,,,,,,113,8,9,16,16,19,16,19,6,4
2020-10-31,,,,,,,,,,,127,7,5,21,22,18,26,8,10,10
2020-11-01,,,,,,,,,,,124,5,14,24,19,25,13,15,6,3
2020-11-02,,,,,,,,,,,97,7,9,9,13,19,10,18,8,4
2020-11-03,,,,,,,,,,,75,3,5,17,13,6,14,12,4,1
2020-11-04,,,,,,,,,,,117,2,3,18,25,11,20,23,10,5
2020-11-05,,,,,,,,,,,125,1,8,21,20,23,29,15,6,2
2020-11-06,,,,,,,,,,,145,9,7,24,24,26,28,13,9,5
2020-11-07,,,,,,,,,,,89,1,5,10,15,21,9,13,11,4
2020-11-08,,,,,,,,,,,143,3,4,9,26,22,22,24,24,9
2020-11-09,,,,,,,,,,,126,3,6,15,25,19,19,15,15,9
2020-11-10,,,,,,,,,,,100,3,9,21,13,11,14,15,9,5
2020-11-11,,,,,,,,,,,145,6,5,20,18,12,20,30,19,15
2020-11-12,,,,,,,,,,,143,6,13,26,23,22,25,15,9,4
2020-11-13,,,,,,,,,,,191,7,9,28,19,24,41,28,17,18
2020-11-14,,,,,,,,,,,205,12,14,36,32,29,36,32,7,7
2020-11-15,,,,,,,,,,,208,8,13,26,27,27,49,40,13,5
2020-11-16,,,,,,,,,,,222,5,12,37,27,29,40,53,15,4
2020-11-17,,,,,,,,,,,230,11,12,37,26,36,44,38,18,8
2020-11-18,,,,,,,,,,,285,4,16,44,38,51,51,40,20,21
2020-11-19,,,,,,,,,,,325,23,43,46,36,52,53,44,17,11
2020-11-20,,,,,,,,,,,348,11,35,63,48,53,55,43,28,12
2020-11-21,,,,,,,,,,,386,15,36,108,49,56,56,37,23,6
2020-11-22,,,,,,,,,,,330,17,20,65,47,64,56,32,18,11
2020-11-23,,,,,,,,,,,271,23,21,41,41,49,50,20,17,9
2020-11-24,,,,,,,,,,,349,16,17,66,53,60,62,43,25,7
2020-11-25,,,,,,,,,,,382,11,31,52,61,75,72,46,24,10
2020-11-26,,,,,,,,,,,581,21,57,125,81,93,95,72,28,9
2020-11-27,,,,,,,,,,,555,21,40,81,80,96,116,68,27,26
2020-11-28,,,,,,,,,,,503,13,38,74,77,95,78,82,30,16
2020-11-29,,,,,,,,,,,450,18,36,93,66,69,83,46,26,13
2020-11-30,,,,,,,,,,,438,16,54,60,54,58,87,59,24,26
2020-12-01,,,,,,,,,,,451,15,47,81,67,63,94,43,27,14
2020-12-02,,,,,,,,,,,511,19,43,85,89,79,98,57,23,18
2020-12-03,,,,,,,,,,,540,31,41,104,68,93,95,75,27,6
2020-12-04,,,,,,,,,,,628,25,46,101,80,89,119,93,43,32
2020-12-05,,,,,,,,,,,577,23,52,98,65,77,92,89,50,31
2020-12-06,,,,,,,,,,,631,22,30,72,90,73,123,111,68,42
2020-12-07,,,,,,,,,,,615,14,31,84,75,73,139,100,59,40
2020-12-08,,,,,,,,,,,587,20,35,72,71,81,111,89,55,53
2020-12-09,,,,,,,,,,,670,24,39,67,95,96,121,124,72,32
2020-12-10,,,,,,,,,,,680,37,53,80,111,92,110,114,53,30
2020-12-11,,,,,,,,,,,689,35,44,83,82,102,123,102,63,55
2020-12-12,,,,,,,,,,,950,52,86,97,113,143,174,148,69,68
2020-12-13,,,,,,,,,,,1030,36,74,110,109,150,192,183,105,71
2020-12-14,,,,,,,,,,,718,31,54,99,75,119,138,107,49,46
2020-12-15,,,,,,,,,,,880,40,54,100,112,125,151,133,79,86
2020-12-16,,,,,,,,,,,1078,45,69,153,104,142,215,191,91,68
2020-12-17,,,,,,,,,,,1014,56,55,107,124,141,214,173,85,59
2020-12-18,,,,,,,,,,,1064,40,66,123,131,134,227,186,91,66
2020-12-19,,,,,,,,,,,1045,33,65,132,111,153,217,176,81,77
2020-12-20,,,,,,,,,,,1096,47,71,137,142,153,233,187,79,47
2020-12-21,,,,,,,,,,,924,46,45,97,116,124,195,160,87,54
2020-12-22,,,,,,,,,,,866,31,56,104,104,124,179,131,86,51
2020-12-23,,,,,,,,,,,1090,46,62,102,124,143,246,189,96,82
2020-12-24,,,,,,,,,,,985,36,69,128,136,133,183,171,75,54
2020-12-25,,,,,,,,,,,1240,47,66,158,169,197,239,214,86,64
2020-12-26,,,,,,,,,,,1131,47,80,128,148,178,209,171,89,81
2020-12-27,,,,,,,,,,,970,36,61,111,131,159,191,179,61,41
2020-12-28,,,,,,,,,,,806,35,50,76,113,120,172,129,62,49
2020-12-29,,,,,,,,,,,1044,41,52,145,147,172,190,184,75,38
2020-12-30,,,,,,,,,,,1050,39,57,116,112,163,198,204,92,69
2020-12-31,,,,,,,,,,,967,49,67,93,132,134,186,174,67,65
2021-01-01,,,,,,,,,,,1027,41,74,129,145,154,204,159,80,41
2021-01-02,,,,,,,,,,,820,39,66,111,107,105,160,125,58,49
2021-01-03,,,,,,,,,,,657,32,46,81,77,89,125,117,52,38
2021-01-04,,,,,,,,,,,1020,40,71,120,127,172,187,153,69,81
2021-01-05,,,,,,,,,,,714,45,42,101,103,114,128,110,45,26
2021-01-06,,,,,,,,,,,838,45,60,107,106,110,139,147,73,51
2021-01-07,,,,,,,,,,,869,41,55,122,120,155,176,115,58,27
2021-01-08,,,,,,,,,,,674,34,43,92,86,84,125,124,49,37
2021-01-09,,,,,,,,,,,641,32,50,100,91,89,124,80,50,25
2021-01-10,,,,,,,,,,,657,36,56,86,78,92,142,84,49,34
2021-01-11,,,,,,,,,,,451,19,36,47,54,61,79,80,44,31
2021-01-12,,,,,,,,,,,537,32,34,71,59,91,102,74,39,35
2021-01-13,,,,,,,,,,,561,24,28,66,81,82,129,88,47,16
2021-01-14,,,,,,,,,,,524,25,45,61,68,85,99,73,39,29
2021-01-15,,,,,,,,,,,512,42,37,62,70,80,97,91,22,11
2021-01-16,,,,,,,,,,,580,31,60,54,74,79,106,108,42,26
2021-01-17,,,,,,,,,,,520,27,30,74,73,82,87,70,38,39
2021-01-18,,,,,,,,,,,389,17,31,48,53,66,75,49,30,20
2021-01-19,,,,,,,,,,,386,22,27,52,58,72,73,43,31,8
2021-01-20,,,,,,,,,,,404,27,27,56,47,58,76,61,31,21
2021-01-21,,,,,,,,,,,400,15,27,46,49,53,85,61,40,24
2021-01-22,,,,,,,,,,,346,18,21,53,44,52,65,63,17,13
2021-01-23,,,,,,,,,,,431,21,30,49,59,59,85,62,43,23
2021-01-24,,,,,,,,,,,392,18,18,68,50,60,79,61,21,17
2021-01-25,,,,,,,,,,,437,14,138,44,42,46,72,51,17,13
2021-01-26,,,,,,,,,,,349,15,30,64,43,50,59,55,14,19
2021-01-27,,,,,,,,,,,559,42,97,67,72,85,79,68,26,23
2021-01-28,,,,,,,,,,,497,33,47,64,58,80,88,69,33,25
2021-01-29,,,,,,,,,,,469,22,39,47,53,74,88,73,30,43
2021-01-30,,,,,,,,,,,456,27,48,47,50,67,76,73,35,33
2021-01-31,,,,,,,,,,,354,17,20,46,49,45,74,57,20,26
2021-02-01,,,,,,,,,,,305,20,30,36,44,39,54,45,18,19
2021-02-02,,,,,,,,,,,336,9,30,50,37,52,70,55,19,14
2021-02-03,,,,,,,,,,,467,22,41,75,64,92,70,62,29,12
2021-02-04,,,,,,,,,,,451,27,27,50,64,76,75,69,37,26
2021-02-05,,,,,,,,,,,370,30,28,30,60,43,65,75,25,14
2021-02-06,,,,,,,,,,,390,25,31,51,40,60,77,63,30,13
2021-02-07,,,,,,,,,,,371,21,26,51,47,44,79,66,26,11
2021-02-08,,,,,,,,,,,288,19,9,33,32,53,52,59,22,9
2021-02-09,,,,,,,,,,,303,15,26,34,40,52,59,38,28,11
2021-02-10,,,,,,,,,,,444,22,53,53,68,70,84,54,30,10
2021-02-11,,,,,,,,,,,504,27,28,72,60,65,97,91,40,24
2021-02-12,,,,,,,,,,,403,20,30,44,64,47,76,72,38,12
2021-02-13,,,,,,,,,,,362,21,24,56,48,49,54,56,34,20
2021-02-14,,,,,,,,,,,326,20,21,49,41,40,52,52,39,12
2021-02-15,,,,,,,,,,,343,19,29,42,49,47,53,51,32,21
2021-02-16,,,,,,,,,,,457,25,31,65,76,78,73,67,27,15
2021-02-17,,,,,,,,,,,621,32,38,93,123,88,100,96,36,15
2021-02-18,,,,,,,,,,,621,37,30,82,127,78,124,96,28,19
2021-02-19,,,,,,,,,,,561,35,38,91,84,79,93,72,33,36
2021-02-20,,,,,,,,,,,448,35,28,59,74,69,69,68,27,19
2021-02-21,,,,,,,,,,,416,23,31,63,66,44,65,65,37,22
2021-02-22,,,,,,,,,,,332,22,30,57,48,28,54,55,23,15
2021-02-23,,,,,,,,,,,356,20,22,57,58,47,63,55,18,16
2021-02-24,,,,,,,,,,,440,21,30,71,70,65,70,62,34,17
2021-02-25,,,,,,,,,,,395,23,31,62,68,67,68,46,19,11
2021-02-26,,,,,,,,,,,387,13,27,55,66,54,76,62,22,12
2021-02-27,,,,,,,,,,,415,22,31,68,71,62,71,53,25,12
2021-02-28,,,,,,,,,,,355,13,29,48,43,55,78,51,25,13
2021-03-01,,,,,,,,,,,355,31,30,43,58,45,65,54,16,13
2021-03-02,,,,,,,,,,,344,30,29,49,59,52,56,39,19,11
2021-03-03,,,,,,,,,,,444,47,42,57,69,81,64,51,21,12
2021-03-04,,,,,,,,,,,424,12,44,66,79,73,73,46,20,11
2021-03-05,,,,,,,,,,,398,12,25,61,59,73,75,54,25,14
2021-03-06,,,,,,,,,,,418,21,28,85,64,65,65,58,23,9
2021-03-07,,,,,,,,,,,416,18,31,77,65,53,66,53,37,16
2021-03-08,,,,,,,,,,,346,19,33,51,57,48,67,42,24,5
2021-03-09,,,,,,,,,,,446,28,23,55,68,83,73,76,31,9
2021-03-10,,,,,,,,,,,470,26,39,57,95,69,69,63,30,22
2021-03-11,,,,,,,,,,,465,28,43,53,78,75,66,81,27,14
2021-03-12,,,,,,,,,,,488,32,38,69,75,67,74,75,43,15
2021-03-13,,,,,,,,,,,490,19,27,49,73,75,105,85,35,22
2021-03-14,,,,,,,,,,,459,15,26,70,85,74,82,64,26,17
2021-03-15,,,,,,,,,,,379,19,24,57,65,53,81,55,19,6
2021-03-16,,,,,,,,,,,363,20,21,35,59,49,89,59,23,8
2021-03-17,,,,,,,,,,,469,18,30,68,71,85,89,73,29,6
2021-03-18,,,,,,,,,,,445,22,25,68,75,82,78,64,18,13
2021-03-19,,,,,,,,,,,463,26,30,46,74,75,88,80,28,16
2021-03-20,,,,,,,,,,,447,21,25,83,66,71,79,78,16,8
2021-03-21,,,,,,,,,,,456,21,22,71,69,72,71,84,35,11
2021-03-22,,,,,,,,,,,415,23,21,59,81,67,76,58,24,6
2021-03-23,,,,,,,,,,,346,24,26,51,45,53,49,52,38,8
2021-03-24,,,,,,,,,,,428,25,39,68,77,66,62,56,25,10
2021-03-25,,,,,,,,,,,430,21,32,70,73,68,87,53,18,8
2021-03-26,,,,,,,,,,,489,48,29,73,74,84,77,69,26,9
2021-03-27,,,,,,,,,,,505,28,48,62,75,78,86,81,37,10
2021-03-28,,,,,,,,,,,481,28,39,81,62,63,66,77,35,30
2021-03-29,,,,,,,,,,,382,13,32,53,44,67,81,59,24,9
2021-03-30,,,,,,,,,,,447,20,39,67,64,84,78,60,26,9
2021-03-31,,,,,,,,,,,506,34,38,68,73,101,81,65,27,19
2021-04-01,,,,,,,,,,,551,38,48,91,71,81,97,81,27,17
2021-04-02,,,,,,,,,,,557,22,36,91,91,85,94,69,47,22
2021-04-03,,,,,,,,,,,543,25,43,78,76,97,88,93,29,14
2021-04-04,,,,,,,,,,,543,21,40,81,87,80,95,102,28,9
2021-04-05,,,,,,,,,,,473,17,42,61,50,73,84,93,37,16
2021-04-06,,,,,,,,,,,477,29,38,57,52,82,108,66,35,10
2021-04-07,,,,,,,,,,,668,28,74,90,88,114,130,98,35,11
2021-04-08,,,,,,,,,,,700,35,73,94,116,110,125,87,48,12
2021-04-09,,,,,,,,,,,671,37,50,95,84,125,132,99,37,12
2021-04-10,,,,,,,,,,,677,34,70,88,76,126,116,96,41,30
2021-04-11,,,,,,,,,,,614,34,58,86,80,90,113,92,45,16
2021-04-12,,,,,,,,,,,587,28,41,71,79,94,126,95,32,21
2021-04-13,,,,,,,,,,,542,26,44,65,69,80,131,72,37,18
2021-04-14,,,,,,,,,,,731,32,50,111,112,114,148,107,31,26
2021-04-15,,,,,,,,,,,698,25,44,108,104,118,145,85,47,22
2021-04-16,,,,,,,,,,,673,35,52,87,88,110,140,105,40,16
2021-04-17,,,,,,,,,,,658,20,44,94,87,109,139,94,46,25
2021-04-18,,,,,,,,,,,671,30,53,103,93,109,102,113,47,21
2021-04-19,,,,,,,,,,,532,35,36,61,70,78,113,87,40,12
2021-04-20,,,,,,,,,,,549,21,62,59,72,111,101,76,34,13
2021-04-21,,,,,,,,,,,731,39,71,114,101,128,130,94,35,19
2021-04-22,,,,,,,,,,,735,29,58,96,102,132,154,107,39,18
2021-04-23,,,,,,,,,,,797,53,55,112,112,119,141,94,56,55
2021-04-24,,,,,,,,,,,785,32,76,155,104,112,143,99,45,19
2021-04-25,,,,,,,,,,,644,27,58,110,94,93,113,84,47,18
2021-04-26,,,,,,,,,,,499,24,31,91,56,77,94,81,29,16
2021-04-27,,,,,,,,,,,512,26,36,82,72,79,101,80,27,9
2021-04-28,,,,,,,,,,,769,31,45,106,110,120,137,133,68,19
2021-04-29,,,,,,,,,,,679,50,48,94,100,106,111,113,37,20
2021-04-30,,,,,,,,,,,661,30,44,104,100,109,103,96,40,35
2021-05-01,,,,,,,,,,,626,30,48,74,93,110,120,90,39,22
2021-05-02,,,,,,,,,,,606,23,44,74,99,91,126,89,34,26
2021-05-03,,,,,,,,,,,488,32,33,60,75,87,94,60,33,14
2021-05-04,,,,,,,,,,,541,26,47,82,92,83,92,75,23,21
2021-05-05,,,,,,,,,,,676,32,57,98,106,116,116,102,35,14
2021-05-06,,,,,,,,,,,574,34,38,86,82,104,112,71,33,14
2021-05-07,,,,,,,,,,,525,32,52,76,69,70,106,79,30,11
2021-05-08,,,,,,,,,,,701,29,58,113,111,112,125,104,34,15
2021-05-09,,,,,,,,,,,564,40,49,78,82,72,108,76,38,21
2021-05-10,,,,,,,,,,,463,16,53,71,64,72,69,75,35,8
2021-05-11,,,,,,,,,,,510,18,41,91,80,101,79,63,28,9
2021-05-12,,,,,,,,,,,634,38,39,90,88,113,120,87,44,15
2021-05-13,,,,,,,,,,,715,35,64,94,113,127,133,95,38,16
2021-05-14,,,,,,,,,,,747,32,60,101,112,133,119,118,41,31
2021-05-15,,,,,,,,,,,681,35,61,96,109,111,131,84,42,12
2021-05-16,,,,,,,,,,,610,46,43,90,82,94,115,83,42,15
2021-05-17,,,,,,,,,,,619,29,53,115,90,97,106,80,37,12
2021-05-18,,,,,,,,,,,528,31,50,90,83,81,86,75,25,7
2021-05-19,,,,,,,,,,,654,30,56,102,100,105,122,95,33,11
2021-05-20,,,,,,,,,,,646,31,71,102,103,124,96,75,33,11
2021-05-21,,,,,,,,,,,561,46,47,82,87,100,88,81,25,5
2021-05-22,,,,,,,,,,,666,27,48,131,112,113,101,85,37,12
2021-05-23,,,,,,,,,,,585,24,43,98,97,98,101,82,29,13
2021-05-24,,,,,,,,,,,530,34,39,73,93,92,95,75,25,4
2021-05-25,,,,,,,,,,,516,18,34,83,94,92,93,74,24,4
2021-05-26,,,,,,,,,,,705,44,49,104,119,127,128,91,29,14
2021-05-27,,,,,,,,,,,629,26,26,131,93,100,122,83,32,16
2021-05-28,,,,,,,,,,,587,12,50,117,90,115,87,77,24,15
2021-05-29,,,,,,,,,,,533,31,47,103,77,94,98,63,17,3
2021-05-30,,,,,,,,,,,480,16,43,90,74,71,89,68,23,6
2021-05-31,,,,,,,,,,,430,14,26,89,68,65,76,60,23,9
2021-06-01,,,,,,,,,,,459,25,65,69,71,68,79,59,18,5
2021-06-02,,,,,,,,,,,677,28,43,101,119,133,148,70,27,8
2021-06-03,,,,,,,,,,,681,30,57,115,111,121,130,78,30,9
2021-06-04,,,,,,,,,,,695,43,52,115,124,129,116,85,16,15
2021-06-05,,,,,,,,,,,744,40,60,125,116,119,137,103,33,11
2021-06-06,,,,,,,,,,,556,25,47,112,74,113,92,60,28,5
2021-06-07,,,,,,,,,,,485,25,31,90,81,84,83,68,17,6
2021-06-08,,,,,,,,,,,454,25,34,80,79,83,84,53,10,6
2021-06-09,,,,,,,,,,,602,33,34,99,99,144,110,56,23,4
2021-06-10,,,,,,,,,,,610,35,31,109,107,131,103,69,19,6
2021-06-11,,,,,,,,,,,556,25,42,113,99,95,102,58,13,9
2021-06-12,,,,,,,,,,,565,41,47,94,98,114,82,67,16,6
2021-06-13,,,,,,,,,,,452,24,31,69,69,75,82,72,23,7
2021-06-14,,,,,,,,,,,399,15,32,68,73,77,74,40,17,3
2021-06-15,,,,,,,,,,,373,22,24,59,65,73,81,32,11,6
2021-06-16,,,,,,,,,,,545,47,52,101,86,109,75,55,14,6
2021-06-17,,,,,,,,,,,540,26,37,91,94,93,100,74,22,3
2021-06-18,,,,,,,,,,,507,29,38,97,86,94,80,70,10,3
2021-06-19,,,,,,,,,,,482,31,44,88,65,84,91,57,21,1
2021-06-20,,,,,,,,,,,429,20,26,79,75,74,80,58,11,6
2021-06-21,,,,,,,,,,,357,21,39,50,48,74,70,39,13,3
2021-06-22,,,,,,,,,,,394,18,38,61,68,76,87,32,10,4
2021-06-23,,,,,,,,,,,645,39,67,121,97,119,121,58,17,6
2021-06-24,,,,,,,,,,,610,33,50,120,104,125,94,62,21,1
2021-06-25,,,,,,,,,,,634,61,65,127,99,104,101,55,14,8
2021-06-26,,,,,,,,,,,668,49,58,130,133,105,125,52,13,3
2021-06-27,,,,,,,,,,,614,52,45,133,102,119,94,59,7,3
2021-06-28,,,,,,,,,,,501,36,33,112,82,88,85,48,13,4
2021-06-29,,,,,,,,,,,595,27,66,139,115,96,94,40,13,5
2021-06-30,,,,,,,,,,,794,34,58,195,141,168,138,42,15,3
2021-07-01,,,,,,,,,,,761,35,78,170,156,138,114,51,14,5
2021-07-02,,,,,,,,,,,825,48,74,204,135,158,144,52,8,2
2021-07-03,,,,,,,,,,,794,48,99,211,138,143,100,46,9,
2021-07-04,,,,,,,,,,,743,27,79,171,111,159,122,57,10,7
2021-07-05,,,,,,,,,,,711,43,72,159,129,133,129,33,4,9
2021-07-06,,,,,,,,,,,746,42,74,171,128,148,124,38,14,7
2021-07-07,,,,,,,,,,,1211,33,121,335,214,226,194,62,20,6
2021-07-08,,,,,,,,,,,1275,57,119,352,227,219,214,62,21,4
2021-07-09,,,,,,,,,,,1316,66,133,323,238,235,222,77,15,7
2021-07-10,,,,,,,,,,,1378,53,147,320,230,257,244,79,27,21
2021-07-11,,,,,,,,,,,1324,58,128,323,243,234,240,69,24,5
2021-07-12,,,,,,,,,,,1100,65,108,275,169,188,220,50,18,7
2021-07-13,,,,,,,,,,,1150,87,105,293,209,207,174,57,15,3
2021-07-14,,,,,,,,,,,1613,78,179,427,306,278,243,74,21,7
2021-07-15,,,,,,,,,,,1599,104,154,388,303,292,238,89,19,12
2021-07-16,,,,,,,,,,,1535,80,135,379,300,268,242,109,14,8
2021-07-17,,,,,,,,,,,1449,76,137,376,217,244,262,103,24,10
2021-07-18,,,,,,,,,,,1453,88,146,351,238,247,256,92,29,6
2021-07-19,,,,,,,,,,,1251,121,132,288,198,203,204,75,21,9
2021-07-20,,,,,,,,,,,1278,96,130,271,208,243,217,84,21,8
2021-07-21,,,,,,,,,,,1781,123,212,403,292,321,287,103,30,10
2021-07-22,,,,,,,,,,,1841,119,177,503,303,330,286,87,27,9
2021-07-23,,,,,,,,,,,1629,111,164,376,286,271,259,118,32,12
2021-07-24,,,,,,,,,,,1627,104,160,397,244,273,282,110,42,15
2021-07-25,,,,,,,,,,,1487,79,210,327,255,244,211,113,35,13
2021-07-26,,,,,,,,,,,1318,84,150,279,228,217,224,103,27,6
2021-07-27,,,,,,,,,,,1363,106,151,325,204,239,217,96,18,7
2021-07-28,,,,,,,,,,,1895,127,215,394,306,325,333,135,41,19
2021-07-29,,,,,,,,,,,1673,124,186,399,240,295,264,115,36,14
2021-07-30,,,,,,,,,,,1710,101,182,352,271,309,306,120,49,20
2021-07-31,,,,,,,,,,,1538,96,178,349,241,264,239,132,28,11
2021-08-01,,,,,,,,,,,1442,95,174,312,213,238,245,115,36,14
2021-08-02,,,,,,,,,,,1218,85,156,255,180,219,195,78,32,18
2021-08-03,,,,,,,,,,,1200,98,137,235,185,198,205,101,31,10
2021-08-04,,,,,,,,,,,1725,97,189,400,282,280,300,127,39,11
2021-08-05,,,,,,,,,,,1775,96,204,421,262,290,293,147,46,16
2021-08-06,,,,,,,,,,,1704,128,194,362,276,255,285,149,51,4
2021-08-07,,,,,,,,,,,1823,123,170,395,271,277,315,166,55,51
2021-08-08,,,,,,,,,,,1727,117,170,382,304,249,281,158,48,18
2021-08-09,,,,,,,,,,,1491,102,163,346,238,215,242,128,36,21
2021-08-10,,,,,,,,,,,1537,102,196,332,239,258,234,124,31,21
2021-08-11,,,,,,,,,,,2221,126,212,560,383,342,356,166,54,22
2021-08-12,,,,,,,,,,,1987,122,225,492,331,279,319,144,52,23
2021-08-13,,,,,,,,,,,1989,121,212,468,320,299,305,178,48,38
2021-08-14,,,,,,,,,,,1928,102,207,468,339,276,319,149,46,22
2021-08-15,,,,,,,,,,,1816,117,206,433,276,276,309,135,37,27
2021-08-16,,,,,,,,,,,1554,102,182,364,259,221,230,120,44,32
2021-08-17,,,,,,,,,,,1372,102,132,319,240,226,220,86,38,9
2021-08-18,,,,,,,,,,,1803,117,200,429,283,296,269,160,27,22
2021-08-19,,,,,,,,,,,2152,139,203,515,393,349,307,168,59,19
2021-08-20,,,,,,,,,,,2049,155,184,454,359,336,321,151,61,28
2021-08-21,,,,,,,,,,,1876,107,188,408,332,296,271,184,64,26
2021-08-22,,,,,,,,,,,1626,102,153,375,298,264,244,132,42,16
2021-08-23,,,,,,,,,,,1417,81,144,320,234,264,221,110,32,11
2021-08-24,,,,,,,,,,,1507,116,145,347,271,261,202,114,40,11
2021-08-25,,,,,,,,,,,2154,140,224,511,357,355,294,190,61,22
2021-08-26,,,,,,,,,,,1882,119,177,439,339,301,278,150,66,13
2021-08-27,,,,,,,,,,,1837,126,173,427,336,289,269,159,40,18
2021-08-28,,,,,,,,,,,1791,114,194,434,309,259,263,146,47,25
2021-08-29,,,,,,,,,,,1619,96,144,395,296,236,228,164,41,19
2021-08-30,,,,,,,,,,,1485,102,121,327,303,228,212,130,33,29
2021-08-31,,,,,,,,,,,1369,75,162,312,217,222,206,135,27,13
2021-09-01,,,,,,,,,,,2024,128,192,444,366,335,297,194,56,12
2021-09-02,,,,,,,,,,,1959,154,176,472,363,304,271,156,45,18
2021-09-03,,,,,,,,,,,1708,94,153,379,321,312,238,151,41,19
2021-09-04,,,,,,,,,,,1803,113,184,414,336,306,237,146,53,14
2021-09-05,,,,,,,,,,,1490,114,154,322,264,264,179,132,45,16
2021-09-06,,,,,,,,,,,1375,107,147,275,244,243,206,108,32,13
2021-09-07,,,,,,,,,,,1597,111,173,348,275,299,226,123,31,11
2021-09-08,,,,,,,,,,,2048,110,219,455,399,380,273,147,47,18
2021-09-09,,,,,,,,,,,2049,138,233,439,356,367,276,181,45,14
2021-09-10,,,,,,,,,,,1892,111,195,427,349,318,253,148,49,42
2021-09-11,,,,,,,,,,,1864,145,191,416,353,307,227,140,68,17
2021-09-12,,,,,,,,,,,1755,129,219,369,352,290,178,141,46,31
2021-09-13,,,,,,,,,,,1433,106,135,295,271,257,177,134,36,22
2021-09-14,,,,,,,,,,,1495,104,148,348,284,253,195,103,38,22
2021-09-15,,,,,,,,,,,2077,121,209,435,460,374,235,147,60,36
2021-09-16,,,,,,,,,,,1942,144,210,405,405,344,193,155,55,31
2021-09-17,,,,,,,,,,,2008,144,214,447,369,345,227,186,60,16
2021-09-18,,,,,,,,,,,2087,146,217,405,390,372,270,179,73,35
2021-09-19,,,,,,,,,,,1909,124,173,402,327,366,240,183,68,26
2021-09-20,,,,,,,,,,,1603,99,156,329,295,298,191,139,63,33
2021-09-21,,,,,,,,,,,1729,110,160,358,305,325,214,160,69,28
2021-09-22,,,,,,,,,,,1720,103,172,336,305,319,201,174,91,19
2021-09-23,,,,,,,,,,,1715,99,141,401,317,306,199,159,68,25
2021-09-24,,,,,,,,,,,2429,119,222,547,445,447,322,211,81,35
2021-09-25,,,,,,,,,,,3268,205,299,809,658,510,339,268,120,60
2021-09-26,,,,,,,,,,,2768,168,250,732,536,408,302,223,89,60
2021-09-27,,,,,,,,,,,2381,166,221,625,450,363,246,173,83,54
2021-09-28,,,,,,,,,,,2287,152,240,568,430,344,222,183,95,53
2021-09-29,,,,,,,,,,,2881,145,286,747,556,442,307,219,123,56
2021-09-30,,,,,,,,,,,2561,165,275,611,486,359,282,220,93,70
2021-10-01,,,,,,,,,,,2483,160,289,590,442,363,278,216,87,58
2021-10-02,,,,,,,,,,,2247,166,242,518,398,374,220,191,101,37
2021-10-03,,,,,,,,,,,2084,128,220,474,393,333,223,177,83,53
2021-10-04,,,,,,,,,,,1670,112,187,384,275,275,189,158,57,33
2021-10-05,,,,,,,,,,,1574,84,182,302,309,262,178,141,68,48
2021-10-06,,,,,,,,,,,2027,115,223,426,392,328,250,176,77,40
2021-10-07,,,,,,,,,,,2425,192,266,448,434,389,281,259,105,51
2021-10-08,,,,,,,,,,,2171,168,228,444,382,302,254,240,94,59
2021-10-09,,,,,,,,,,,1953,140,227,347,318,334,218,242,81,46
2021-10-10,,,,,,,,,,,1594,131,162,324,302,237,187,147,70,34
2021-10-11,,,,,,,,,,,1297,90,161,242,224,211,151,122,64,32
2021-10-12,,,,,,,,,,,1346,104,188,239,251,223,140,121,43,37
2021-10-13,,,,,,,,,,,1582,120,198,289,271,256,176,159,77,36
2021-10-14,,,,,,,,,,,1938,155,246,292,335,280,203,228,128,71
2021-10-15,,,,,,,,,,,1683,159,203,276,288,243,175,204,85,50
2021-10-16,,,,,,,,,,,1616,125,185,254,273,243,203,181,77,75
2021-10-17,,,,,,,,,,,1420,102,158,236,234,197,158,190,96,49
2021-10-18,,,,,,,,,,,1049,100,109,154,173,163,141,112,59,38
2021-10-19,,,,,,,,,,,1073,88,166,147,169,159,125,126,50,43
2021-10-20,,,,,,,,,,,1571,108,250,226,266,244,145,194,76,62
2021-10-21,,,,,,,,,,,1441,127,201,206,257,196,162,172,75,45
2021-10-22,,,,,,,,,,,1437,116,209,194,252,215,141,184,74,52
2021-10-23,,,,,,,,,,,1508,136,222,205,253,194,149,191,84,74
2021-10-24,,,,,,,,,,,1422,118,226,197,226,216,133,193,73,40
2021-10-25,,,,,,,,,,,1190,103,201,126,180,170,134,158,74,44
2021-10-26,,,,,,,,,,,1265,110,208,167,204,171,114,156,71,64
2021-10-27,,,,,,,,,,,1952,169,335,249,295,273,177,266,123,65
2021-10-28,,,,,,,,,,,2110,220,325,244,311,276,224,279,132,99
2021-10-29,,,,,,,,,,,2122,207,301,297,319,259,221,282,149,87
2021-10-30,,,,,,,,,,,2102,195,271,213,295,275,246,321,170,116
2021-10-31,,,,,,,,,,,2061,159,266,256,288,275,226,333,145,113
2021-11-01,,,,,,,,,,,1684,153,226,159,237,198,193,269,127,122
2021-11-02,,,,,,,,,,,1589,149,243,163,194,203,166,252,120,99
2021-11-03,,,,,,,,,,,2665,230,432,250,390,290,314,429,179,151
2021-11-04,,,,,,,,,,,2482,235,321,253,355,290,297,397,201,133
2021-11-05,,,,,,,,,,,2342,207,334,211,326,298,264,360,203,139
2021-11-06,,,,,,,,,,,2246,210,294,243,321,285,232,357,189,115
2021-11-07,,,,,,,,,,,2224,201,268,216,294,268,263,393,175,146
2021-11-08,,,,,,,,,,,1758,153,240,169,221,234,199,314,133,95
2021-11-09,,,,,,,,,,,1715,201,244,145,224,179,226,277,132,87
2021-11-10,,,,,,,,,,,2424,175,313,249,309,294,302,457,219,106
2021-11-11,,,,,,,,,,,2519,231,325,250,339,304,268,440,224,138
2021-11-12,,,,,,,,,,,2368,214,294,211,307,285,278,411,220,148
2021-11-13,,,,,,,,,,,2324,180,211,209,307,249,309,492,232,135
2021-11-14,,,,,,,,,,,2417,199,246,209,257,273,333,476,262,162
2021-11-15,,,,,,,,,,,2003,185,223,137,203,255,268,388,203,141
2021-11-16,,,,,,,,,,,2124,210,252,166,249,271,290,332,199,155
2021-11-17,,,,,,,,,,,3184,254,405,277,371,363,390,625,331,168
2021-11-18,,,,,,,,,,,3292,231,398,294,384,383,410,629,357,206
2021-11-19,,,,,,,,,,,3033,220,334,280,349,347,395,616,319,173
2021-11-20,,,,,,,,,,,3203,278,379,256,347,411,422,597,331,182
2021-11-21,,,,,,,,,,,3119,307,292,262,372,348,405,619,306,208
2021-11-22,,,,,,,,,,,2826,263,328,270,362,318,348,526,270,141
2021-11-23,,,,,,,,,,,2697,289,286,237,341,326,339,520,236,123
2021-11-24,,,,,,,,,,,4115,299,390,363,530,487,565,873,409,199
2021-11-25,,,,,,,,,,,3937,293,407,350,504,470,538,831,353,191
2021-11-26,,,,,,,,,,,3895,318,391,373,458,466,542,767,364,216
2021-11-27,,,,,,,,,,,4067,340,441,375,449,510,538,809,406,199
2021-11-28,,,,,,,,,,,3925,348,393,336,451,417,461,778,438,303
2021-11-29,,,,,,,,,,,3307,335,307,286,370,359,417,663,366,204
2021-11-30,,,,,,,,,,,3032,307,309,252,394,351,369,620,258,172
2021-12-01,,,,,,,,,,,5120,415,522,467,604,583,722,980,524,303
2021-12-02,,,,,,,,,,,5262,425,553,520,625,600,676,1035,536,292
2021-12-03,,,,,,,,,,,4943,452,547,449,561,587,651,957,501,238
2021-12-04,,,,,,,,,,,5352,502,588,453,645,623,673,1061,535,272
2021-12-05,,,,,,,,,,,5124,483,556,444,582,580,655,1055,515,254
2021-12-06,,,,,,,,,,,4324,485,482,359,446,483,524,883,408,254
2021-12-07,,,,,,,,,,,4952,548,549,430,597,632,647,940,418,191
2021-12-08,,,,,,,,,,,7173,664,728,600,858,940,935,1505,665,278
2021-12-09,,,,,,,,,,,7101,683,728,682,884,899,905,1404,635,281
2021-12-10,,,,,,,,,,,7020,725,758,632,811,888,916,1403,615,272
2021-12-11,,,,,,,,,,,6972,730,708,604,850,861,929,1426,585,279
2021-12-12,,,,,,,,,,,6683,628,661,591,802,846,903,1375,596,281
2021-12-13,,,,,,,,,,,5816,614,546,513,674,782,794,1187,498,208
2021-12-14,,,,,,,,,,,5565,647,585,532,637,747,756,1035,425,201
2021-12-15,,,,,,,,,,,7848,852,744,762,984,1030,1091,1495,611,279
2021-12-16,,,,,,,,,,,7618,785,738,770,989,1045,1054,1505,527,205
2021-12-17,,,,,,,,,,,7434,889,703,764,947,1003,1003,1350,578,197
2021-12-18,,,,,,,,,,,7310,893,721,772,900,992,924,1400,525,183
2021-12-19,,,,,,,,,,,6232,785,631,647,782,855,840,1102,421,169
2021-12-20,,,,,,,,,,,5315,732,546,525,694,711,700,929,330,148
2021-12-21,,,,,,,,,,,5194,699,567,495,685,756,716,873,290,113
2021-12-22,,,,,,,,,,,7454,878,804,788,1044,1033,1006,1265,438,198
2021-12-23,,,,,,,,,,,6914,828,752,709,941,993,924,1161,403,203
2021-12-24,,,,,,,,,,,6233,761,721,679,856,898,800,1012,349,157
2021-12-25,,,,,,,,,,,5838,760,660,674,765,812,826,882,322,137
2021-12-26,,,,,,,,,,,5415,717,623,561,732,772,732,847,278,153
2021-12-27,,,,,,,,,,,4204,640,485,452,597,619,546,586,193,86
2021-12-28,,,,,,,,,,,3864,589,461,423,553,591,480,526,159,82
2021-12-29,,,,,,,,,,,5405,615,645,647,807,802,718,755,263,153
2021-12-30,,,,,,,,,,,5034,681,560,662,710,738,684,654,234,111
2021-12-31,,,,,,,,,,,4872,687,613,584,698,725,625,623,209,108
2022-01-01,,,,,,,,,,,4414,678,472,505,648,664,593,563,186,105
2022-01-02,,,,,,,,,,,3830,520,465,480,581,595,497,458,156,78
2022-01-03,,,,,,,,,,,3124,488,388,388,475,492,362,347,123,61
2022-01-04,,,,,,,,,,,3020,415,356,422,474,458,393,339,98,65
2022-01-05,,,,,,,,,,,4441,522,554,578,754,756,560,439,169,109
2022-01-06,,,,,,,,,,,4120,555,505,612,630,686,506,407,130,89
2022-01-07,,,,,,,,,,,3711,443,454,571,610,604,481,352,111,85
2022-01-08,,,,,,,,,,,3503,408,408,569,554,524,493,366,132,49
2022-01-09,,,,,,,,,,,3369,423,455,528,526,522,416,323,110,66
2022-01-10,,,,,,,,,,,3004,396,404,478,457,474,370,262,93,70
2022-01-11,,,,,,,,,,,3094,425,460,502,483,513,330,256,83,42
2022-01-12,,,,,,,,,,,4382,452,553,851,764,760,496,294,126,86
2022-01-13,,,,,,,,,,,4160,476,562,759,707,699,477,291,101,88
2022-01-14,,,,,,,,,,,4537,454,666,1070,768,699,394,291,102,93
2022-01-15,,,,,,,,,,,4418,510,633,951,742,629,455,289,113,96
2022-01-16,,,,,,,,,,,4186,557,606,819,637,635,467,260,108,97
2022-01-17,,,,,,,,,,,3853,582,582,644,574,600,438,224,85,124
2022-01-18,,,,,,,,,,,4067,574,656,749,625,612,454,244,95,58
2022-01-19,,,,,,,,,,,5804,753,938,1113,925,985,585,307,106,92
2022-01-20,,,,,,,,,,,6599,735,1106,1433,991,1034,670,345,149,136
2022-01-21,,,,,,,,,,,6763,703,1170,1532,1095,1023,652,343,150,95
2022-01-22,,,,,,,,,,,6999,765,1247,1559,1082,1050,700,362,125,109
2022-01-23,,,,,,,,,,,7624,909,1365,1590,1130,1131,750,432,135,182
2022-01-24,,,,,,,,,,,7510,954,1326,1461,1109,1211,805,392,147,105
2022-01-25,,,,,,,,,,,8568,1167,1572,1708,1333,1357,821,383,135,92
2022-01-26,,,,,,,,,,,13002,1516,2422,2733,2044,2093,1199,607,211,177
2022-01-27,,,,,,,,,,,14514,1653,2809,3283,2081,2227,1335,653,241,232
2022-01-28,,,,,,,,,,,16089,1678,2938,3859,2326,2489,1511,787,280,221
2022-01-29,,,,,,,,,,,17505,1916,3229,4021,2568,2658,1733,844,300,236
2022-01-30,,,,,,,,,,,17520,1930,3233,3825,2613,2702,1737,929,335,216
2022-01-31,,,,,,,,,,,17071,1998,3253,3516,2571,2662,1670,889,309,203
2022-02-01,,,,,,,,,,,18332,2314,3472,3728,2592,2919,1848,945,304,210
2022-02-02,,,,,,,,,,,20267,2416,3675,4052,2947,3315,2137,1069,394,262
2022-02-03,,,,,,,,,,,22836,2701,3909,4684,3500,3828,2388,1173,392,261
2022-02-04,,,,,,,,,,,27432,2887,4370,5918,4158,4610,2972,1558,579,380
2022-02-05,,,,,,,,,,,36323,3749,5430,7762,5513,5790,3853,2539,1036,651
2022-02-06,,,,,,,,,,,38683,4007,5876,7871,5676,6161,4317,2814,1285,676
2022-02-07,,,,,,,,,,,35268,3540,5235,7241,5196,5637,4103,2478,1128,710
2022-02-08,,,,,,,,,,,36708,3765,5479,7633,5339,5884,4346,2544,1049,669
2022-02-09,,,,,,,,,,,49539,4947,7506,10707,7276,7574,5600,3428,1458,1043
2022-02-10,,,,,,,,,,,54116,5703,8546,11856,7902,8089,6014,3462,1548,996
2022-02-11,,,,,,,,,,,53886,5627,8371,11800,8167,8109,5720,3586,1392,1114
2022-02-12,,,,,,,,,,,54931,6028,8885,11681,8019,8184,5805,3752,1472,1105
2022-02-13,,,,,,,,,,,56397,6591,9262,11432,7964,8435,5870,3886,1640,1317
2022-02-14,,,,,,,,,,,54554,6896,9189,10106,7772,8526,5918,3706,1456,985
2022-02-15,,,,,,,,,,,57163,8053,9500,9953,8506,8993,6183,3706,1326,943
2022-02-16,,,,,,,,,,,90433,12582,14164,15553,13563,14528,9759,6204,2418,1662
2022-02-17,,,,,,,,,,,93119,13188,14796,15720,14165,15195,9883,6137,2335,1700
2022-02-18,,,,,,,,,,,109803,14126,16628,19329,17407,18254,11791,7616,2768,1884
2022-02-19,,,,,,,,,,,102192,13017,15425,17789,15459,16459,11306,7767,2896,2074
2022-02-20,,,,,,,,,,,104815,14398,15557,17316,15431,16613,11740,8372,3234,2154
2022-02-21,,,,,,,,,,,95350,13542,13795,14678,14041,15606,11221,7794,2899,1774
2022-02-22,,,,,,,,,,,99556,15340,14037,14952,15600,16712,11095,7322,2660,1838
2022-02-23,,,,,,,,,,,171430,24777,21979,26965,27268,28649,19726,13628,5107,3331
2022-02-24,,,,,,,,,,,169995,24425,22988,26025,27117,28040,18999,13589,5234,3578
2022-02-25,,,,,,,,,,,165879,21735,22041,26529,26664,27584,18507,13923,5283,3613
2022-02-26,,,,,,,,,,,166189,20951,21319,26589,25740,27097,19887,14839,5913,3854
2022-02-27,,,,,,,,,,,163550,21285,20556,25630,24902,25932,19803,15261,6280,3901
2022-02-28,,,,,,,,,,,139620,19110,17802,20803,21063,23054,16782,12899,4972,3135
2022-03-01,,,,,,,,,,,138980,19801,17718,20772,22029,22730,16257,12120,4536,3017
2022-03-02,,,,,,,,,,,219214,26788,27962,34286,34422,35740,27018,19899,8033,5066
2022-03-03,,,,,,,,,,,198794,26414,26132,29791,31577,32916,22753,17520,6807,4884
2022-03-04,,,,,,,,,,,266839,32160,34415,43641,42779,42524,31384,23930,9819,6187
2022-03-05,,,,,,,,,,,254316,30725,37557,40021,37683,39470,29471,23520,9652,6217
2022-03-06,,,,,,,,,,,243611,26553,32829,39233,35459,37152,29927,24740,10694,7024
2022-03-07,,,,,,,,,,,210693,24569,29361,32282,29740,32465,26399,21418,9046,5413
2022-03-08,,,,,,,,,,,202694,27950,30897,30749,29362,31486,23529,17572,6861,4288
2022-03-09,,,,,,,,,,,342420,44590,51184,51890,48873,51068,40874,31471,13911,8559
2022-03-10,,,,,,,,,,,327515,42433,46126,47893,48077,49314,38224,31714,14303,9431
2022-03-11,,,,,,,,,,,282966,35613,39961,43199,43565,45025,32744,25549,10625,6685
2022-03-12,,,,,,,,,,,383634,45427,54057,61539,56024,57290,45638,36590,16676,10393
2022-03-13,,,,,,,,,,,350150,43576,47941,52695,49047,51382,41620,36821,16930,10138
2022-03-14,,,,,,,,,,,309764,37373,42563,44617,44402,47570,38004,32505,14415,8315
2022-03-15,,,,,,,,,,,362249,50224,51359,53119,54147,56919,42307,32936,13839,7399
2022-03-16,,,,,,,,,,,400524,52601,56639,57823,57471,59586,48502,40112,17960,9830
2022-03-17,,,,,,,,,,,621130,77052,80312,89381,91743,93420,75500,64208,30510,19004
2022-03-18,,,,,,,,,,,406824,49681,52782,57520,59721,61735,50285,42859,20504,11737
2022-03-19,,,,,,,,,,,381364,48664,50584,51847,53054,55918,47323,42035,20120,11819
2022-03-20,,,,,,,,,,,334588,44267,43386,41938,45605,49148,42387,38302,18926,10629
2022-03-21,,,,,,,,,,,209114,31349,27664,25811,31109,32306,24545,21344,9472,5514
2022-03-22,,,,,,,,,,,353877,55475,50875,42725,53106,55509,40785,32691,14970,7741
2022-03-23,,,,,,,,,,,490753,67384,67090,60547,71689,74468,58786,49729,24730,16330
2022-03-24,,,,,,,,,,,395517,49848,51716,51678,60613,63302,47194,40013,19333,11820
2022-03-25,,,,,,,,,,,339451,40729,44110,44836,50889,53585,41589,35604,17481,10628
2022-03-26,,,,,,,,,,,335511,41738,45008,42727,46876,50529,41746,36913,18296,11678
2022-03-27,,,,,,,,,,,318052,39804,40523,38133,43590,48445,41226,37035,18362,10934
2022-03-28,,,,,,,,,,,187166,27429,25054,22557,27717,29504,21831,19113,8911,5050
2022-03-29,,,,,,,,,,,347467,49345,49989,43014,51909,55324,41479,31990,16091,8326
2022-03-30,,,,,,,,,,,424555,52701,56478,52466,62290,65483,52362,44118,23089,15568
2022-03-31,,,,,,,,,,,320681,37131,40515,42045,48730,51859,39683,33635,17017,10066
2022-04-01,,,,,,,,,,,280235,31555,35645,37144,41234,44523,35210,30407,15452,9065
2022-04-02,,,,,,,,,,,264144,29230,32642,34368,36581,40648,34623,30462,15647,9943
2022-04-03,,,,,,,,,,,234249,27090,27980,28360,32197,36461,31300,28014,14370,8477
2022-04-04,,,,,,,,,,,127162,17967,15796,15820,19379,20171,14912,13086,6371,3660
2022-04-05,,,,,,,,,,,266092,34384,35461,34004,39803,42731,33395,26064,13153,7097
2022-04-06,,,,,,,,,,,286256,31419,35989,38412,41543,43598,36705,30806,16432,11352
2022-04-07,,,,,,,,,,,224783,22954,26774,31970,34221,35452,29180,23972,12667,7593
2022-04-08,,,,,,,,,,,205308,21192,24769,28125,29737,32493,26848,22907,12103,7134
2022-04-09,,,,,,,,,,,185532,19652,22081,24467,25210,27641,24502,22372,12001,7606
2022-04-10,,,,,,,,,,,164451,17467,18725,20586,22344,25061,22735,20302,10852,6379
2022-04-11,,,,,,,,,,,90908,12180,10720,11817,13710,14357,11130,9329,4748,2917
2022-04-12,,,,,,,,,,,210722,23250,26401,28623,31825,33518,28131,21664,11376,5934
2022-04-13,,,,,,,,,,,195385,19583,22957,27269,28694,29331,25642,21545,11748,8616
2022-04-14,,,,,,,,,,,148421,14512,16813,21295,22369,22926,19638,16629,8848,5391
2022-04-15,,,,,,,,,,,125821,12134,13893,17582,18239,19370,17208,14870,7885,4640
2022-04-16,,,,,,,,,,,107891,10489,11187,14365,14762,16118,15095,13636,7543,4696
2022-04-17,,,,,,,,,,,92970,9728,9166,11190,12760,13960,13039,12155,6681,4291
2022-04-18,,,,,,,,,,,47724,6737,5292,6120,7558,7535,5734,4781,2401,1566
2022-04-19,,,,,,,,,,,118471,13040,13607,15415,17508,18776,16207,12935,7263,3720
2022-04-20,,,,,,,,,,,111290,11051,11787,15356,16214,16620,14973,13108,7438,4743
2022-04-21,,,,,,,,,,,90846,8615,9294,13048,13699,13931,12317,10646,5875,3421
2022-04-22,,,,,,,,,,,81041,7665,8109,11295,11832,12270,11325,9923,5499,3123
2022-04-23,,,,,,,,,,,75420,7295,7332,10106,10416,10884,10553,9920,5407,3507
2022-04-24,,,,,,,,,,,64692,6201,6020,8354,9064,9699,9330,8576,4711,2737
2022-04-25,,,,,,,,,,,34361,4405,3611,4641,5542,5335,4215,3585,1843,1184
2022-04-26,,,,,,,,,,,80338,8256,8317,11041,12224,12702,11122,8961,5002,2713
2022-04-27,,,,,,,,,,,76761,7064,7161,10965,11327,11362,10625,9404,5268,3585
2022-04-28,,,,,,,,,,,57452,5181,5416,8776,8728,8824,7787,6817,3707,2216
2022-04-29,,,,,,,,,,,50554,4522,4749,7675,7358,7493,7158,6194,3438,1967
2022-04-30,,,,,,,,,,,43273,3737,4122,6243,5955,6147,6201,5712,3238,1918
2022-05-01,,,,,,,,,,,37757,3525,3753,5240,5150,5501,5264,5025,2804,1495
2022-05-02,,,,,,,,,,,20072,2506,2261,2835,3084,3186,2450,2009,1066,675
2022-05-03,,,,,,,,,,,51115,4652,6080,7475,7538,7755,7066,5718,3158,1673
2022-05-04,,,,,,,,,,,49050,4115,5394,7577,7066,7084,6636,5769,3278,2131
2022-05-05,,,,,,,,,,,42286,3651,4664,6767,6002,6283,5610,4833,2783,1693
2022-05-06,,,,,,,,,,,26699,2529,3119,4320,3818,3803,3527,3108,1516,959
2022-05-07,,,,,,,,,,,39590,3256,4426,6241,5376,5851,5577,4700,2722,1441
2022-05-08,,,,,,,,,,,40046,3237,4632,5976,5365,5828,5525,4966,2797,1720
2022-05-09,,,,,,,,,,,20585,2313,2794,3229,3159,3175,2448,1798,1031,638
2022-05-10,,,,,,,,,,,49919,4315,7058,8285,7276,7786,6466,4678,2602,1453
2022-05-11,,,,,,,,,,,43908,3583,5807,7777,5990,6374,5615,4450,2553,1759
2022-05-12,,,,,,,,,,,35894,2905,4778,6593,5199,5110,4541,3596,1952,1220
2022-05-13,,,,,,,,,,,32437,2612,4119,5722,4404,4588,4451,3554,1865,1122
2022-05-14,,,,,,,,,,,29576,2446,3664,5008,3962,4144,3950,3316,1893,1193
2022-05-15,,,,,,,,,,,25423,2161,3011,3980,3336,3619,3665,3039,1637,975
2022-05-16,,,,,,,,,,,13289,1405,1695,2271,1957,2043,1644,1211,660,403
2022-05-17,,,,,,,,,,,35104,2929,4840,6272,5119,5411,4647,3271,1686,929
2022-05-18,,,,,,,,,,,31338,2534,4071,5688,4516,4441,3986,3256,1691,1155
2022-05-19,,,,,,,,,,,28122,2336,3740,5315,4034,4166,3619,2685,1350,877
2022-05-20,,,,,,,,,,,25119,1995,3217,4881,3565,3554,3435,2443,1256,773
2022-05-21,,,,,,,,,,,23455,1904,2811,4374,3116,3339,3225,2598,1343,745
2022-05-22,,,,,,,,,,,19287,1611,2360,3266,2634,2825,2731,2142,1091,627
2022-05-23,,,,,,,,,,,9971,1075,1409,1818,1441,1530,1157,861,408,272
2022-05-24,,,,,,,,,,,26338,2197,3836,4806,3936,4016,3497,2330,1137,583
2022-05-25,,,,,,,,,,,23945,1830,3328,4831,3392,3347,3037,2254,1213,713
2022-05-26,,,,,,,,,,,18805,1531,2582,3911,2814,2608,2392,1658,834,475
2022-05-27,,,,,,,,,,,16575,1388,2143,3315,2399,2368,2200,1573,750,439
2022-05-28,,,,,,,,,,,14393,1210,1837,2833,2055,1966,1879,1482,695,436
2022-05-29,,,,,,,,,,,12646,1106,1604,2343,1718,1853,1724,1314,610,374
2022-05-30,,,,,,,,,,,6133,692,784,1201,943,933,691,518,212,159
2022-05-31,,,,,,,,,,,17182,1427,2438,3598,2523,2531,2192,1410,679,384
2022-06-01,,,,,,,,,,,15787,1174,2091,3919,2204,2129,1826,1383,664,397
2022-06-02,,,,,,,,,,,9886,879,1318,2213,1465,1371,1203,844,350,243
2022-06-03,,,,,,,,,,,12534,941,1630,2746,1921,1822,1594,1112,496,272
2022-06-04,,,,,,,,,,,12036,995,1619,2672,1726,1578,1582,1102,494,268
2022-06-05,,,,,,,,,,,9828,762,1257,2104,1390,1432,1294,933,431,225
2022-06-06,,,,,,,,,,,5015,482,647,1104,734,743,592,430,179,104
2022-06-07,,,,,,,,,,,6171,578,809,1329,979,955,745,479,186,111
2022-06-08,,,,,,,,,,,13353,962,1811,2962,2042,1955,1770,1088,500,263
2022-06-09,,,,,,,,,,,12149,912,1535,2994,1742,1665,1473,1043,454,331
2022-06-10,,,,,,,,,,,9307,744,1172,2097,1373,1285,1173,826,398,239
2022-06-11,,,,,,,,,,,8435,648,1018,1856,1241,1160,1085,828,401,198
2022-06-12,,,,,,,,,,,7376,638,930,1460,1039,1047,999,745,356,162
2022-06-13,,,,,,,,,,,3817,414,512,733,587,544,447,339,164,77
2022-06-14,,,,,,,,,,,9768,867,1298,1995,1518,1494,1273,768,364,191
2022-06-15,,,,,,,,,,,9426,728,1139,2060,1459,1349,1208,847,403,233
2022-06-16,,,,,,,,,,,7979,672,924,1720,1296,1173,972,713,352,157
2022-06-17,,,,,,,,,,,7191,569,884,1524,1145,1010,927,666,315,151
2022-06-18,,,,,,,,,,,6821,549,834,1371,1004,976,919,676,315,177
2022-06-19,,,,,,,,,,,6063,496,744,1103,878,891,888,645,277,141
2022-06-20,,,,,,,,,,,3531,374,472,621,572,563,412,314,128,75
2022-06-21,,,,,,,,,,,9299,736,1166,1823,1498,1480,1256,803,368,169
2022-06-22,,,,,,,,,,,8974,736,1055,1817,1461,1401,1159,796,360,189
2022-06-23,,,,,,,,,,,7492,600,930,1542,1258,1113,937,640,304,168
2022-06-24,,,,,,,,,,,7218,547,818,1446,1212,1088,966,722,300,119
2022-06-25,,,,,,,,,,,6779,551,854,1305,1029,998,903,685,303,151
2022-06-26,,,,,,,,,,,6236,511,772,1118,959,968,826,692,267,123
2022-06-27,,,,,,,,,,,3419,306,423,647,606,539,448,288,113,49
2022-06-28,,,,,,,,,,,9889,802,1242,2054,1656,1568,1264,794,338,171
2022-06-29,,,,,,,,,,,10447,767,1157,2363,1807,1589,1330,892,353,189
2022-06-30,,,,,,,,,,,9590,703,1163,2353,1601,1396,1132,818,316,108
2022-07-01,,,,,,,,,,,9514,714,1174,2295,1555,1310,1195,767,350,154
2022-07-02,,,,,,,,,,,10708,853,1391,2469,1732,1523,1322,864,374,180
2022-07-03,,,,,,,,,,,10037,857,1305,2037,1536,1490,1379,927,322,184
2022-07-04,,,,,,,,,,,6241,687,899,1229,1042,916,699,465,170,134
2022-07-05,,,,,,,,,,,18125,1520,2506,3779,3008,2967,2342,1256,530,217
2022-07-06,,,,,,,,,,,19352,1564,2601,4232,3199,2938,2392,1482,587,357
2022-07-07,,,,,,,,,,,18494,1476,2486,4100,3004,2825,2315,1355,601,332
2022-07-08,,,,,,,,,,,19294,1632,2755,3992,3035,2909,2411,1566,655,339
2022-07-09,,,,,,,,,,,20259,1755,3149,4066,2890,2982,2683,1689,692,353
2022-07-10,,,,,,,,,,,20383,1769,3123,3719,3010,3035,2648,1890,802,387
2022-07-11,,,,,,,,,,,12671,1442,2085,2238,2035,2026,1424,883,356,182
2022-07-12,,,,,,,,,,,37332,3256,6228,6710,5970,5978,4714,2765,1188,523
2022-07-13,,,,,,,,,,,40240,3402,6330,8180,6637,5848,4806,3048,1329,660
2022-07-14,,,,,,,,,,,39154,3283,6089,8206,6080,5864,4657,2932,1390,653
2022-07-15,,,,,,,,,,,38856,3370,6496,7519,5886,5599,4702,3161,1460,663
2022-07-16,,,,,,,,,,,41290,3774,7093,7529,5846,5932,5088,3553,1682,793
2022-07-17,,,,,,,,,,,40312,3869,6654,6741,5723,6059,5200,3560,1698,808
2022-07-18,,,,,,,,,,,26273,3421,5198,4232,3840,3877,2675,1806,758,466
2022-07-19,,,,,,,,,,,73536,6791,13645,12372,11242,11400,8928,5463,2580,1115
2022-07-20,,,,,,,,,,,76350,6732,12174,14369,11847,11428,9022,6302,2949,1527
2022-07-21,,,,,,,,,,,71128,6017,10223,14774,11148,10706,8375,5856,2766,1263
2022-07-22,,,,,,,,,,,68587,6104,10179,13490,10068,9903,8320,6202,2948,1373
2022-07-23,,,,,,,,,,,68523,6045,10489,12108,9670,9837,8920,6601,3199,1654
2022-07-24,,,,,,,,,,,65364,6003,10043,10530,9111,9702,8676,6381,3289,1629
2022-07-25,,,,,,,,,,,35848,4232,5553,5589,5520,5610,4200,2978,1418,748
2022-07-26,,,,,,,,,,,99211,8871,12623,16898,15803,16318,13498,8698,4420,2082
2022-07-27,,,,,,,,,,,100222,8329,11654,18875,15864,15424,12990,9546,4891,2649
2022-07-28,,,,,,,,,,,88335,7479,10354,17013,13911,13634,11500,8423,4013,2008
2022-07-29,,,,,,,,,,,85271,7054,9783,15448,12795,12816,11780,8854,4480,2261
2022-07-30,,,,,,,,,,,81931,6986,8855,14452,12028,12250,11426,8980,4569,2385
2022-07-31,,,,,,,,,,,73552,6032,7593,11636,10680,11604,10787,8494,4497,2229
2022-08-01,,,,,,,,,,,44635,5008,5157,7169,6967,6971,5620,4487,2109,1147
2022-08-02,,,,,,,,,,,111743,8307,10679,18714,17692,18222,16645,12122,6445,2917
2022-08-03,,,,,,,,,,,119861,8898,11930,21078,18074,18207,17316,13428,6923,4007
2022-08-04,,,,,,,,,,,107845,7786,10698,19539,16189,16350,15706,12274,6091,3212
2022-08-05,,,,,,,,,,,112825,9113,11790,19084,16569,16646,16425,12917,6637,3644
2022-08-06,,,,,,,,,,,110622,8912,11334,17925,15967,16516,16172,12991,6878,3927
2022-08-07,,,,,,,,,,,105454,8570,10606,16114,15182,15715,15954,12627,6936,3750
2022-08-08,,,,,,,,,,,55242,5509,5396,8686,8822,8733,7708,5947,2841,1600
2022-08-09,,,,,,,,,,,149848,11078,13514,24227,22976,23887,23283,17010,9312,4561
2022-08-10,,,,,,,,,,,151719,11157,14675,26085,22757,22260,21949,17646,9631,5559
2022-08-11,,,,,,,,,,,137160,10748,13804,24356,20076,19607,19648,16026,8441,4454
2022-08-12,,,,,,,,,,,128652,10335,12843,20948,18258,18461,18874,15828,8511,4594
2022-08-13,,,,,,,,,,,124536,10666,12315,18796,17058,17905,18321,16001,8697,4777
2022-08-14,,,,,,,,,,,119524,11282,11859,16199,15776,17338,17920,15762,8668,4720
2022-08-15,,,,,,,,,,,62045,7031,6498,8605,9050,9425,8492,7101,3667,2176
2022-08-16,,,,,,,,,,,84091,8229,8072,12245,13390,13608,12238,9356,4551,2402
2022-08-17,,,,,,,,,,,180745,13469,17047,27765,27399,28028,27104,21700,12073,6160
2022-08-18,,,,,,,,,,,178501,14624,18788,28328,25885,25069,24850,21661,12172,7124
2022-08-19,,,,,,,,,,,138766,11113,15023,22138,19631,19503,19386,17178,9589,5205
2022-08-20,,,,,,,,,,,129350,11248,14867,19268,17081,17716,17892,16368,9486,5424
2022-08-21,,,,,,,,,,,110903,9849,12045,14919,14469,15623,16023,15037,8362,4576
2022-08-22,,,,,,,,,,,59014,6982,7266,8053,8665,8549,7478,6577,3364,2080
2022-08-23,,,,,,,,,,,150198,13399,18398,20171,21182,22537,21232,17698,10149,5432
2022-08-24,,,,,,,,,,,139290,11915,16294,19803,19238,19615,19027,17143,10032,6223
2022-08-25,,,,,,,,,,,113343,9662,12733,16577,15914,16383,15577,14138,7921,4438
2022-08-26,,,,,,,,,,,101110,9124,12200,13877,13394,13907,14196,12940,7338,4134
2022-08-27,,,,,,,,,,,95565,8705,12154,12235,11896,12926,13070,12633,7572,4374
2022-08-28,,,,,,,,,,,85230,8086,9907,10311,10633,11999,12147,11618,6826,3703
2022-08-29,,,,,,,,,,,43110,5346,5849,5405,6290,6335,5268,4657,2432,1528
2022-08-30,,,,,,,,,,,115610,10808,15916,14052,15540,17266,16123,13441,8172,4292
2022-08-31,,,,,,,,,,,103913,8734,12577,13591,14102,15087,14206,13181,7833,4602
2022-09-01,,,,,,,,,,,81553,6076,8763,10916,11502,12423,11812,10580,5965,3516
2022-09-02,,,,,,,,,,,89552,9123,12335,11496,11369,12537,11755,11051,6240,3646
2022-09-03,,,,,,,,,,,79710,7175,10765,9570,10008,11093,10994,10478,6175,3452
2022-09-04,,,,,,,,,,,72112,6690,9126,8093,8962,10373,10102,9749,5709,3308
2022-09-05,,,,,,,,,,,37524,4565,5323,4445,5208,5571,4705,4091,2275,1341
2022-09-06,,,,,,,,,,,99813,8905,14461,11726,13347,15268,13711,11718,7155,3522
2022-09-07,,,,,,,,,,,85504,7317,10493,10635,11333,12545,11631,10945,6436,4169
2022-09-08,,,,,,,,,,,72620,6157,8814,9206,9689,10859,9676,9370,5666,3183
2022-09-09,,,,,,,,,,,69391,5833,8708,8093,8355,9653,9578,9942,5826,3403
2022-09-10,,,,,,,,,,,42694,3893,5072,4686,5179,5985,6219,6205,3349,2106
2022-09-11,,,,,,,,,,,28193,2407,3354,3367,3497,3943,3868,4007,2356,1394
2022-09-12,,,,,,,,,,,36917,3566,4619,4405,5095,5800,5010,4409,2527,1486
2022-09-13,,,,,,,,,,,57276,5320,7371,7364,8555,9418,7639,6273,3327,2009
2022-09-14,,,,,,,,,,,93949,7408,12113,12626,13093,14822,12790,10617,6759,3721
2022-09-15,,,,,,,,,,,71444,5464,8630,9946,9880,10709,9671,8544,5281,3319
2022-09-16,,,,,,,,,,,51848,3875,6060,7609,7018,7615,6955,6432,3909,2375
2022-09-17,,,,,,,,,,,43430,3439,5296,6147,5919,5861,5809,5539,3347,2073
2022-09-18,,,,,,,,,,,34735,2735,4179,4409,4352,4867,4931,4842,2752,1668
2022-09-19,,,,,,,,,,,19382,2088,2436,2701,2805,2854,2385,2161,1193,759
2022-09-20,,,,,,,,,,,47889,4035,6531,6365,6588,7110,6603,5496,3358,1803
2022-09-21,,,,,,,,,,,41264,3171,5063,5807,5593,5819,5515,5253,3053,1990
2022-09-22,,,,,,,,,,,32990,2602,3806,4787,4676,4676,4433,4177,2419,1414
2022-09-23,,,,,,,,,,,29091,2267,3525,3958,3880,4163,3924,3767,2240,1367
2022-09-24,,,,,,,,,,,29330,2362,3763,3788,3647,4137,3940,3880,2377,1436
2022-09-25,,,,,,,,,,,25766,1998,3044,3234,3348,3733,3635,3492,2092,1190
2022-09-26,,,,,,,,,,,14152,1476,1900,1816,2080,2129,1789,1507,896,559
2022-09-27,,,,,,,,,,,39401,3096,5256,5190,5538,5965,5406,4625,2814,1511
2022-09-28,,,,,,,,,,,36131,2635,4389,5105,5021,5162,4977,4568,2568,1706
2022-09-29,,,,,,,,,,,30857,2188,3490,4405,4361,4566,4273,3979,2232,1363
2022-09-30,,,,,,,,,,,28487,2185,3497,3767,3636,3962,4077,3871,2222,1270
2022-10-01,,,,,,,,,,,26946,2098,3222,3486,3518,3718,3679,3739,2154,1332
2022-10-02,,,,,,,,,,,23575,1813,2709,2837,2934,3348,3391,3342,2027,1174
2022-10-03,,,,,,,,,,,12142,1222,1527,1538,1709,1830,1591,1390,830,505
2022-10-04,,,,,,,,,,,16413,1518,2108,2176,2557,2527,2141,1847,951,588
2022-10-05,,,,,,,,,,,34725,2409,4308,4702,4962,5155,4765,4298,2718,1408
2022-10-06,,,,,,,,,,,28634,1886,3108,3899,3964,4165,4061,3788,2314,1449
2022-10-07,,,,,,,,,,,22286,1675,2443,3065,3036,3057,3162,3082,1751,1015
2022-10-08,,,,,,,,,,,19421,1302,2214,2495,2464,2683,2695,2863,1765,940
2022-10-09,,,,,,,,,,,17646,1227,1925,2217,2212,2425,2586,2547,1556,951
2022-10-10,,,,,,,,,,,8974,851,1101,1120,1305,1343,1197,1043,630,384
2022-10-11,,,,,,,,,,,15465,1225,1851,2114,2349,2432,2208,1767,943,576
2022-10-12,,,,,,,,,,,30516,2046,3787,4118,4338,4631,4279,3766,2373,1178
2022-10-13,,,,,,,,,,,26936,1853,2997,3719,3718,3924,3744,3551,2134,1296
2022-10-14,,,,,,,,,,,23572,1577,2627,3061,3337,3504,3412,3214,1779,1061
2022-10-15,,,,,,,,,,,22829,1517,2632,2947,3042,3205,3242,3171,1944,1129
2022-10-16,,,,,,,,,,,21454,1393,2418,2552,2810,2977,3278,3057,1808,1161
2022-10-17,,,,,,,,,,,11024,956,1381,1443,1690,1728,1441,1228,673,484
2022-10-18,,,,,,,,,,,33218,2165,4336,4227,4932,5149,4778,3931,2390,1310
2022-10-19,,,,,,,,,,,29492,1806,3452,3731,4025,4406,4266,3932,2367,1507
2022-10-20,,,,,,,,,,,25375,1570,2696,3244,3613,3829,3757,3478,1972,1216
2022-10-21,,,,,,,,,,,24731,1669,2779,3038,3341,3561,3623,3444,1978,1298
2022-10-22,,,,,,,,,,,26892,1676,3223,3241,3663,3906,3813,3719,2267,1384
2022-10-23,,,,,,,,,,,26234,1634,3057,2898,3497,3888,3978,3639,2265,1378
2022-10-24,,,,,,,,,,,14296,1246,1865,1814,2171,2285,1869,1539,865,642
2022-10-25,,,,,,,,,,,43738,2895,5932,5485,6470,6780,6195,5067,3230,1684
2022-10-26,,,,,,,,,,,40816,2554,4918,5165,5798,5932,5716,5299,3190,2244
2022-10-27,,,,,,,,,,,34974,2205,3969,4516,4862,5306,5044,4642,2689,1741
2022-10-28,,,,,,,,,,,35913,2221,4343,4612,4955,5227,5127,4868,2746,1814
2022-10-29,,,,,,,,,,,37310,2324,4626,4576,4846,5355,5439,5119,3036,1989
2022-10-30,,,,,,,,,,,34491,2054,4104,4132,4481,5148,4961,4770,2895,1946
2022-10-31,,,,,,,,,,,18503,1584,2525,2389,2841,2888,2327,1973,1130,846
2022-11-01,,,,,,,,,,,58360,3668,8100,7693,8592,9108,8007,6757,4147,2288
2022-11-02,,,,,,,,,,,54733,3331,6615,7468,7756,7981,7656,6808,4165,2953
2022-11-03,,,,,,,,,,,46880,2905,5131,6340,6689,7108,6758,6163,3588,2198
2022-11-04,,,,,,,,,,,43436,2772,5021,5736,5811,6163,6385,5989,3391,2168
2022-11-05,,,,,,,,,,,40893,2602,4810,5147,5347,5717,5917,5619,3381,2353
2022-11-06,,,,,,,,,,,36665,2322,4078,4388,4901,5286,5435,5150,3092,2013
2022-11-07,,,,,,,,,,,18665,1630,2269,2432,2880,2963,2439,2048,1142,862
2022-11-08,,,,,,,,,,,62259,3982,7976,8218,9199,9804,8637,7476,4500,2467
2022-11-09,,,,,,,,,,,62466,3752,7330,8616,8760,9168,8787,7952,4578,3523
2022-11-10,,,,,,,,,,,55348,3312,6024,7689,7943,8374,8000,7116,4107,2783
2022-11-11,,,,,,,,,,,54498,3339,6196,7253,7575,7887,7863,7306,4256,2823
2022-11-12,,,,,,,,,,,54309,3145,6383,6938,7221,7736,7856,7429,4467,3134
2022-11-13,,,,,,,,,,,48442,3008,5342,5830,6366,6978,7215,6903,4103,2697
2022-11-14,,,,,,,,,,,23748,1985,2907,3069,3595,3783,3135,2663,1503,1108
2022-11-15,,,,,,,,,,,72864,4627,8567,9713,10780,11538,10722,8708,5211,2998
2022-11-16,,,,,,,,,,,66567,4015,7126,8931,9451,9818,9492,8653,5247,3834
2022-11-17,,,,,,,,,,,55418,3487,5507,7437,7967,8343,8218,7461,4225,2773
2022-11-18,,,,,,,,,,,49399,3147,4631,6514,6838,7293,7182,7014,4171,2609
2022-11-19,,,,,,,,,,,50568,3224,5346,6398,6742,7173,7537,7108,4211,2829
2022-11-20,,,,,,,,,,,45998,2929,4477,5629,6176,6790,6933,6743,3791,2530
2022-11-21,26581856,2866397,3379511,3897776,3870184,4050502,3410925,2832958,1425191,848412,23077,2010,2626,3168,3634,3576,3106,2569,1369,1019
2022-11-22,,,,,,,,,,,72860,4557,8101,10196,11069,11505,10713,8649,5024,3046
2022-11-23,,,,,,,,,,,70306,4153,7379,9996,10180,10480,9902,9031,5171,4014
2022-11-24,26784142,2878606,3401132,3926393,3900284,4081195,3440391,2858466,1439467,858208,59082,3498,6139,8420,8848,8704,8843,7822,4076,2732
2022-11-25,,,,,,,,,,,53698,3403,5843,7422,7689,7770,7772,7079,3986,2734
2022-11-26,,,,,,,,,,,52788,3435,5947,6736,7262,7417,7638,7312,4156,2885
2022-11-27,,,,,,,,,,,47028,3020,5028,5954,6457,6905,7011,6488,3825,2340
2022-11-28,,,,,,,,,,,22327,1892,2705,3093,3524,3548,2861,2407,1251,1046
2022-11-29,,,,,,,,,,,71476,4684,9026,9798,10796,11221,10172,8215,4850,2714
2022-11-30,27098734,2899222,3437471,3968611,3945713,4127991,3485296,2898251,1462312,873867,67415,4188,7804,9225,9722,9957,9471,8305,4793,3950
2022-12-01,,,,,,,,,,,57069,3576,6271,8266,8471,8643,8274,7134,3893,2541
2022-12-02,,,,,,,,,,,52987,3262,6242,7347,7548,7862,7732,6764,3714,2516
2022-12-03,,,,,,,,,,,52861,3323,6318,7122,7294,7460,7750,6944,3860,2790
2022-12-04,,,,,,,,,,,46564,3042,5268,5861,6466,7011,6847,6285,3527,2257
2022-12-05,,,,,,,,,,,23160,1959,2878,3241,3673,3811,2994,2364,1253,987
2022-12-06,,,,,,,,,,,77604,4859,10094,10957,12083,12443,11057,8567,4838,2706
2022-12-07,,,,,,,,,,,74714,4500,8909,10890,11090,11093,10596,8832,4854,3950
2022-12-08,27548821,2927733,3491057,4031840,4012312,4196288,3549856,2953040,1492261,894434,65253,4013,7617,9559,9992,9990,9319,7917,4016,2830
2022-12-09,,,,,,,,,,,62734,3914,7298,8864,9051,9203,9164,8039,4332,2869
2022-12-10,,,,,,,,,,,62738,3799,7513,8299,8925,8934,9211,8231,4507,3319
2022-12-11,,,,,,,,,,,54319,3420,6114,6933,7594,8113,8074,7274,4075,2722
2022-12-12,,,,,,,,,,,25667,2188,3147,3424,4074,4159,3403,2824,1402,1046
2022-12-13,,,,,,,,,,,86852,5234,10624,11852,13916,14026,12927,9759,5397,3117
2022-12-14,,,,,,,,,,,84571,5015,9630,11749,12982,12922,12177,10277,5432,4387
2022-12-15,,,,,,,,,,,70154,4252,7699,10042,10970,10994,10397,8588,4359,2853
2022-12-16,28062679,2959564,3550472,4101927,4089874,4274894,3625248,3016642,1526217,917841,66953,4023,7403,8938,10076,10269,10056,8628,4462,3098
2022-12-17,,,,,,,,,,,66914,4020,7733,8713,9819,9880,10004,8809,4666,3270
2022-12-18,,,,,,,,,,,58838,3503,6526,7193,8509,9115,9172,8066,4160,2594
2022-12-19,,,,,,,,,,,26608,2126,3134,3505,4453,4441,3593,2914,1444,998
2022-12-20,,,,,,,,,,,87536,5181,10805,11569,14276,14506,13074,9907,5442,2776
2022-12-21,,,,,,,,,,,88160,4993,9986,12119,13754,13792,12832,10511,5812,4361
2022-12-22,,,,,,,,,,,75729,4234,8469,10475,12005,11829,11416,9410,4760,3131
2022-12-23,,,,,,,,,,,68168,4012,7679,9337,10429,10540,10242,8759,4357,2813
2022-12-24,,,,,,,,,,,66211,3892,7545,8776,9770,10012,9947,8808,4411,3050
2022-12-25,,,,,,,,,,,58448,3519,6476,7275,8500,9243,9116,7917,3831,2571
2022-12-26,,,,,,,,,,,25545,1896,2974,3399,4184,4175,3633,2810,1443,1031
2022-12-27,,,,,,,,,,,87596,4730,11044,11948,13980,14239,12968,10013,5602,3072
2022-12-28,,,,,,,,,,,87517,4608,10791,12406,13268,13156,12686,10524,5724,4354
2022-12-29,28931140,3010190,3652106,4219200,4223544,4410779,3754146,3123842,1582517,954816,71427,3927,8488,10582,10757,10988,10245,8795,4671,2974
2022-12-30,,,,,,,,,,,65201,3534,7507,9335,9620,9755,9448,8452,4568,2982
2022-12-31,,,,,,,,,,,63096,3332,6888,8524,8953,9314,9373,8650,4684,3378
2023-01-01,,,,,,,,,,,57501,2835,6042,7497,8399,8760,8911,8035,4259,2763
2023-01-02,,,,,,,,,,,22724,1534,2460,3115,3652,3803,3150,2628,1395,987
2023-01-03,,,,,,,,,,,81039,3732,8120,11870,13367,13388,12354,9679,5504,3025
2023-01-04,,,,,,,,,,,78554,3571,7615,11828,12305,11839,11783,9935,5552,4126
2023-01-05,,,,,,,,,,,64094,3170,6330,9727,9794,9767,9456,8227,4657,2966
2023-01-06,,,,,,,,,,,56954,2893,5524,8275,8286,8523,8619,7668,4454,2712
2023-01-07,,,,,,,,,,,53807,2580,4962,7557,7791,8022,8051,7290,4362,3192
2023-01-08,,,,,,,,,,,46766,2370,4309,6156,6482,7055,7332,6845,3777,2440
2023-01-09,,,,,,,,,,,19106,1361,1919,2677,3123,3134,2668,2160,1209,855
2023-01-10,,,,,,,,,,,60041,2725,5018,8575,9742,9699,9264,7660,4616,2742
2023-01-11,29654090,3046322,3723297,4322168,4333357,4521863,3862605,3218312,1635833,990333,54343,2525,4527,7869,8332,8061,8085,7279,4296,3369
2023-01-12,,,,,,,,,,,43949,2233,3669,6666,6772,6622,6513,5822,3370,2282
2023-01-13,,,,,,,,,,,39726,2109,3211,5730,5939,6017,5927,5434,3219,2140
2023-01-14,,,,,,,,,,,36699,1943,2742,4993,5397,5297,5775,5240,3115,2197
2023-01-15,,,,,,,,,,,32570,1746,2440,4214,4630,4963,5072,4838,2808,1859
2023-01-16,,,,,,,,,,,14144,1065,1078,1887,2440,2306,1937,1700,958,773
2023-01-17,,,,,,,,,,,40199,2083,2721,5760,6588,6521,6192,5227,3214,1893
2023-01-18,29898142,3059405,3741693,4356621,4370737,4558890,3899603,3251700,1655604,1003889,36908,1909,2552,5224,5639,5322,5606,5139,3097,2420
2023-01-19,,,,,,,,,,,29806,1692,2232,4276,4571,4425,4404,4216,2438,1552
2023-01-20,,,,,,,,,,,27408,1527,1998,3711,3948,4061,4115,4113,2313,1622
2023-01-21,,,,,,,,,,,27654,1528,1951,3436,3748,3938,4359,4305,2603,1786
2023-01-22,,,,,,,,,,,16624,1148,1123,2060,2367,2527,2536,2468,1393,1002
2023-01-23,,,,,,,,,,,9227,587,560,1115,1418,1333,1314,1383,866,651
2023-01-24,30021018,3066796,3750357,4372819,4388722,4577132,3918156,3269797,1666094,1011145,12262,913,802,1612,1952,1977,1838,1630,884,654
2023-01-25,,,,,,,,,,,19527,1297,1438,2742,3491,3233,2859,2285,1273,909
2023-01-26,,,,,,,,,,,35086,2011,2697,5241,5891,5584,5050,4318,2647,1647
2023-01-27,,,,,,,,,,,31711,1846,2652,4633,4805,4769,4589,4017,2463,1937
2023-01-28,,,,,,,,,,,23612,1456,1975,3555,3699,3364,3238,3051,1862,1412
2023-01-29,,,,,,,,,,,18871,1193,1536,2697,2735,2734,2764,2606,1429,1177
2023-01-30,,,,,,,,,,,7416,623,581,1116,1288,1142,936,828,505,397
2023-01-31,30176646,3076434,3762748,4395637,4413998,4601028,3940356,3289278,1677648,1019519,19629,1221,1534,2869,3408,3102,2796,2412,1382,905
2023-02-01,,,,,,,,,,,20414,1159,1568,3171,3147,2921,2838,2619,1642,1349
2023-02-02,,,,,,,,,,,16856,1000,1390,2628,2615,2450,2338,2199,1327,909
2023-02-03,,,,,,,,,,,14961,936,1221,2221,2284,2180,2105,1971,1186,857
2023-02-04,,,,,,,,,,,14624,926,1239,2106,2224,2073,2055,1900,1148,953
2023-02-05,,,,,,,,,,,14018,943,1193,1910,2016,1994,1998,1986,1119,859
2023-02-06,,,,,,,,,,,5850,492,521,778,1033,920,728,673,382,323
2023-02-07,30279381,3082911,3771175,4410647,4429948,4616109,3954689,3302649,1685639,1025614,16120,1032,1310,2205,2647,2553,2290,2038,1191,854
2023-02-08,,,,,,,,,,,17927,1132,1507,2493,2820,2617,2437,2327,1415,1179
2023-02-09,,,,,,,,,,,14662,1028,1254,2125,2296,2120,2056,1863,1141,779
2023-02-10,,,,,,,,,,,13504,942,1159,1867,2106,1866,1887,1750,1112,815
2023-02-11,,,,,,,,,,,12805,755,1160,1742,1916,1826,1728,1783,1111,784
2023-02-12,,,,,,,,,,,12051,806,1054,1500,1721,1732,1773,1703,1038,724
2023-02-13,,,,,,,,,,,5174,416,457,714,858,840,643,605,367,274
2023-02-14,30369744,3088832,3779007,4423071,4444024,4629461,3967260,3314329,1692927,1030833,14371,849,1253,2011,2383,2361,2070,1664,1110,670
2023-02-15,,,,,,,,,,,14949,881,1306,2033,2304,2241,2059,1932,1221,972
2023-02-16,,,,,,,,,,,12515,743,1041,1798,2010,1909,1697,1660,961,696
2023-02-17,,,,,,,,,,,11436,736,1015,1579,1712,1658,1571,1579,961,625
2023-02-18,,,,,,,,,,,10718,683,960,1409,1623,1588,1476,1457,910,612
2023-02-19,,,,,,,,,,,10274,598,841,1387,1484,1515,1577,1398,911,563
2023-02-20,,,,,,,,,,,4324,324,395,590,793,678,542,521,274,207
2023-02-21,30445775,3093419,3785480,4433563,4455982,4640941,3977936,3324271,1699123,1035060,11880,632,924,1706,2045,1900,1758,1399,962,554
2023-02-22,,,,,,,,,,,13076,683,1013,1940,2045,1944,1741,1740,1101,869
2023-02-23,,,,,,,,,,,10843,626,952,1618,1772,1601,1412,1400,888,574
2023-02-24,,,,,,,,,,,10051,546,825,1522,1573,1483,1353,1351,826,572
2023-02-25,,,,,,,,,,,10055,507,814,1463,1548,1394,1442,1348,894,645
2023-02-26,,,,,,,,,,,9212,465,760,1254,1348,1375,1315,1354,792,549
2023-02-27,,,,,,,,,,,4026,291,360,597,682,665,532,442,236,221
2023-02-28,30513721,3097010,3791086,4443583,4466779,4651103,3987298,3333234,1704645,1038983,10817,483,894,1649,1857,1725,1583,1336,789,501
2023-03-01,,,,,,,,,,,12288,571,1093,1873,1891,1764,1705,1544,1011,836
2023-03-02,,,,,,,,,,,7555,447,806,1157,1194,1096,1002,889,549,415
2023-03-03,,,,,,,,,,,10408,504,931,1623,1705,1611,1451,1290,816,477
2023-03-04,,,,,,,,,,,11246,541,1075,1720,1706,1530,1572,1515,936,651
2023-03-05,,,,,,,,,,,9813,488,1058,1422,1395,1419,1392,1298,802,539
2023-03-06,,,,,,,,,,,4300,327,505,661,728,653,496,469,246,215
2023-03-07,,,,,,,,,,,12284,670,1459,1879,1973,1812,1656,1427,878,530
2023-03-08,30594297,3101237,3799658,4455791,4479304,4662722,3998238,3343233,1710778,1043336,12798,688,1656,1884,1955,1753,1683,1581,903,695
2023-03-09,,,,,,,,,,,10885,611,1456,1653,1653,1442,1449,1316,755,550
2023-03-10,,,,,,,,,,,10335,647,1583,1565,1442,1392,1350,1125,735,496
2023-03-11,,,,,,,,,,,10009,616,1602,1455,1332,1356,1264,1215,675,494
2023-03-12,,,,,,,,,,,9342,590,1525,1383,1202,1273,1196,1056,653,464
2023-03-13,,,,,,,,,,,4198,348,731,624,612,608,479,388,238,170
2023-03-14,30650330,3104770,3808637,4464150,4487341,4670394,4005272,3349343,1714527,1045896,11401,734,2096,1701,1813,1623,1311,1027,700,396
2023-03-15,,,,,,,,,,,11893,749,2080,1766,1680,1592,1376,1284,773,593
2023-03-16,,,,,,,,,,,9931,645,1732,1503,1413,1335,1249,1014,638,402
2023-03-17,,,,,,,,,,,9063,590,1507,1275,1307,1263,1056,989,612,464
2023-03-18,,,,,,,,,,,9249,576,1721,1250,1225,1257,1168,1011,605,436
2023-03-19,,,,,,,,,,,8801,520,1525,1276,1130,1204,1085,1025,580,456
2023-03-20,,,,,,,,,,,3924,310,717,582,579,550,462,378,191,155
2023-03-21,30703191,3108160,3817919,4471802,4494675,4677595,4011668,3355044,1717926,1048402,12009,732,2189,1846,1818,1746,1386,1110,732,450
2023-03-22,,,,,,,,,,,13075,725,2321,1965,1836,1864,1520,1322,888,634
2023-03-23,,,,,,,,,,,11395,611,1804,1739,1633,1642,1384,1292,795,495
2023-03-24,,,,,,,,,,,10277,618,1680,1511,1430,1538,1255,1088,682,475
2023-03-25,,,,,,,,,,,10446,606,1772,1527,1476,1456,1197,1151,757,504
2023-03-26,,,,,,,,,,,9354,500,1413,1408,1275,1266,1220,1180,697,395
2023-03-27,30757738,3111220,3826909,4479952,4502325,4685361,4018244,3361077,1721745,1050905,4200,310,664,647,697,635,462,410,194,181
2023-03-28,,,,,,,,,,,12124,654,1893,1949,1950,1818,1469,1173,770,448
2023-03-29,,,,,,,,,,,13127,690,2057,2092,1921,1863,1578,1447,827,652
2023-03-30,,,,,,,,,,,11032,594,1533,1790,1658,1600,1388,1227,744,498
2023-03-31,,,,,,,,,,,10368,555,1388,1609,1613,1497,1281,1237,712,476
2023-04-01,,,,,,,,,,,10523,570,1497,1539,1526,1452,1382,1299,784,474
2023-04-02,,,,,,,,,,,9724,469,1214,1409,1398,1467,1277,1221,767,502
2023-04-03,30843900,3115997,3839761,4493225,4515508,4697933,4028811,3370506,1727464,1054695,4349,301,533,626,797,698,493,445,273,183
2023-04-04,,,,,,,,,,,13366,645,1779,2157,2304,2061,1679,1343,893,505
2023-04-05,,,,,,,,,,,14459,703,1859,2353,2324,2014,1871,1597,999,739
2023-04-06,,,,,,,,,,,12080,558,1418,2018,1924,1699,1609,1415,861,578
2023-04-07,,,,,,,,,,,10735,497,1186,1737,1756,1453,1428,1333,801,544
2023-04-08,,,,,,,,,,,10372,456,1178,1484,1614,1491,1331,1375,855,588
2023-04-09,,,,,,,,,,,9553,434,1048,1338,1430,1354,1260,1330,813,546
2023-04-10,,,,,,,,,,,4005,226,429,644,638,619,429,480,322,218
2023-04-11,,,,,,,,,,,12444,538,1426,1879,2093,1952,1653,1441,944,518
2023-04-12,30944430,3120607,3851616,4508958,4531730,4712545,4041770,3382508,1735033,1059663,13926,586,1575,2205,2203,2023,1756,1728,1097,753
2023-04-13,,,,,,,,,,,11593,473,1357,1774,1818,1685,1497,1493,897,599
2023-04-14,,,,,,,,,,,11666,527,1155,1727,1831,1697,1470,1628,1001,630
2023-04-15,,,,,,,,,,,11682,502,1179,1610,1755,1676,1583,1608,1024,745
2023-04-16,,,,,,,,,,,10188,460,935,1391,1559,1447,1417,1466,934,579
2023-04-17,,,,,,,,,,,4946,278,554,740,911,771,628,529,287,248
2023-04-18,31009261,3123452,3858310,4518361,4542199,4722238,4050304,3390947,1740320,1063130,15173,640,1553,2216,2659,2472,1993,1763,1175,702
2023-04-19,,,,,,,,,,,16499,691,1639,2458,2688,2346,2202,2131,1365,979
2023-04-20,,,,,,,,,,,14088,609,1377,1998,2323,2031,1925,1944,1110,771
2023-04-21,,,,,,,,,,,13596,569,1371,1889,2128,1897,1831,2000,1165,746
2023-04-22,,,,,,,,,,,13793,554,1466,1835,2086,1980,1819,1987,1228,838
2023-04-23,,,,,,,,,,,11834,486,1156,1556,1755,1587,1617,1819,1123,735
2023-04-24,,,,,,,,,,,5027,285,475,664,889,765,700,609,374,266
2023-04-25,31098403,3127249,3867087,4530626,4556596,4735086,4062292,3403364,1747946,1068157,14817,651,1342,1953,2593,2316,1963,1978,1292,729
2023-04-26,,,,,,,,,,,16380,648,1449,2270,2742,2307,2231,2304,1427,1002
2023-04-27,,,,,,,,,,,14279,618,1160,2061,2379,2082,1878,2058,1204,839
2023-04-28,,,,,,,,,,,13791,513,1022,1940,2212,1923,1965,2170,1269,777
2023-04-29,,,,,,,,,,,14812,563,1197,1936,2355,2024,2113,2219,1427,978
2023-04-30,,,,,,,,,,,13614,478,1194,1678,2067,1882,1958,2103,1384,870
2023-05-01,31176660,3130318,3873585,4541242,4569283,4746150,4073131,3414888,1755094,1072969,5774,282,515,796,988,906,739,721,462,365
2023-05-02,,,,,,,,,,,15736,609,1422,2195,2551,2361,2188,2215,1414,781
2023-05-03,,,,,,,,,,,20193,720,1791,2992,3488,2901,2672,2824,1684,1121
2023-05-04,,,,,,,,,,,20146,713,1675,2934,3178,2821,2762,2994,1813,1256
2023-05-05,,,,,,,,,,,18752,693,1518,2701,2922,2587,2576,2864,1768,1123
2023-05-06,,,,,,,,,,,11801,529,1172,1587,1820,1574,1596,1728,1023,772
2023-05-07,,,,,,,,,,,14742,536,1343,1930,2188,2185,1967,2254,1496,843
2023-05-08,,,,,,,,,,,8164,438,879,1214,1356,1212,989,1034,632,410
2023-05-09,31307591,3135417,3885760,4560002,4590458,4765062,4090546,3433443,1766577,1080326,21681,888,2394,3266,3722,3313,2693,2663,1667,1075
2023-05-10,,,,,,,,,,,23515,951,2512,3684,3600,3322,2985,3062,1994,1405
2023-05-11,,,,,,,,,,,20571,874,2265,3197,3261,3022,2582,2707,1644,1019
2023-05-12,,,,,,,,,,,19989,889,2172,3050,3142,2742,2538,2687,1623,1146
2023-05-13,,,,,,,,,,,19352,829,2168,2814,2920,2654,2501,2658,1653,1155
2023-05-14,,,,,,,,,,,17403,684,1995,2449,2550,2374,2240,2551,1577,983
2023-05-15,,,,,,,,,,,7178,357,935,1074,1198,1086,854,810,504,360
2023-05-16,31438960,3140888,3900791,4579607,4611136,4783757,4107175,3450669,1777440,1087497,23671,899,3011,3416,4070,3535,2954,2781,1886,1119
2023-05-17,,,,,,,,,,,26133,1034,3496,3872,3900,3558,3220,3324,2135,1594
2023-05-18,,,,,,,,,,,21793,810,2573,3310,3240,2997,2878,2924,1874,1187
2023-05-19,,,,,,,,,,,19586,787,2403,2842,2962,2658,2540,2658,1670,1066
2023-05-20,,,,,,,,,,,18106,711,2207,2535,2647,2499,2275,2614,1585,1033
2023-05-21,,,,,,,,,,,16808,705,2010,2250,2453,2424,2207,2408,1442,909
2023-05-22,,,,,,,,,,,6798,353,910,964,1095,1022,826,835,452,341
2023-05-23,31569468,3146070,3917437,4598508,4630765,4801981,4123798,3468001,1788356,1094552,21385,790,3055,3139,3351,3084,2687,2584,1764,931
2023-05-24,,,,,,,,,,,22950,846,3291,3388,3472,3042,2911,2969,1850,1181
2023-05-25,,,,,,,,,,,19071,764,2304,2923,2890,2643,2419,2564,1606,958
2023-05-26,,,,,,,,,,,17930,722,2212,2574,2702,2447,2258,2537,1593,885
2023-05-27,,,,,,,,,,,17792,729,2305,2417,2536,2323,2284,2613,1641,944
2023-05-28,,,,,,,,,,,11724,523,1545,1544,1703,1621,1537,1644,992,615
2023-05-29,,,,,,,,,,,6865,357,945,1002,1103,1075,771,764,507,341
2023-05-30,,,,,,,,,,,13518,536,1568,1810,2258,2002,1823,1769,1144,608
2023-05-31,,,,,,,,,,,24408,891,3166,3622,4038,3697,3103,2997,1905,989
2023-06-01,,,,,,,,,,,24602,902,2945,3765,3850,3454,3198,3333,1963,1192
2023-06-02,,,,,,,,,,,19724,826,2172,2845,3118,2783,2676,2891,1559,854
2023-06-03,,,,,,,,,,,18741,796,2232,2518,2778,2586,2512,2756,1623,940
2023-06-04,,,,,,,,,,,16174,654,1748,2074,2222,2342,2293,2499,1559,783
2023-06-05,31789625,3155000,3944665,4629885,4664465,4833011,4152452,3498199,1806791,1105157,6949,406,820,939,1081,1057,908,896,509,333
2023-06-06,,,,,,,,,,,19506,755,2009,2595,3090,2953,2664,2728,1839,873
2023-06-07,,,,,,,,,,,15155,675,1498,2182,2288,2247,2095,2174,1187,809
2023-06-08,,,,,,,,,,,20448,843,2162,2967,3387,3162,2713,2755,1627,832
2023-06-09,,,,,,,,,,,21212,818,2283,3090,3386,2951,2756,3067,1875,986
2023-06-10,,,,,,,,,,,17764,762,1833,2403,2770,2406,2383,2640,1617,950
2023-06-11,,,,,,,,,,,16001,673,1495,2003,2369,2311,2206,2662,1466,816
2023-06-12,,,,,,,,,,,4977,283,559,638,811,778,636,644,382,246
2023-06-13,,,,,,,,,,,20804,826,2276,2621,3375,3295,2734,2894,1849,934
2023-06-14,,,,,,,,,,,20709,806,2391,2691,3202,2940,2727,3023,1790,1139
2023-06-15,,,,,,,,,,,17418,749,1836,2368,2678,2486,2315,2621,1568,797
2023-06-16,,,,,,,,,,,16485,727,1922,2062,2461,2286,2211,2560,1461,795
2023-06-17,,,,,,,,,,,16747,753,2138,2031,2425,2275,2242,2478,1559,846
2023-06-18,,,,,,,,,,,15316,684,1807,1781,2079,2115,2118,2448,1472,812
2023-06-19,,,,,,,,,,,6375,398,842,821,1040,953,791,782,457,291
2023-06-20,,,,,,,,,,,19734,823,2545,2389,3136,2999,2617,2680,1682,863
2023-06-21,,,,,,,,,,,20961,961,2801,2696,3217,2878,2647,2870,1812,1079
2023-06-22,,,,,,,,,,,17132,856,2070,2326,2659,2423,2167,2397,1427,807
2023-06-23,,,,,,,,,,,16246,781,2075,2064,2446,2249,2070,2336,1425,800
2023-06-24,,,,,,,,,,,16413,794,2201,2060,2402,2129,2107,2479,1456,785
2023-06-25,,,,,,,,,,,16064,840,2043,1840,2178,2256,2135,2529,1440,803
2023-06-26,,,,,,,,,,,6592,475,964,775,1062,987,832,758,465,274
2023-06-27,,,,,,,,,,,20849,968,2785,2595,3350,3186,2673,2707,1735,850
2023-06-28,,,,,,,,,,,21534,1021,2760,2860,3282,3111,2737,2829,1790,1144
2023-06-29,,,,,,,,,,,19299,928,2192,2705,3152,2710,2473,2680,1576,883
2023-06-30,,,,,,,,,,,18879,962,2274,2659,2947,2681,2380,2585,1557,834
2023-07-01,,,,,,,,,,,18886,959,2437,2524,2713,2622,2329,2692,1639,971
2023-07-02,,,,,,,,,,,17605,856,2115,2133,2418,2624,2364,2649,1607,839
2023-07-03,32256154,3176485,3999975,4690690,4735995,4900162,4213497,3564728,1847073,1127549,7522,514,1001,945,1224,1151,934,877,533,343
2023-07-04,,,,,,,,,,,25662,1194,3474,3424,4205,3950,3280,3154,1986,995
2023-07-05,,,,,,,,,,,27435,1301,3791,3866,4313,3844,3465,3485,2056,1314
2023-07-06,,,,,,,,,,,24359,1096,3027,3795,3809,3470,3042,3189,1906,1025
2023-07-07,,,,,,,,,,,24771,1131,3250,3549,3797,3464,3178,3255,2036,1111
2023-07-08,,,,,,,,,,,25677,1136,3929,3375,3714,3499,3249,3540,2102,1133
2023-07-09,,,,,,,,,,,22576,1019,3175,2772,3183,3140,3082,3213,1976,1016
2023-07-10,32415857,3183904,4021960,4712733,4760437,4922962,4233914,3585632,1859739,1134576,9259,548,1343,1252,1425,1439,1133,1075,607,437
