tDate,AccConfirmed,AccKoreaConfirmed,AccInflowAbroad,AccDeath,AccSevere,NewConfirmed,NewKoreaConfirmed,NewInflowAbroad,NewDeath,NewSevere
2020-03-02,,,,,,686,684,2,6,
2020-03-03,,,,,,600,599,1,5,
2020-03-04,,,,,,516,516,,4,
2020-03-05,,,,,,438,437,1,3,
2020-03-06,,,,,,518,518,,7,
2020-03-07,,,,,,483,483,,2,
2020-03-08,,,,,,367,366,1,6,
2020-03-09,,,,,,248,247,1,1,
2020-03-10,,,,,,131,131,,3,
2020-03-11,,,,,,242,239,3,6,
2020-03-12,,,,,,114,112,2,6,
2020-03-13,,,,,,110,107,3,1,
2020-03-14,,,,,,107,102,5,5,
2020-03-15,,,,,,76,72,4,3,
2020-03-16,,,,,,74,70,4,,
2020-03-17,,,,,,84,79,5,6,
2020-03-18,,,,,,93,80,13,3,
2020-03-19,,,,,,152,135,17,7,
2020-03-20,,,,,,87,73,14,3,
2020-03-21,,,,,,147,126,21,8,
2020-03-22,,,,,,98,77,21,2,
2020-03-23,,,,,,64,46,18,7,
2020-03-24,,,,,,76,46,30,9,
2020-03-25,,,,,,100,42,58,6,
2020-03-26,,,,,,104,56,48,5,
2020-03-27,,,,,,91,57,34,8,
2020-03-28,,,,,,146,90,56,5,79
2020-03-29,,,,,,105,38,67,8,78
2020-03-30,,,,,,78,35,43,6,74
2020-03-31,,,,,,125,88,37,4,74
2020-04-01,,,,,,101,56,45,3,76
2020-04-02,,,,,,89,43,46,4,78
2020-04-03,,,,,,86,37,49,5,80
2020-04-04,,,,,,94,53,41,3,80
2020-04-05,,,,,,81,31,50,6,81
2020-04-06,,,,,,47,25,22,3,80
2020-04-07,,,,,,47,23,24,6,77
2020-04-08,,,,,,53,23,30,8,80
2020-04-09,,,,,,39,13,26,4,80
2020-04-10,,,,,,27,17,10,4,71
2020-04-11,,,,,,30,16,14,3,67
2020-04-12,,,,,,32,9,23,3,67
2020-04-13,,,,,,25,10,15,3,66
2020-04-14,,,,,,27,11,16,5,66
2020-04-15,,,,,,27,13,14,3,65
2020-04-16,,,,,,22,11,11,4,61
2020-04-17,,,,,,22,7,15,1,61
2020-04-18,,,,,,18,9,9,2,61
2020-04-19,,,,,,8,2,6,2,57
2020-04-20,,,,,,13,6,7,2,56
2020-04-21,,,,,,9,4,5,1,56
2020-04-22,,,,,,11,5,6,1,52
2020-04-23,,,,,,8,4,4,2,49
2020-04-24,,,,,,6,4,2,,42
2020-04-25,,,,,,10,5,5,,46
2020-04-26,,,,,,10,1,9,2,42
2020-04-27,,,,,,10,3,7,1,42
2020-04-28,,,,,,14,2,12,1,38
2020-04-29,,,,,,9,4,5,2,37
2020-04-30,,,,,,4,,4,1,36
2020-05-01,,,,,,9,1,8,1,33
2020-05-02,,,,,,6,,6,2,29
2020-05-03,,,,,,13,3,10,,29
2020-05-04,,,,,,8,,8,2,27
2020-05-05,,,,,,3,,3,2,27
2020-05-06,,,,,,2,,2,1,27
2020-05-07,,,,,,4,1,3,1,25
2020-05-08,,,,,,12,1,11,,24
2020-05-09,,,,,,18,17,1,,23
2020-05-10,,,,,,34,26,8,,23
2020-05-11,,,,,,35,29,6,,23
2020-05-12,,,,,,27,22,5,2,22
2020-05-13,,,,,,26,22,4,1,20
2020-05-14,,,,,,29,26,3,1,22
2020-05-15,,,,,,27,22,5,,22
2020-05-16,,,,,,19,9,10,2,18
2020-05-17,,,,,,13,6,7,,18
2020-05-18,,,,,,15,5,10,1,16
2020-05-19,,,,,,13,9,4,,15
2020-05-20,,,,,,32,24,8,,15
2020-05-21,,,,,,12,10,2,1,16
2020-05-22,,,,,,20,11,9,,16
2020-05-23,,,,,,23,19,4,2,14
2020-05-24,,,,,,25,17,8,,13
2020-05-25,,,,,,16,13,3,1,13
2020-05-26,,,,,,19,16,3,2,12
2020-05-27,,,,,,40,37,3,,12
2020-05-28,,,,,,79,68,11,,11
2020-05-29,,,,,,58,55,3,,10
2020-05-30,,,,,,39,27,12,,10
2020-05-31,,,,,,27,15,12,1,11
2020-06-01,,,,,,35,30,5,1,12
2020-06-02,,,,,,38,36,2,1,11
2020-06-03,,,,,,49,46,3,1,8
2020-06-04,,,,,,39,33,6,,9
2020-06-05,,,,,,39,34,5,,11
2020-06-06,,,,,,51,43,8,,14
2020-06-07,,,,,,57,53,4,,14
2020-06-08,,,,,,37,32,5,,14
2020-06-09,,,,,,38,35,3,1,18
2020-06-10,,,,,,50,43,7,2,20
2020-06-11,,,,,,45,40,5,,20
2020-06-12,,,,,,56,43,13,1,18
2020-06-13,,,,,,48,43,5,,22
2020-06-14,,,,,,34,31,3,,22
2020-06-15,,,,,,37,24,13,,20
2020-06-16,,,,,,34,21,13,1,24
2020-06-17,,,,,,43,31,12,1,25
2020-06-18,,,,,,59,51,8,1,27
2020-06-19,,,,,,49,32,17,,33
2020-06-20,,,,,,67,36,31,,33
2020-06-21,,,,,,48,40,8,,34
2020-06-22,,,,,,17,11,6,,34
2020-06-23,,,,,,46,16,30,1,37
2020-06-24,,,,,,51,30,21,,38
2020-06-25,,,,,,28,23,5,1,37
2020-06-26,,,,,,39,26,13,,35
2020-06-27,,,,,,51,31,20,,30
2020-06-28,,,,,,62,40,22,,32
2020-06-29,,,,,,42,30,12,,32
2020-06-30,,,,,,42,22,20,,32
2020-07-01,,,,,,51,36,15,,33
2020-07-02,,,,,,54,44,10,,34
2020-07-03,,,,,,61,49,12,,34
2020-07-04,,,,,,63,36,27,1,30
2020-07-05,,,,,,61,43,18,,32
2020-07-06,,,,,,48,24,24,1,32
2020-07-07,,,,,,44,20,24,1,36
2020-07-08,,,,,,62,30,32,,31
2020-07-09,,,,,,50,28,22,2,26
2020-07-10,,,,,,45,23,22,1,22
2020-07-11,,,,,,35,20,15,,20
2020-07-12,,,,,,44,21,23,1,19
2020-07-13,,,,,,62,19,43,,20
2020-07-14,,,,,,33,14,19,,17
2020-07-15,,,,,,39,11,28,,17
2020-07-16,,,,,,61,14,47,2,16
2020-07-17,,,,,,60,21,39,2,16
2020-07-18,,,,,,39,11,28,1,19
2020-07-19,,,,,,34,21,13,1,19
2020-07-20,,,,,,26,4,22,1,19
2020-07-21,,,,,,45,20,25,,21
2020-07-22,,,,,,63,29,34,1,21
2020-07-23,,,,,,59,39,20,,18
2020-07-24,,,,,,41,28,13,1,16
2020-07-25,,,,,,113,27,86,,15
2020-07-26,,,,,,58,12,46,,15
2020-07-27,,,,,,25,9,16,1,14
2020-07-28,,,,,,28,5,23,1,12
2020-07-29,,,,,,48,14,34,,12
2020-07-30,,,,,,18,7,11,,13
2020-07-31,,,,,,36,14,22,1,12
2020-08-01,,,,,,31,8,23,,13
2020-08-02,,,,,,30,8,22,,13
2020-08-03,,,,,,23,3,20,,13
2020-08-04,,,,,,34,13,21,,13
2020-08-05,,,,,,33,13,20,1,14
2020-08-06,,,,,,43,23,20,,18
2020-08-07,,,,,,20,9,11,1,18
2020-08-08,,,,,,43,30,13,1,17
2020-08-09,,,,,,36,30,6,1,16
2020-08-10,,,,,,28,17,11,,16
2020-08-11,,,,,,34,23,11,,15
2020-08-12,,,,,,54,35,19,,15
2020-08-13,,,,,,56,47,9,,15
2020-08-14,,,,,,103,85,18,,14
2020-08-15,,,,,,166,154,12,,14
2020-08-16,,,,,,279,267,12,,13
2020-08-17,,,,,,197,188,9,,13
2020-08-18,,,,,,246,235,11,1,9
2020-08-19,,,,,,297,283,14,,12
2020-08-20,,,,,,288,276,12,1,12
2020-08-21,,,,,,324,315,9,2,18
2020-08-22,,,,,,332,315,17,,24
2020-08-23,,,,,,396,386,10,,29
2020-08-24,,,,,,266,258,8,,31
2020-08-25,,,,,,280,264,16,1,37
2020-08-26,,,,,,320,307,13,2,42
2020-08-27,,,,,,441,434,7,1,46
2020-08-28,,,,,,371,359,12,3,58
2020-08-29,,,,,,323,308,15,5,64
2020-08-30,,,,,,299,283,16,2,70
2020-08-31,,,,,,248,238,10,1,79
2020-09-01,,,,,,235,221,14,,104
2020-09-02,,,,,,267,253,14,2,123
2020-09-03,,,,,,195,188,7,3,154
2020-09-04,,,,,,198,188,10,2,157
2020-09-05,,,,,,168,158,10,2,159
2020-09-06,,,,,,167,152,15,1,163
2020-09-07,,,,,,119,107,12,2,162
2020-09-08,,,,,,136,120,16,5,150
2020-09-09,,,,,,156,144,12,3,154
2020-09-10,,,,,,155,140,15,2,169
2020-09-11,,,,,,176,161,15,4,175
2020-09-12,,,,,,136,118,18,5,164
2020-09-13,,,,,,121,99,22,3,157
2020-09-14,,,,,,109,98,11,5,157
2020-09-15,,,,,,106,90,16,4,158
2020-09-16,,,,,,113,105,8,,160
2020-09-17,,,,,,153,145,8,5,160
2020-09-18,,,,,,126,109,17,5,150
2020-09-19,,,,,,110,106,4,1,152
2020-09-20,,,,,,82,72,10,5,146
2020-09-21,,,,,,70,55,15,2,141
2020-09-22,,,,,,61,50,11,3,146
2020-09-23,,,,,,110,99,11,,139
2020-09-24,,,,,,125,109,16,5,126
2020-09-25,,,,,,114,95,19,2,128
2020-09-26,,,,,,61,49,12,4,122
2020-09-27,,,,,,95,73,22,2,124
2020-09-28,,,,,,50,40,10,5,120
2020-09-29,,,,,,38,23,15,1,115
2020-09-30,,,,,,113,94,19,6,109
2020-10-01,,,,,,77,67,10,2,107
2020-10-02,,,,,,63,53,10,1,107
2020-10-03,,,,,,75,52,23,4,104
2020-10-04,,,,,,64,47,17,1,105
2020-10-05,,,,,,73,64,9,1,107
2020-10-06,,,,,,75,66,9,,105
2020-10-07,,,,,,114,94,20,3,102
2020-10-08,,,,,,69,60,9,2,97
2020-10-09,,,,,,54,38,16,1,94
2020-10-10,,,,,,72,61,11,2,89
2020-10-11,,,,,,58,46,12,2,89
2020-10-12,,,,,,98,69,29,1,87
2020-10-13,,,,,,91,69,22,1,91
2020-10-14,,,,,,84,53,31,4,85
2020-10-15,,,,,,110,95,15,1,82
2020-10-16,,,,,,47,41,6,2,78
2020-10-17,,,,,,73,62,11,2,78
2020-10-18,,,,,,91,71,20,1,77
2020-10-19,,,,,,76,50,26,,78
2020-10-20,,,,,,58,41,17,3,71
2020-10-21,,,,,,89,57,32,3,70
2020-10-22,,,,,,121,104,17,3,62
2020-10-23,,,,,,155,138,17,2,62
2020-10-24,,,,,,77,66,11,2,60
2020-10-25,,,,,,61,50,11,,53
2020-10-26,,,,,,119,94,25,,53
2020-10-27,,,,,,88,72,16,3,52
2020-10-28,,,,,,103,96,7,1,52
2020-10-29,,,,,,125,107,18,1,53
2020-10-30,,,,,,113,93,20,1,51
2020-10-31,,,,,,127,96,31,1,54
2020-11-01,,,,,,124,101,23,2,51
2020-11-02,,,,,,97,79,18,2,49
2020-11-03,,,,,,75,46,29,4,52
2020-11-04,,,,,,117,98,19,2,53
2020-11-05,,,,,,125,108,17,1,51
2020-11-06,,,,,,145,117,28,1,50
2020-11-07,,,,,,89,72,17,1,53
2020-11-08,,,,,,143,118,25,1,58
2020-11-09,,,,,,126,99,27,2,57
2020-11-10,,,,,,100,71,29,5,54
2020-11-11,,,,,,145,113,32,2,49
2020-11-12,,,,,,143,128,15,,53
2020-11-13,,,,,,191,162,29,1,50
2020-11-14,,,,,,205,166,39,4,54
2020-11-15,,,,,,208,176,32,1,56
2020-11-16,,,,,,222,192,30,1,55
2020-11-17,,,,,,230,202,28,,60
2020-11-18,,,,,,285,245,40,2,67
2020-11-19,,,,,,325,293,32,2,79
2020-11-20,,,,,,348,320,28,3,84
2020-11-21,,,,,,386,361,25,2,86
2020-11-22,,,,,,330,302,28,2,87
2020-11-23,,,,,,271,255,16,4,79
2020-11-24,,,,,,349,318,31,1,79
2020-11-25,,,,,,382,363,19,3,81
2020-11-26,,,,,,581,552,29,2,78
2020-11-27,,,,,,555,525,30,1,77
2020-11-28,,,,,,503,486,17,6,78
2020-11-29,,,,,,450,413,37,1,76
2020-11-30,,,,,,438,414,24,3,76
2020-12-01,,,,,,451,420,31,,97
2020-12-02,,,,,,511,492,19,,101
2020-12-03,,,,,,540,516,24,3,117
2020-12-04,,,,,,628,600,28,7,116
2020-12-05,,,,,,577,559,18,4,121
2020-12-06,,,,,,631,599,32,5,125
2020-12-07,,,,,,615,580,35,4,126
2020-12-08,,,,,,587,561,26,3,134
2020-12-09,,,,,,670,646,24,4,134
2020-12-10,,,,,,680,643,37,8,149
2020-12-11,,,,,,689,673,16,8,172
2020-12-12,,,,,,950,928,22,6,169
2020-12-13,,,,,,1030,1000,30,2,179
2020-12-14,,,,,,718,682,36,7,185
2020-12-15,,,,,,880,848,32,13,205
2020-12-16,,,,,,1078,1054,24,12,226
2020-12-17,,,,,,1014,994,20,22,242
2020-12-18,,,,,,1064,1038,26,11,246
2020-12-19,,,,,,1045,1024,21,14,275
2020-12-20,,,,,,1096,1071,25,15,278
2020-12-21,,,,,,924,891,33,24,274
2020-12-22,,,,,,866,821,45,24,281
2020-12-23,,,,,,1090,1058,32,17,284
2020-12-24,,,,,,985,955,30,17,291
2020-12-25,,,,,,1240,1215,25,17,311
2020-12-26,,,,,,1131,1103,28,20,299
2020-12-27,,,,,,970,946,24,15,293
2020-12-28,,,,,,806,786,20,11,295
2020-12-29,,,,,,1044,1028,16,40,330
2020-12-30,,,,,,1050,1025,25,20,332
2020-12-31,,,,,,967,940,27,21,344
2021-01-01,,,,,,1027,1002,25,17,354
2021-01-02,,,,,,820,784,36,25,361
2021-01-03,,,,,,657,641,16,20,355
2021-01-04,,,,,,1020,986,34,19,351
2021-01-05,,,,,,714,672,42,26,386
2021-01-06,,,,,,838,807,31,20,411
2021-01-07,,,,,,869,832,37,19,400
2021-01-08,,,,,,674,632,42,35,404
2021-01-09,,,,,,641,596,45,19,409
2021-01-10,,,,,,657,623,34,25,401
2021-01-11,,,,,,451,419,32,15,395
2021-01-12,,,,,,537,510,27,25,390
2021-01-13,,,,,,561,535,26,20,374
2021-01-14,,,,,,524,496,28,10,380
2021-01-15,,,,,,512,483,29,22,374
2021-01-16,,,,,,580,547,33,19,360
2021-01-17,,,,,,520,500,20,13,352
2021-01-18,,,,,,389,366,23,15,343
2021-01-19,,,,,,386,351,35,19,335
2021-01-20,,,,,,404,373,31,17,323
2021-01-21,,,,,,400,381,19,16,317
2021-01-22,,,,,,346,314,32,12,299
2021-01-23,,,,,,431,403,28,9,297
2021-01-24,,,,,,392,369,23,12,282
2021-01-25,,,,,,437,405,32,11,275
2021-01-26,,,,,,349,333,16,11,270
2021-01-27,,,,,,559,516,43,7,270
2021-01-28,,,,,,497,479,18,8,251
2021-01-29,,,,,,469,445,24,13,239
2021-01-30,,,,,,456,421,35,15,231
2021-01-31,,,,,,354,323,31,6,229
2021-02-01,,,,,,305,285,20,5,225
2021-02-02,,,,,,336,295,41,10,224
2021-02-03,,,,,,467,433,34,6,220
2021-02-04,,,,,,451,429,22,7,211
2021-02-05,,,,,,370,350,20,11,200
2021-02-06,,,,,,390,362,28,5,197
2021-02-07,,,,,,371,325,46,7,190
2021-02-08,,,,,,288,264,24,3,188
2021-02-09,,,,,,303,273,30,8,189
2021-02-10,,,,,,444,414,30,4,184
2021-02-11,,,,,,504,467,37,10,170
2021-02-12,,,,,,403,384,19,11,161
2021-02-13,,,,,,362,345,17,7,157
2021-02-14,,,,,,326,304,22,8,156
2021-02-15,,,,,,343,322,21,5,156
2021-02-16,,,,,,457,429,28,7,166
2021-02-17,,,,,,621,590,31,4,169
2021-02-18,,,,,,621,590,31,6,161
2021-02-19,,,,,,561,533,28,6,153
2021-02-20,,,,,,448,416,32,3,156
2021-02-21,,,,,,416,391,25,4,155
2021-02-22,,,,,,332,313,19,5,146
2021-02-23,,,,,,356,329,27,11,148
2021-02-24,,,,,,440,417,23,3,140
2021-02-25,,,,,,395,368,27,5,144
2021-02-26,,,,,,387,363,24,4,144
2021-02-27,,,,,,415,405,10,10,142
2021-02-28,,,,,,355,333,22,8,135
2021-03-01,,,,,,355,338,17,2,131
2021-03-02,,,,,,344,319,25,1,135
2021-03-03,,,,,,444,426,18,6,129
2021-03-04,,,,,,424,401,23,7,140
2021-03-05,,,,,,398,381,17,8,135
2021-03-06,,,,,,418,404,14,5,136
2021-03-07,,,,,,416,398,18,2,134
2021-03-08,,,,,,346,335,11,8,128
2021-03-09,,,,,,446,427,19,3,128
2021-03-10,,,,,,470,452,18,3,123
2021-03-11,,,,,,465,444,21,4,127
2021-03-12,,,,,,488,467,21,10,126
2021-03-13,,,,,,490,474,16,5,112
2021-03-14,,,,,,459,436,23,2,105
2021-03-15,,,,,,379,367,12,6,99
2021-03-16,,,,,,363,345,18,3,103
2021-03-17,,,,,,469,452,17,8,100
2021-03-18,,,,,,445,427,18,2,100
2021-03-19,,,,,,463,441,22,2,101
2021-03-20,,,,,,447,435,12,3,102
2021-03-21,,,,,,456,437,19,3,104
2021-03-22,,,,,,415,396,19,1,103
2021-03-23,,,,,,346,331,15,7,101
2021-03-24,,,,,,428,411,17,3,111
2021-03-25,,,,,,430,419,11,2,111
2021-03-26,,,,,,489,466,23,7,111
2021-03-27,,,,,,505,490,15,5,103
2021-03-28,,,,,,481,461,20,1,104
2021-03-29,,,,,,382,369,13,4,100
2021-03-30,,,,,,447,429,18,3,102
2021-03-31,,,,,,506,491,15,2,108
2021-04-01,,,,,,551,537,14,4,107
2021-04-02,,,,,,557,532,25,2,101
2021-04-03,,,,,,543,521,22,3,101
2021-04-04,,,,,,543,514,29,4,99
2021-04-05,,,,,,473,449,24,4,97
2021-04-06,,,,,,477,459,18,4,112
2021-04-07,,,,,,668,653,15,4,109
2021-04-08,,,,,,700,674,26,2,112
2021-04-09,,,,,,671,644,27,6,113
2021-04-10,,,,,,677,662,15,1,108
2021-04-11,,,,,,614,594,20,3,105
2021-04-12,,,,,,587,560,27,2,103
2021-04-13,,,,,,542,528,14,5,101
2021-04-14,,,,,,731,714,17,7,100
2021-04-15,,,,,,698,670,28,6,99
2021-04-16,,,,,,673,652,21,2,111
2021-04-17,,,,,,658,630,28,4,108
2021-04-18,,,,,,671,648,23,3,102
2021-04-19,,,,,,532,512,20,4,99
2021-04-20,,,,,,549,529,20,1,109
2021-04-21,,,,,,731,692,39,4,116
2021-04-22,,,,,,735,715,20,2,125
2021-04-23,,,,,,797,758,39,3,127
2021-04-24,,,,,,785,759,26,1,136
2021-04-25,,,,,,644,603,41,1,136
2021-04-26,,,,,,499,469,30,4,132
2021-04-27,,,,,,512,477,35,3,156
2021-04-28,,,,,,769,748,21,1,160
2021-04-29,,,,,,679,648,31,4,157
2021-04-30,,,,,,661,642,19,3,164
2021-05-01,,,,,,626,592,34,3,174
2021-05-02,,,,,,606,585,21,2,170
2021-05-03,,,,,,488,465,23,1,164
2021-05-04,,,,,,541,514,27,6,162
2021-05-05,,,,,,676,651,25,7,173
2021-05-06,,,,,,574,562,12,4,172
2021-05-07,,,,,,525,509,16,9,162
2021-05-08,,,,,,701,672,29,5,165
2021-05-09,,,,,,564,522,42,9,160
2021-05-10,,,,,,463,436,27,1,161
2021-05-11,,,,,,510,483,27,4,171
2021-05-12,,,,,,634,612,22,5,167
2021-05-13,,,,,,715,692,23,7,160
2021-05-14,,,,,,747,729,18,2,153
2021-05-15,,,,,,681,661,20,3,150
2021-05-16,,,,,,610,572,38,4,150
2021-05-17,,,,,,619,597,22,3,151
2021-05-18,,,,,,528,506,22,1,156
2021-05-19,,,,,,654,637,17,8,148
2021-05-20,,,,,,646,619,27,4,151
2021-05-21,,,,,,561,542,19,6,147
2021-05-22,,,,,,666,633,33,4,150
2021-05-23,,,,,,585,570,15,5,149
2021-05-24,,,,,,530,505,25,3,144
2021-05-25,,,,,,516,481,35,4,160
2021-05-26,,,,,,705,684,21,2,151
2021-05-27,,,,,,629,620,9,3,154
2021-05-28,,,,,,587,571,16,3,156
2021-05-29,,,,,,533,505,28,5,160
2021-05-30,,,,,,480,464,16,6,150
2021-05-31,,,,,,430,411,19,2,149
2021-06-01,,,,,,459,449,10,4,158
2021-06-02,,,,,,677,654,23,2,151
2021-06-03,,,,,,681,672,9,3,149
2021-06-04,,,,,,695,674,21,1,151
2021-06-05,,,,,,744,725,19,2,151
2021-06-06,,,,,,556,541,15,2,150
2021-06-07,,,,,,485,454,31,1,152
2021-06-08,,,,,,454,435,19,1,149
2021-06-09,,,,,,602,581,21,2,146
2021-06-10,,,,,,610,593,17,2,154
2021-06-11,,,,,,556,541,15,2,153
2021-06-12,,,,,,565,525,40,1,155
2021-06-13,,,,,,452,419,33,3,146
2021-06-14,,,,,,399,360,39,3,153
2021-06-15,,,,,,373,347,26,4,158
2021-06-16,,,,,,545,522,23,1,159
2021-06-17,,,,,,540,523,17,1,156
2021-06-18,,,,,,507,485,22,2,149
2021-06-19,,,,,,482,456,26,1,151
2021-06-20,,,,,,429,380,49,5,146
2021-06-21,,,,,,357,317,40,2,137
2021-06-22,,,,,,394,350,44,2,135
2021-06-23,,,,,,645,605,40,1,146
2021-06-24,,,,,,610,576,34,1,141
2021-06-25,,,,,,634,602,32,1,143
2021-06-26,,,,,,668,611,57,3,149
2021-06-27,,,,,,614,570,44,1,147
2021-06-28,,,,,,501,472,29,2,141
2021-06-29,,,,,,595,560,35,2,152
2021-06-30,,,,,,794,759,35,1,149
2021-07-01,,,,,,761,711,50,3,144
2021-07-02,,,,,,825,765,60,3,145
2021-07-03,,,,,,794,748,46,1,144
2021-07-04,,,,,,743,662,81,1,143
2021-07-05,,,,,,711,644,67,2,139
2021-07-06,,,,,,746,690,56,4,144
2021-07-07,,,,,,1211,1166,45,1,155
2021-07-08,,,,,,1275,1227,48,1,153
2021-07-09,,,,,,1316,1236,80,2,148
2021-07-10,,,,,,1378,1320,58,2,148
2021-07-11,,,,,,1324,1280,44,5,145
2021-07-12,,,,,,1100,1063,37,1,138
2021-07-13,,,,,,1150,1097,53,2,146
2021-07-14,,,,,,1613,1566,47,2,163
2021-07-15,,,,,,1599,1554,45,2,167
2021-07-16,,,,,,1535,1475,60,1,171
2021-07-17,,,,,,1449,1400,49,4,185
2021-07-18,,,,,,1453,1402,51,2,187
2021-07-19,,,,,,1251,1207,44,1,185
2021-07-20,,,,,,1278,1242,36,1,207
2021-07-21,,,,,,1781,1725,56,1,214
2021-07-22,,,,,,1841,1532,309,3,218
2021-07-23,,,,,,1629,1573,56,3,227
2021-07-24,,,,,,1627,1572,55,2,254
2021-07-25,,,,,,1487,1422,65,5,257
2021-07-26,,,,,,1318,1264,54,4,244
2021-07-27,,,,,,1363,1274,89,2,269
2021-07-28,,,,,,1895,1822,73,4,286
2021-07-29,,,,,,1673,1631,42,2,285
2021-07-30,,,,,,1710,1662,48,4,299
2021-07-31,,,,,,1538,1465,73,6,317
2021-08-01,,,,,,1442,1386,56,3,324
2021-08-02,,,,,,1218,1150,68,1,326
2021-08-03,,,,,,1200,1150,50,5,331
2021-08-04,,,,,,1725,1664,61,2,329
2021-08-05,,,,,,1775,1716,59,3,369
2021-08-06,,,,,,1704,1640,64,4,376
2021-08-07,,,,,,1823,1762,61,3,377
2021-08-08,,,,,,1727,1668,59,5,376
2021-08-09,,,,,,1491,1455,36,4,367
2021-08-10,,,,,,1537,1474,63,9,379
2021-08-11,,,,,,2221,2144,77,1,387
2021-08-12,,,,,,1987,1947,40,3,372
2021-08-13,,,,,,1989,1913,76,6,369
2021-08-14,,,,,,1928,1858,70,4,386
2021-08-15,,,,,,1816,1748,68,8,374
2021-08-16,,,,,,1554,1491,63,11,353
2021-08-17,,,,,,1372,1322,50,6,354
2021-08-18,,,,,,1803,1766,37,5,366
2021-08-19,,,,,,2152,2114,38,13,390
2021-08-20,,,,,,2049,1999,50,6,385
2021-08-21,,,,,,1876,1811,65,5,403
2021-08-22,,,,,,1626,1588,38,13,395
2021-08-23,,,,,,1417,1370,47,7,399
2021-08-24,,,,,,1507,1469,38,6,420
2021-08-25,,,,,,2154,2113,41,9,434
2021-08-26,,,,,,1882,1829,53,20,425
2021-08-27,,,,,,1837,1809,28,8,427
2021-08-28,,,,,,1791,1736,55,11,409
2021-08-29,,,,,,1619,1576,43,3,404
2021-08-30,,,,,,1485,1424,61,5,396
2021-08-31,,,,,,1369,1331,38,1,409
2021-09-01,,,,,,2024,1991,33,7,399
2021-09-02,,,,,,1959,1925,34,11,371
2021-09-03,,,,,,1708,1674,34,5,367
2021-09-04,,,,,,1803,1775,28,7,376
2021-09-05,,,,,,1490,1461,29,6,363
2021-09-06,,,,,,1375,1351,24,6,358
2021-09-07,,,,,,1597,1563,34,3,364
2021-09-08,,,,,,2048,2012,36,4,387
2021-09-09,,,,,,2049,2018,31,9,366
2021-09-10,,,,,,1892,1857,35,5,353
2021-09-11,,,,,,1864,1815,49,10,352
2021-09-12,,,,,,1755,1725,30,1,351
2021-09-13,,,,,,1433,1409,24,1,342
2021-09-14,,,,,,1495,1461,34,7,340
2021-09-15,,,,,,2077,2054,23,13,350
2021-09-16,,,,,,1942,1920,22,6,348
2021-09-17,,,,,,2008,1973,35,3,332
2021-09-18,,,,,,2087,2047,40,5,329
2021-09-19,,,,,,1909,1870,39,10,333
2021-09-20,,,,,,1603,1575,28,5,332
2021-09-21,,,,,,1729,1697,32,4,328
2021-09-22,,,,,,1720,1703,17,6,317
2021-09-23,,,,,,1715,1697,18,8,312
2021-09-24,,,,,,2429,2411,18,7,309
2021-09-25,,,,,,3268,3240,28,7,339
2021-09-26,,,,,,2768,2734,34,9,320
2021-09-27,,,,,,2381,2354,27,6,319
2021-09-28,,,,,,2287,2268,19,8,324
2021-09-29,,,,,,2881,2855,26,10,331
2021-09-30,,,,,,2561,2536,25,7,336
2021-10-01,,,,,,2483,2449,34,16,323
2021-10-02,,,,,,2247,2220,27,7,336
2021-10-03,,,,,,2084,2056,28,3,346
2021-10-04,,,,,,1670,1650,20,6,348
2021-10-05,,,,,,1574,1555,19,11,346
2021-10-06,,,,,,2027,2001,26,12,354
2021-10-07,,,,,,2425,2398,27,8,375
2021-10-08,,,,,,2171,2140,31,10,377
2021-10-09,,,,,,1953,1924,29,6,384
2021-10-10,,,,,,1594,1560,34,15,377
2021-10-11,,,,,,1297,1284,13,8,371
2021-10-12,,,,,,1346,1333,13,11,364
2021-10-13,,,,,,1582,1569,13,11,359
2021-10-14,,,,,,1938,1923,15,13,371
2021-10-15,,,,,,1683,1669,14,8,371
2021-10-16,,,,,,1616,1592,24,18,361
2021-10-17,,,,,,1420,1403,17,16,348
2021-10-18,,,,,,1049,1030,19,8,345
2021-10-19,,,,,,1073,1048,25,21,344
2021-10-20,,,,,,1571,1556,15,9,347
2021-10-21,,,,,,1441,1430,11,11,349
2021-10-22,,,,,,1437,1417,20,16,342
2021-10-23,,,,,,1508,1487,21,20,327
2021-10-24,,,,,,1422,1394,28,21,316
2021-10-25,,,,,,1190,1167,23,7,322
2021-10-26,,,,,,1265,1245,20,15,334
2021-10-27,,,,,,1952,1931,21,9,341
2021-10-28,,,,,,2110,2094,16,11,345
2021-10-29,,,,,,2122,2092,30,9,331
2021-10-30,,,,,,2102,2087,15,13,339
2021-10-31,,,,,,2061,2052,9,19,332
2021-11-01,,,,,,1684,1664,20,9,343
2021-11-02,,,,,,1589,1578,11,16,347
2021-11-03,,,,,,2665,2638,27,18,378
2021-11-04,,,,,,2482,2457,25,24,365
2021-11-05,,,,,,2342,2322,20,20,382
2021-11-06,,,,,,2246,2217,29,20,411
2021-11-07,,,,,,2224,2204,20,11,405
2021-11-08,,,,,,1758,1731,27,13,409
2021-11-09,,,,,,1715,1698,17,18,425
2021-11-10,,,,,,2424,2408,16,14,460
2021-11-11,,,,,,2519,2493,26,21,473
2021-11-12,,,,,,2368,2358,10,18,475
2021-11-13,,,,,,2324,2310,14,32,485
2021-11-14,,,,,,2417,2399,18,20,483
2021-11-15,,,,,,2003,1983,20,12,471
2021-11-16,,,,,,2124,2109,15,22,495
2021-11-17,,,,,,3184,3161,23,21,522
2021-11-18,,,,,,3292,3272,20,29,506
2021-11-19,,,,,,3033,3010,23,28,499
2021-11-20,,,,,,3203,3186,17,29,508
2021-11-21,,,,,,3119,3095,24,30,517
2021-11-22,,,,,,2826,2806,20,24,515
2021-11-23,,,,,,2697,2683,14,30,549
2021-11-24,,,,,,4115,4087,28,34,586
2021-11-25,,,,,,3937,3916,21,39,612
2021-11-26,,,,,,3895,3877,18,39,617
2021-11-27,,,,,,4067,4044,23,52,634
2021-11-28,,,,,,3925,3890,35,56,647
2021-11-29,,,,,,3307,3284,23,32,629
2021-11-30,,,,,,3032,3003,29,44,661
2021-12-01,,,,,,5120,5072,48,34,723
2021-12-02,,,,,,5262,5238,24,47,733
2021-12-03,,,,,,4943,4922,21,34,736
2021-12-04,,,,,,5352,5327,25,70,752
2021-12-05,,,,,,5124,5101,23,43,744
2021-12-06,,,,,,4324,4295,29,41,727
2021-12-07,,,,,,4952,4922,30,64,774
2021-12-08,,,,,,7173,7139,34,63,840
2021-12-09,,,,,,7101,7081,20,57,857
2021-12-10,,,,,,7020,6981,39,53,852
2021-12-11,,,,,,6972,6946,26,80,856
2021-12-12,,,,,,6683,6655,28,42,894
2021-12-13,,,,,,5816,5781,35,40,876
2021-12-14,,,,,,5565,5523,42,94,906
2021-12-15,,,,,,7848,7825,23,70,556
2021-12-16,,,,,,7618,7587,31,62,989
2021-12-17,,,,,,7434,7398,36,73,971
2021-12-18,,,,,,7310,7281,29,53,1016
2021-12-19,,,,,,6232,6169,63,78,1025
2021-12-20,,,,,,5315,5255,60,54,997
2021-12-21,,,,,,5194,5136,58,52,1022
2021-12-22,,,,,,7454,7363,91,78,1063
2021-12-23,,,,,,6914,6853,61,109,1083
2021-12-24,,,,,,6233,6163,70,56,1084
2021-12-25,,,,,,5838,5764,74,105,1105
2021-12-26,,,,,,5415,5335,80,69,1081
2021-12-27,,,,,,4204,4121,83,55,1078
2021-12-28,,,,,,3864,3776,88,46,1102
2021-12-29,,,,,,5405,5279,126,36,1151
2021-12-30,,,,,,5034,4929,105,73,1145
2021-12-31,,,,,,4872,4755,117,108,1056
2022-01-01,,,,,,4414,4309,105,62,1049
2022-01-02,,,,,,3830,3680,150,69,1024
2022-01-03,,,,,,3124,2989,135,36,1015
2022-01-04,,,,,,3020,2887,133,51,973
2022-01-05,,,,,,4441,4231,210,57,953
2022-01-06,,,,,,4120,3928,192,49,882
2022-01-07,,,,,,3711,3526,185,45,839
2022-01-08,,,,,,3503,3293,210,54,838
2022-01-09,,,,,,3369,3136,233,51,821
2022-01-10,,,,,,3004,2766,238,34,786
2022-01-11,,,,,,3094,2810,284,43,780
2022-01-12,,,,,,4382,4005,377,52,749
2022-01-13,,,,,,4160,3775,385,44,701
2022-01-14,,,,,,4537,4131,406,49,659
2022-01-15,,,,,,4418,4073,345,22,626
2022-01-16,,,,,,4186,3811,375,29,612
2022-01-17,,,,,,3853,3549,304,23,579
2022-01-18,,,,,,4067,3761,306,45,543
2022-01-19,,,,,,5804,5430,374,74,532
2022-01-20,,,,,,6599,6355,244,28,488
2022-01-21,,,,,,6763,6478,285,21,431
2022-01-22,,,,,,6999,6725,274,28,433
2022-01-23,,,,,,7624,7340,284,11,431
2022-01-24,,,,,,7510,7157,353,25,418
2022-01-25,,,,,,8568,8354,214,23,392
2022-01-26,,,,,,13002,12734,268,32,385
2022-01-27,,,,,,14514,14297,217,34,350
2022-01-28,,,,,,16089,15888,201,24,316
2022-01-29,,,,,,17505,17316,189,34,288
2022-01-30,,,,,,17520,17295,225,20,277
2022-01-31,,,,,,17071,16841,230,23,277
2022-02-01,,,,,,18332,18113,219,17,272
2022-02-02,,,,,,20267,20105,162,15,278
2022-02-03,,,,,,22836,22702,134,25,274
2022-02-04,,,,,,27432,27276,156,24,257
2022-02-05,,,,,,36323,36141,182,22,269
2022-02-06,,,,,,38683,38492,191,15,272
2022-02-07,,,,,,35268,35120,148,13,270
2022-02-08,,,,,,36708,36608,100,36,268
2022-02-09,,,,,,49539,49373,166,21,285
2022-02-10,,,,,,54116,54029,87,20,282
2022-02-11,,,,,,53886,53775,111,49,271
2022-02-12,,,,,,54931,54820,111,33,275
2022-02-13,,,,,,56397,56268,129,36,288
2022-02-14,,,,,,54554,54449,105,21,306
2022-02-15,,,,,,57163,56995,168,61,314
2022-02-16,,,,,,90433,90270,163,39,313
2022-02-17,,,,,,93119,93028,91,36,389
2022-02-18,,,,,,109803,109688,115,45,385
2022-02-19,,,,,,102192,102053,139,71,408
2022-02-20,,,,,,104815,104716,99,51,439
2022-02-21,,,,,,95350,95205,145,45,480
2022-02-22,,,,,,99556,99426,130,58,480
2022-02-23,,,,,,171430,171249,181,99,512
2022-02-24,,,,,,169995,169826,169,82,581
2022-02-25,,,,,,165879,165739,140,94,655
2022-02-26,,,,,,166189,166047,142,112,643
2022-02-27,,,,,,163550,163397,153,49,663
2022-02-28,,,,,,139620,139459,161,114,715
2022-03-01,,,,,,138980,138921,59,112,727
2022-03-02,,,,,,219214,219145,69,96,762
2022-03-03,,,,,,198794,198739,55,128,766
2022-03-04,,,,,,266839,266757,82,185,797
2022-03-05,,,,,,254316,254238,78,216,896
2022-03-06,,,,,,243611,243523,88,161,885
2022-03-07,,,,,,210693,210603,90,139,955
2022-03-08,,,,,,202694,202619,75,186,1007
2022-03-09,,,,,,342420,342360,60,158,1087
2022-03-10,,,,,,327515,327458,57,206,1113
2022-03-11,,,,,,282966,282859,107,229,1116
2022-03-12,,,,,,383634,383560,74,269,1066
2022-03-13,,,,,,350150,350115,35,251,1074
2022-03-14,,,,,,309764,309702,62,200,1158
2022-03-15,,,,,,362249,362194,55,293,1196
2022-03-16,,,,,,400524,400448,76,164,1244
2022-03-17,,,,,,621130,621072,58,429,1159
2022-03-18,,,,,,406824,406785,39,301,1049
2022-03-19,,,,,,381364,381301,63,319,1049
2022-03-20,,,,,,334588,334564,24,327,1033
2022-03-21,,,,,,209114,209074,40,329,1130
2022-03-22,,,,,,353877,353832,45,384,1104
2022-03-23,,,,,,490753,490708,45,291,1084
2022-03-24,,,,,,395517,395450,67,469,1081
2022-03-25,,,,,,339451,339422,29,393,1085
2022-03-26,,,,,,335511,335462,49,323,1164
2022-03-27,,,,,,318052,318007,45,282,1216
2022-03-28,,,,,,187166,187136,30,287,1273
2022-03-29,,,,,,347467,347426,41,237,1215
2022-03-30,,,,,,424555,424523,32,432,1301
2022-03-31,,,,,,320681,320656,25,375,1315
2022-04-01,,,,,,280235,280182,53,360,1299
2022-04-02,,,,,,264144,264078,66,339,1165
2022-04-03,,,,,,234249,234224,25,306,1128
2022-04-04,,,,,,127162,127142,20,218,1108
2022-04-05,,,,,,266092,266056,36,209,1121
2022-04-06,,,,,,286256,286233,23,371,1128
2022-04-07,,,,,,224783,224742,41,348,1116
2022-04-08,,,,,,205308,205271,37,373,1093
2022-04-09,,,,,,185532,185485,47,338,1099
2022-04-10,,,,,,164451,164419,32,329,1114
2022-04-11,,,,,,90908,90882,26,258,1099
2022-04-12,,,,,,210722,210675,47,171,1005
2022-04-13,,,,,,195385,195345,40,184,1014
2022-04-14,,,,,,148421,148386,35,318,962
2022-04-15,,,,,,125821,125804,17,264,999
2022-04-16,,,,,,107891,107860,31,273,913
2022-04-17,,,,,,92970,92948,22,203,893
2022-04-18,,,,,,47724,47710,14,132,850
2022-04-19,,,,,,118471,118443,28,130,834
2022-04-20,,,,,,111290,111274,16,166,808
2022-04-21,,,,,,90846,90811,35,147,846
2022-04-22,,,,,,81041,81022,19,206,833
2022-04-23,,,,,,75420,75385,35,151,738
2022-04-24,,,,,,64692,64655,37,109,726
2022-04-25,,,,,,34361,34322,39,110,668
2022-04-26,,,,,,80338,80313,25,82,613
2022-04-27,,,,,,76761,76722,39,141,546
2022-04-28,,,,,,57452,57427,25,122,552
2022-04-29,,,,,,50554,50523,31,136,526
2022-04-30,,,,,,43273,43255,18,70,490
2022-05-01,,,,,,37757,37720,37,81,493
2022-05-02,,,,,,20072,20045,27,83,461
2022-05-03,,,,,,51115,51071,44,49,417
2022-05-04,,,,,,49050,49016,34,72,432
2022-05-05,,,,,,42286,42258,28,79,441
2022-05-06,,,,,,26699,26671,28,48,423
2022-05-07,,,,,,39590,39563,27,83,419
2022-05-08,,,,,,40046,40030,16,71,423
2022-05-09,,,,,,20585,20569,16,40,421
2022-05-10,,,,,,49919,49896,23,62,398
2022-05-11,,,,,,43908,43871,37,29,383
2022-05-12,,,,,,35894,35880,14,63,354
2022-05-13,,,,,,32437,32423,14,52,347
2022-05-14,,,,,,29576,29550,26,55,341
2022-05-15,,,,,,25423,25397,26,48,338
2022-05-16,,,,,,13289,13262,27,35,345
2022-05-17,,,,,,35104,35078,26,27,333
2022-05-18,,,,,,31338,31303,35,31,313
2022-05-19,,,,,,28122,28108,14,40,274
2022-05-20,,,,,,25119,25097,22,43,251
2022-05-21,,,,,,23455,23443,12,26,235
2022-05-22,,,,,,19287,19262,25,54,229
2022-05-23,,,,,,9971,9953,18,22,225
2022-05-24,,,,,,26338,26295,43,19,232
2022-05-25,,,,,,23945,23924,21,23,237
2022-05-26,,,,,,18805,18772,33,34,243
2022-05-27,,,,,,16575,16528,47,40,207
2022-05-28,,,,,,14393,14348,45,36,196
2022-05-29,,,,,,12646,12620,26,19,188
2022-05-30,,,,,,6133,6086,47,9,178
2022-05-31,,,,,,17182,17139,43,9,180
2022-06-01,,,,,,15787,15740,47,21,188
2022-06-02,,,,,,9886,9853,33,15,176
2022-06-03,,,,,,12534,12499,35,17,160
2022-06-04,,,,,,12036,11994,42,9,141
2022-06-05,,,,,,9828,9781,47,20,136
2022-06-06,,,,,,5015,4998,17,21,129
2022-06-07,,,,,,6171,6135,36,20,117
2022-06-08,,,,,,13353,13292,61,6,114
2022-06-09,,,,,,12149,12083,66,18,106
2022-06-10,,,,,,9307,9258,49,18,107
2022-06-11,,,,,,8435,8372,63,10,101
2022-06-12,,,,,,7376,7296,80,20,98
2022-06-13,,,,,,3817,3761,56,17,95
2022-06-14,,,,,,9768,9726,42,2,98
2022-06-15,,,,,,9426,9322,104,9,93
2022-06-16,,,,,,7979,7893,86,8,98
2022-06-17,,,,,,7191,7122,69,9,82
2022-06-18,,,,,,6821,6744,77,11,71
2022-06-19,,,,,,6063,5980,83,14,70
2022-06-20,,,,,,3531,3437,94,10,72
2022-06-21,,,,,,9299,9226,73,12,68
2022-06-22,,,,,,8974,8872,102,11,64
2022-06-23,,,,,,7492,7401,91,14,58
2022-06-24,,,,,,7218,7105,113,10,52
2022-06-25,,,,,,6779,6666,113,18,50
2022-06-26,,,,,,6236,6100,136,6,54
2022-06-27,,,,,,3419,3308,111,3,68
2022-06-28,,,,,,9889,9770,119,5,62
2022-06-29,,,,,,10447,10243,204,7,59
2022-06-30,,,,,,9590,9445,145,10,54
2022-07-01,,,,,,9514,9376,138,8,56
2022-07-02,,,,,,10708,10536,172,7,53
2022-07-03,,,,,,10037,9851,186,8,53
2022-07-04,,,,,,6241,6080,161,4,56
2022-07-05,,,,,,18125,17961,164,2,54
2022-07-06,,,,,,19352,19126,226,7,61
2022-07-07,,,,,,18494,18297,197,10,56
2022-07-08,,,,,,19294,19107,187,12,62
2022-07-09,,,,,,20259,20040,219,19,61
2022-07-10,,,,,,20383,20136,247,19,67
2022-07-11,,,,,,12671,12500,171,18,71
2022-07-12,,,,,,37332,37081,251,7,74
2022-07-13,,,,,,40240,39856,384,12,67
2022-07-14,,,,,,39154,38831,323,16,69
2022-07-15,,,,,,38856,38596,260,16,65
2022-07-16,,,,,,41290,41015,275,16,70
2022-07-17,,,,,,40312,40018,294,14,71
2022-07-18,,,,,,26273,25957,316,11,81
2022-07-19,,,,,,73536,73190,346,12,91
2022-07-20,,,,,,76350,75931,419,12,96
2022-07-21,,,,,,71128,70816,312,17,107
2022-07-22,,,,,,68587,68269,318,31,130
2022-07-23,,,,,,68523,68228,295,30,140
2022-07-24,,,,,,65364,65051,313,18,146
2022-07-25,,,,,,35848,35512,336,17,144
2022-07-26,,,,,,99211,98861,350,17,168
2022-07-27,,,,,,100222,99690,532,25,177
2022-07-28,,,,,,88335,87919,416,25,196
2022-07-29,,,,,,85271,84841,430,35,234
2022-07-30,,,,,,81931,81541,390,35,242
2022-07-31,,,,,,73552,73206,346,20,284
2022-08-01,,,,,,44635,44194,441,21,287
2022-08-02,,,,,,111743,111179,564,16,282
2022-08-03,,,,,,119861,119273,588,26,284
2022-08-04,,,,,,107845,107418,427,34,310
2022-08-05,,,,,,112825,112339,486,47,320
2022-08-06,,,,,,110622,110053,569,45,313
2022-08-07,,,,,,105454,104975,479,27,297
2022-08-08,,,,,,55242,54768,474,29,324
2022-08-09,,,,,,149848,149268,580,40,364
2022-08-10,,,,,,151719,151113,606,50,402
2022-08-11,,,,,,137160,136654,506,59,418
2022-08-12,,,,,,128652,128195,457,58,453
2022-08-13,,,,,,124536,124070,466,67,469
2022-08-14,,,,,,119524,119073,451,57,512
2022-08-15,,,,,,62045,61654,391,50,521
2022-08-16,,,,,,84091,83632,459,37,563
2022-08-17,,,,,,180745,180183,562,42,469
2022-08-18,,,,,,178501,177872,629,61,470
2022-08-19,,,,,,138766,138303,463,83,492
2022-08-20,,,,,,129350,128862,488,84,511
2022-08-21,,,,,,110903,110508,395,64,531
2022-08-22,,,,,,59014,58612,402,65,551
2022-08-23,,,,,,150198,149705,493,52,487
2022-08-24,,,,,,139290,138836,454,63,573
2022-08-25,,,,,,113343,112975,368,108,566
2022-08-26,,,,,,101110,100755,355,81,575
2022-08-27,,,,,,95565,95172,393,86,579
2022-08-28,,,,,,85230,84866,364,70,581
2022-08-29,,,,,,43110,42754,356,49,597
2022-08-30,,,,,,115610,115229,381,71,591
2022-08-31,,,,,,103913,103456,457,75,569
2022-09-01,,,,,,81553,81256,297,112,555
2022-09-02,,,,,,89552,89229,323,64,508
2022-09-03,,,,,,79710,79388,322,74,520
2022-09-04,,,,,,72112,71875,237,79,548
2022-09-05,,,,,,37524,37244,280,56,562
2022-09-06,,,,,,99813,99535,278,44,536
2022-09-07,,,,,,85504,85169,335,56,521
2022-09-08,,,,,,72620,72401,219,64,493
2022-09-09,,,,,,69391,69116,275,68,504
2022-09-10,,,,,,42694,42461,233,48,525
2022-09-11,,,,,,28193,27967,226,47,532
2022-09-12,,,,,,36917,36715,202,22,553
2022-09-13,,,,,,57276,57009,267,35,547
2022-09-14,,,,,,93949,93637,312,60,507
2022-09-15,,,,,,71444,71098,346,72,491
2022-09-16,,,,,,51848,51506,342,60,516
2022-09-17,,,,,,43430,43153,277,57,477
2022-09-18,,,,,,34735,34499,236,46,489
2022-09-19,,,,,,19382,19103,279,39,508
2022-09-20,,,,,,47889,47575,314,24,497
2022-09-21,,,,,,41264,40942,322,59,494
2022-09-22,,,,,,32990,32735,255,59,428
2022-09-23,,,,,,29091,28790,301,68,399
2022-09-24,,,,,,29330,29034,296,63,418
2022-09-25,,,,,,25766,25521,245,73,416
2022-09-26,,,,,,14152,13936,216,33,427
2022-09-27,,,,,,39401,39099,302,26,401
2022-09-28,,,,,,36131,35756,375,46,375
2022-09-29,,,,,,30857,30611,246,46,363
2022-09-30,,,,,,28487,28213,274,42,352
2022-10-01,,,,,,26946,26649,297,39,356
2022-10-02,,,,,,23575,23334,241,44,353
2022-10-03,,,,,,12142,12011,131,20,361
2022-10-04,,,,,,16413,16307,106,19,353
2022-10-05,,,,,,34725,34656,69,16,333
2022-10-06,,,,,,28634,28552,82,29,325
2022-10-07,,,,,,22286,22232,54,41,329
2022-10-08,,,,,,19421,19361,60,32,287
2022-10-09,,,,,,17646,17585,61,29,305
2022-10-10,,,,,,8974,8927,47,23,311
2022-10-11,,,,,,15465,15370,95,10,313
2022-10-12,,,,,,30516,30446,70,15,263
2022-10-13,,,,,,26936,26869,67,25,266
2022-10-14,,,,,,23572,23512,60,35,237
2022-10-15,,,,,,22829,22776,53,25,245
2022-10-16,,,,,,21454,21367,87,32,247
2022-10-17,,,,,,11024,10943,81,10,248
2022-10-18,,,,,,33218,33131,87,6,247
2022-10-19,,,,,,29492,29420,72,43,243
2022-10-20,,,,,,25375,25322,53,23,249
2022-10-21,,,,,,24731,24673,58,30,233
2022-10-22,,,,,,26892,26844,48,22,196
2022-10-23,,,,,,26234,26168,66,16,212
2022-10-24,,,,,,14296,14242,54,10,226
2022-10-25,,,,,,43738,43666,72,17,225
2022-10-26,,,,,,40816,40736,80,26,242
2022-10-27,,,,,,34974,34919,55,26,242
2022-10-28,,,,,,35913,35853,60,30,252
2022-10-29,,,,,,37310,37254,56,31,270
2022-10-30,,,,,,34491,34445,46,27,272
2022-10-31,,,,,,18503,18447,56,18,288
2022-11-01,,,,,,58360,58292,68,33,288
2022-11-02,,,,,,54733,54656,77,30,303
2022-11-03,,,,,,46880,46825,55,41,290
2022-11-04,,,,,,43436,43386,50,35,304
2022-11-05,,,,,,40894,40838,56,41,314
2022-11-06,,,,,,36665,36599,66,18,346
2022-11-07,,,,,,18665,18605,60,18,365
2022-11-08,,,,,,62259,62207,52,30,360
2022-11-09,,,,,,62466,62424,42,59,336
2022-11-10,,,,,,55348,55298,50,52,323
2022-11-11,,,,,,54498,54449,49,40,345
2022-11-12,,,,,,54309,54251,58,46,371
2022-11-13,,,,,,48442,48389,53,48,396
2022-11-14,,,,,,23748,23694,54,44,413
2022-11-15,,,,,,72864,72814,50,39,412
2022-11-16,,,,,,66567,66500,67,47,411
2022-11-17,,,,,,55418,55379,39,67,380
2022-11-18,,,,,,49399,49333,66,63,365
2022-11-19,,,,,,50568,50518,50,65,419
2022-11-20,,,,,,45998,45940,58,41,451
2022-11-21,26581856,26510985,70871,30066,,23077,23016,61,35,465
2022-11-22,,,,,,72860,72779,81,45,461
2022-11-23,,,,,,70306,70237,69,53,477
2022-11-24,26784142,26713066,71076,30223,,59082,59027,55,59,437
2022-11-25,,,,,,53698,53659,39,55,453
2022-11-26,,,,,,52788,52726,62,52,478
2022-11-27,,,,,,47028,46958,70,39,481
2022-11-28,,,,,,22327,22274,53,44,491
2022-11-29,,,,,,71476,71392,84,41,491
2022-11-30,27098734,27027265,71469,30506,,67415,67330,85,52,472
2022-12-01,,,,,,57069,57026,43,62,430
2022-12-02,,,,,,52987,52932,55,53,460
2022-12-03,,,,,,52861,52806,55,48,442
2022-12-04,,,,,,46564,46495,69,60,460
2022-12-05,,,,,,23160,23080,80,40,458
2022-12-06,,,,,,77604,77520,84,24,443
2022-12-07,,,,,,74714,74654,60,54,441
2022-12-08,27548821,27476860,71961,30908,,65253,65205,48,61,435
2022-12-09,,,,,,62734,62684,50,67,442
2022-12-10,,,,,,62738,62677,61,54,428
2022-12-11,,,,,,54319,54267,52,40,440
2022-12-12,,,,,,25667,25604,63,30,478
2022-12-13,,,,,,86852,86797,55,29,460
2022-12-14,,,,,,84571,84498,73,46,463
2022-12-15,,,,,,70154,70116,38,58,465
2022-12-16,28062679,27990248,72431,31298,,66953,66871,82,66,474
2022-12-17,,,,,,66914,66857,57,55,468
2022-12-18,,,,,,58838,58753,85,42,520
2022-12-19,,,,,,26608,26527,81,39,535
2022-12-20,,,,,,87536,87463,73,56,519
2022-12-21,,,,,,88160,88091,69,59,512
2022-12-22,,,,,,75729,75656,73,62,547
2022-12-23,,,,,,68168,68073,95,63,530
2022-12-24,,,,,,66211,66145,66,70,534
2022-12-25,,,,,,58448,58384,64,46,592
2022-12-26,,,,,,25545,25478,67,42,583
2022-12-27,,,,,,87596,87530,66,50,592
2022-12-28,,,,,,87517,87461,56,69,587
2022-12-29,28931140,28857785,73355,32027,,71427,71355,72,76,590
2022-12-30,,,,,,65201,65132,69,68,562
2022-12-31,,,,,,63096,63029,67,61,557
2023-01-01,,,,,,57501,57391,110,63,636
2023-01-02,,,,,,22724,22688,36,53,637
2023-01-03,,,,,,81039,80978,61,29,620
2023-01-04,,,,,,78554,78392,162,54,623
2023-01-05,,,,,,64094,63901,193,66,571
2023-01-06,,,,,,56954,56696,258,75,548
2023-01-07,,,,,,53807,53588,219,60,544
2023-01-08,,,,,,46766,46634,132,34,526
2023-01-09,,,,,,19106,18997,109,35,532
2023-01-10,,,,,,60041,59954,87,44,541
2023-01-11,29654090,29579114,74976,32745,,54343,54223,120,76,540
2023-01-12,,,,,,43949,43816,133,71,510
2023-01-13,,,,,,39726,39589,137,51,511
2023-01-14,,,,,,36699,36600,99,45,505
2023-01-15,,,,,,32570,32466,104,37,499
2023-01-16,,,,,,14144,14080,64,35,510
2023-01-17,,,,,,40199,40104,95,30,503
2023-01-18,29898142,29822455,75687,33057,,36908,36828,80,43,490
2023-01-19,,,,,,29806,29744,62,47,465
2023-01-20,,,,,,27408,27314,94,30,453
2023-01-21,,,,,,27654,27569,85,51,436
2023-01-22,,,,,,16624,16554,70,24,460
2023-01-23,,,,,,9227,9167,60,26,450
2023-01-24,30021018,29944933,76085,33245,,12262,12231,31,10,468
2023-01-25,,,,,,19527,19499,28,25,482
2023-01-26,,,,,,35086,35055,31,26,489
2023-01-27,,,,,,31711,31662,49,36,481
2023-01-28,,,,,,23612,23564,48,29,410
2023-01-29,,,,,,18871,18834,37,29,420
2023-01-30,,,,,,7416,7394,22,30,402
2023-01-31,30176646,30100321,76325,33444,,19629,19598,31,24,387
2023-02-01,,,,,,20414,20386,28,42,359
2023-02-02,,,,,,16856,16812,44,36,345
2023-02-03,,,,,,14961,14933,28,30,339
2023-02-04,,,,,,14624,14583,41,22,325
2023-02-05,,,,,,14018,13984,34,22,313
2023-02-06,,,,,,5850,5830,20,18,289
2023-02-07,30279381,30202849,76532,33624,,16120,16091,29,10,293
2023-02-08,,,,,,17927,17889,38,22,283
2023-02-09,,,,,,14662,14649,13,34,293
2023-02-10,,,,,,13504,13466,38,17,287
2023-02-11,,,,,,12805,12781,24,16,284
2023-02-12,,,,,,12051,12022,29,23,268
2023-02-13,,,,,,5174,5158,16,11,263
2023-02-14,30369744,30293034,76710,33758,,14371,14345,26,11,245
2023-02-15,,,,,,14949,14930,19,24,228
2023-02-16,,,,,,12515,12491,24,22,217
2023-02-17,,,,,,11436,11412,24,28,216
2023-02-18,,,,,,10718,10692,26,12,213
2023-02-19,,,,,,10274,10251,23,12,205
2023-02-20,,,,,,4324,4311,13,9,197
2023-02-21,30445775,30368913,76862,33873,,11880,11855,25,8,195
2023-02-22,,,,,,13076,13044,32,14,186
2023-02-23,,,,,,10843,10815,28,22,180
2023-02-24,,,,,,10051,10025,26,20,183
2023-02-25,,,,,,10055,10026,29,11,181
2023-02-26,,,,,,9212,9195,17,6,168
2023-02-27,,,,,,4026,4011,15,15,168
2023-02-28,30513721,30436722,76999,33977,,10817,10787,30,16,164
2023-03-01,,,,,,12288,12264,24,11,145
2023-03-02,,,,,,7555,7532,23,15,129
2023-03-03,,,,,,10408,10388,20,11,135
2023-03-04,,,,,,11246,11225,21,6,143
2023-03-05,,,,,,9813,9798,15,5,148
2023-03-06,,,,,,4300,4280,20,9,145
2023-03-07,,,,,,12284,12265,19,15,158
2023-03-08,30594297,30517144,77153,34061,,12798,12786,12,12,139
2023-03-09,,,,,,10885,10878,7,20,143
2023-03-10,,,,,,10335,10325,10,12,146
2023-03-11,,,,,,10009,9994,15,3,146
2023-03-12,,,,,,9342,9329,13,7,146
2023-03-13,,,,,,4198,4186,12,12,142
2023-03-14,30650330,30573116,77214,34121,,11401,11390,11,6,152
2023-03-15,,,,,,11893,11872,21,10,147
2023-03-16,,,,,,9931,9920,11,17,146
2023-03-17,,,,,,9063,9052,11,7,140
2023-03-18,,,,,,9249,9233,16,4,129
2023-03-19,,,,,,8801,8789,12,3,124
2023-03-20,,,,,,3924,3912,12,9,122
2023-03-21,30703191,30625894,77297,34171,,12009,11992,17,7,128
2023-03-22,,,,,,13075,13052,23,9,131
2023-03-23,,,,,,11395,11374,21,14,133
2023-03-24,,,,,,10277,10263,14,10,144
2023-03-25,,,,,,10446,10429,17,6,153
2023-03-26,,,,,,9354,9333,21,3,149
2023-03-27,30757738,30680345,77393,34213,,4200,4191,9,3,153
2023-03-28,,,,,,12124,12110,14,8,151
2023-03-29,,,,,,13127,13112,15,14,150
2023-03-30,,,,,,11032,11018,14,10,143
2023-03-31,,,,,,10368,10350,18,10,139
2023-04-01,,,,,,10523,10511,12,5,142
2023-04-02,,,,,,9724,9706,18,4,131
2023-04-03,30843900,30766455,77445,34281,,4349,4331,18,7,136
